<?xml version="1.0" encoding="UTF-8"?>
<gpx creator="elnino fit_to_gpx_match" version="1.1"
  xsi:schemaLocation="http://www.topografix.com/GPX/1/1 http://www.topografix.com/GPX/11.xsd"
  xmlns:ns3="http://www.garmin.com/xmlschemas/TrackPointExtension/v1"
  xmlns="http://www.topografix.com/GPX/1/1"
  xmlns:xsi="http://www.w3.org/2001/XMLSchema-instance">
  <metadata>
    <time>2016-12-16T05:07:03.000Z</time>
  </metadata>
  <trk>
    <name>Train</name>
    <type>cycling</type>
    <trkseg>
      <trkpt lat="31.950940238" lon="34.955749428">
        <ele>172.20</ele>
        <time>2016-12-16T05:07:19.000Z</time>
        <extensions>
          <ns3:TrackPointExtension>
            <ns3:atemp>10.0</ns3:atemp>
          </ns3:TrackPointExtension>
        </extensions>
      </trkpt>
      <trkpt lat="31.950940741" lon="34.955740627">
        <ele>172.20</ele>
        <time>2016-12-16T05:07:20.000Z</time>
        <extensions>
          <ns3:TrackPointExtension>
            <ns3:atemp>10.0</ns3:atemp>
          </ns3:TrackPointExtension>
        </extensions>
      </trkpt>
      <trkpt lat="31.950979298" lon="34.955655970">
        <ele>172.40</ele>
        <time>2016-12-16T05:07:28.000Z</time>
        <extensions>
          <ns3:TrackPointExtension>
            <ns3:atemp>11.0</ns3:atemp>
          </ns3:TrackPointExtension>
        </extensions>
      </trkpt>
      <trkpt lat="31.950980639" lon="34.955608109">
        <ele>172.20</ele>
        <time>2016-12-16T05:07:36.000Z</time>
        <extensions>
          <ns3:TrackPointExtension>
            <ns3:atemp>11.0</ns3:atemp>
          </ns3:TrackPointExtension>
        </extensions>
      </trkpt>
      <trkpt lat="31.950986171" lon="34.955601823">
        <ele>172.20</ele>
        <time>2016-12-16T05:07:39.000Z</time>
        <extensions>
          <ns3:TrackPointExtension>
            <ns3:atemp>11.0</ns3:atemp>
          </ns3:TrackPointExtension>
        </extensions>
      </trkpt>
      <trkpt lat="31.950985752" lon="34.955602493">
        <ele>172.20</ele>
        <time>2016-12-16T05:07:40.000Z</time>
        <extensions>
          <ns3:TrackPointExtension>
            <ns3:atemp>11.0</ns3:atemp>
          </ns3:TrackPointExtension>
        </extensions>
      </trkpt>
      <trkpt lat="31.950985333" lon="34.955602493">
        <ele>172.00</ele>
        <time>2016-12-16T05:07:41.000Z</time>
        <extensions>
          <ns3:TrackPointExtension>
            <ns3:atemp>11.0</ns3:atemp>
          </ns3:TrackPointExtension>
        </extensions>
      </trkpt>
      <trkpt lat="31.950986171" lon="34.955601906">
        <ele>172.20</ele>
        <time>2016-12-16T05:07:42.000Z</time>
        <extensions>
          <ns3:TrackPointExtension>
            <ns3:atemp>11.0</ns3:atemp>
          </ns3:TrackPointExtension>
        </extensions>
      </trkpt>
      <trkpt lat="31.950988602" lon="34.955596542">
        <ele>172.00</ele>
        <time>2016-12-16T05:07:43.000Z</time>
        <extensions>
          <ns3:TrackPointExtension>
            <ns3:atemp>11.0</ns3:atemp>
          </ns3:TrackPointExtension>
        </extensions>
      </trkpt>
      <trkpt lat="31.950993128" lon="34.955589753">
        <ele>172.00</ele>
        <time>2016-12-16T05:07:44.000Z</time>
        <extensions>
          <ns3:TrackPointExtension>
            <ns3:atemp>11.0</ns3:atemp>
          </ns3:TrackPointExtension>
        </extensions>
      </trkpt>
      <trkpt lat="31.950996984" lon="34.955580700">
        <ele>172.20</ele>
        <time>2016-12-16T05:07:45.000Z</time>
        <extensions>
          <ns3:TrackPointExtension>
            <ns3:atemp>11.0</ns3:atemp>
          </ns3:TrackPointExtension>
        </extensions>
      </trkpt>
      <trkpt lat="31.950998828" lon="34.955570139">
        <ele>172.00</ele>
        <time>2016-12-16T05:07:46.000Z</time>
        <extensions>
          <ns3:TrackPointExtension>
            <ns3:atemp>11.0</ns3:atemp>
          </ns3:TrackPointExtension>
        </extensions>
      </trkpt>
      <trkpt lat="31.951004108" lon="34.955559578">
        <ele>172.00</ele>
        <time>2016-12-16T05:07:47.000Z</time>
        <extensions>
          <ns3:TrackPointExtension>
            <ns3:atemp>11.0</ns3:atemp>
          </ns3:TrackPointExtension>
        </extensions>
      </trkpt>
      <trkpt lat="31.951009557" lon="34.955545580">
        <ele>172.00</ele>
        <time>2016-12-16T05:07:48.000Z</time>
        <extensions>
          <ns3:TrackPointExtension>
            <ns3:atemp>11.0</ns3:atemp>
          </ns3:TrackPointExtension>
        </extensions>
      </trkpt>
      <trkpt lat="31.951012574" lon="34.955530744">
        <ele>171.80</ele>
        <time>2016-12-16T05:07:49.000Z</time>
        <extensions>
          <ns3:TrackPointExtension>
            <ns3:atemp>11.0</ns3:atemp>
          </ns3:TrackPointExtension>
        </extensions>
      </trkpt>
      <trkpt lat="31.951022130" lon="34.955512555">
        <ele>172.00</ele>
        <time>2016-12-16T05:07:50.000Z</time>
        <extensions>
          <ns3:TrackPointExtension>
            <ns3:atemp>11.0</ns3:atemp>
          </ns3:TrackPointExtension>
        </extensions>
      </trkpt>
      <trkpt lat="31.950977538" lon="34.955465868">
        <ele>172.00</ele>
        <time>2016-12-16T05:07:53.000Z</time>
        <extensions>
          <ns3:TrackPointExtension>
            <ns3:atemp>11.0</ns3:atemp>
          </ns3:TrackPointExtension>
        </extensions>
      </trkpt>
      <trkpt lat="31.950977538" lon="34.955465868">
        <ele>172.00</ele>
        <time>2016-12-16T05:07:54.000Z</time>
        <extensions>
          <ns3:TrackPointExtension>
            <ns3:atemp>11.0</ns3:atemp>
          </ns3:TrackPointExtension>
        </extensions>
      </trkpt>
      <trkpt lat="31.951002935" lon="34.955416415">
        <ele>172.00</ele>
        <time>2016-12-16T05:07:55.000Z</time>
        <extensions>
          <ns3:TrackPointExtension>
            <ns3:atemp>11.0</ns3:atemp>
          </ns3:TrackPointExtension>
        </extensions>
      </trkpt>
      <trkpt lat="31.950987848" lon="34.955403088">
        <ele>171.80</ele>
        <time>2016-12-16T05:07:57.000Z</time>
        <extensions>
          <ns3:TrackPointExtension>
            <ns3:atemp>11.0</ns3:atemp>
          </ns3:TrackPointExtension>
        </extensions>
      </trkpt>
      <trkpt lat="31.950985165" lon="34.955420690">
        <ele>172.00</ele>
        <time>2016-12-16T05:07:58.000Z</time>
        <extensions>
          <ns3:TrackPointExtension>
            <ns3:atemp>11.0</ns3:atemp>
          </ns3:TrackPointExtension>
        </extensions>
      </trkpt>
      <trkpt lat="31.950947614" lon="34.955420019">
        <ele>171.80</ele>
        <time>2016-12-16T05:08:00.000Z</time>
        <extensions>
          <ns3:TrackPointExtension>
            <ns3:atemp>11.0</ns3:atemp>
          </ns3:TrackPointExtension>
        </extensions>
      </trkpt>
      <trkpt lat="31.950911740" lon="34.955423623">
        <ele>172.00</ele>
        <time>2016-12-16T05:08:02.000Z</time>
        <extensions>
          <ns3:TrackPointExtension>
            <ns3:atemp>11.0</ns3:atemp>
          </ns3:TrackPointExtension>
        </extensions>
      </trkpt>
      <trkpt lat="31.950785089" lon="34.955402166">
        <ele>172.00</ele>
        <time>2016-12-16T05:08:09.000Z</time>
        <extensions>
          <ns3:TrackPointExtension>
            <ns3:atemp>11.0</ns3:atemp>
          </ns3:TrackPointExtension>
        </extensions>
      </trkpt>
      <trkpt lat="31.950788023" lon="34.955406860">
        <ele>172.20</ele>
        <time>2016-12-16T05:08:11.000Z</time>
        <extensions>
          <ns3:TrackPointExtension>
            <ns3:atemp>11.0</ns3:atemp>
          </ns3:TrackPointExtension>
        </extensions>
      </trkpt>
      <trkpt lat="31.950799422" lon="34.955401914">
        <ele>172.40</ele>
        <time>2016-12-16T05:08:17.000Z</time>
        <extensions>
          <ns3:TrackPointExtension>
            <ns3:atemp>11.0</ns3:atemp>
          </ns3:TrackPointExtension>
        </extensions>
      </trkpt>
      <trkpt lat="31.950785760" lon="34.955398645">
        <ele>172.40</ele>
        <time>2016-12-16T05:08:19.000Z</time>
        <extensions>
          <ns3:TrackPointExtension>
            <ns3:atemp>11.0</ns3:atemp>
          </ns3:TrackPointExtension>
        </extensions>
      </trkpt>
      <trkpt lat="31.950775618" lon="34.955397723">
        <ele>172.40</ele>
        <time>2016-12-16T05:08:20.000Z</time>
        <extensions>
          <ns3:TrackPointExtension>
            <ns3:atemp>11.0</ns3:atemp>
          </ns3:TrackPointExtension>
        </extensions>
      </trkpt>
      <trkpt lat="31.950765140" lon="34.955395376">
        <ele>172.40</ele>
        <time>2016-12-16T05:08:21.000Z</time>
        <extensions>
          <ns3:TrackPointExtension>
            <ns3:atemp>11.0</ns3:atemp>
          </ns3:TrackPointExtension>
        </extensions>
      </trkpt>
      <trkpt lat="31.950738486" lon="34.955381881">
        <ele>172.40</ele>
        <time>2016-12-16T05:08:23.000Z</time>
        <extensions>
          <ns3:TrackPointExtension>
            <ns3:atemp>11.0</ns3:atemp>
          </ns3:TrackPointExtension>
        </extensions>
      </trkpt>
      <trkpt lat="31.950710071" lon="34.955359083">
        <ele>172.40</ele>
        <time>2016-12-16T05:08:25.000Z</time>
        <extensions>
          <ns3:TrackPointExtension>
            <ns3:atemp>11.0</ns3:atemp>
          </ns3:TrackPointExtension>
        </extensions>
      </trkpt>
      <trkpt lat="31.950693727" lon="34.955342822">
        <ele>172.40</ele>
        <time>2016-12-16T05:08:26.000Z</time>
        <extensions>
          <ns3:TrackPointExtension>
            <ns3:atemp>11.0</ns3:atemp>
          </ns3:TrackPointExtension>
        </extensions>
      </trkpt>
      <trkpt lat="31.950678555" lon="34.955326729">
        <ele>172.40</ele>
        <time>2016-12-16T05:08:27.000Z</time>
        <extensions>
          <ns3:TrackPointExtension>
            <ns3:atemp>11.0</ns3:atemp>
          </ns3:TrackPointExtension>
        </extensions>
      </trkpt>
      <trkpt lat="31.950660786" lon="34.955317676">
        <ele>172.20</ele>
        <time>2016-12-16T05:08:28.000Z</time>
        <extensions>
          <ns3:TrackPointExtension>
            <ns3:atemp>11.0</ns3:atemp>
          </ns3:TrackPointExtension>
        </extensions>
      </trkpt>
      <trkpt lat="31.950644944" lon="34.955304516">
        <ele>172.40</ele>
        <time>2016-12-16T05:08:29.000Z</time>
        <extensions>
          <ns3:TrackPointExtension>
            <ns3:atemp>11.0</ns3:atemp>
          </ns3:TrackPointExtension>
        </extensions>
      </trkpt>
      <trkpt lat="31.950636478" lon="34.955282221">
        <ele>172.40</ele>
        <time>2016-12-16T05:08:30.000Z</time>
        <extensions>
          <ns3:TrackPointExtension>
            <ns3:atemp>11.0</ns3:atemp>
          </ns3:TrackPointExtension>
        </extensions>
      </trkpt>
      <trkpt lat="31.950636562" lon="34.955253555">
        <ele>172.40</ele>
        <time>2016-12-16T05:08:31.000Z</time>
        <extensions>
          <ns3:TrackPointExtension>
            <ns3:atemp>11.0</ns3:atemp>
          </ns3:TrackPointExtension>
        </extensions>
      </trkpt>
      <trkpt lat="31.950641172" lon="34.955217345">
        <ele>172.20</ele>
        <time>2016-12-16T05:08:32.000Z</time>
        <extensions>
          <ns3:TrackPointExtension>
            <ns3:atemp>11.0</ns3:atemp>
          </ns3:TrackPointExtension>
        </extensions>
      </trkpt>
      <trkpt lat="31.950643687" lon="34.955131263">
        <ele>172.20</ele>
        <time>2016-12-16T05:08:34.000Z</time>
        <extensions>
          <ns3:TrackPointExtension>
            <ns3:atemp>11.0</ns3:atemp>
          </ns3:TrackPointExtension>
        </extensions>
      </trkpt>
      <trkpt lat="31.950646453" lon="34.954988183">
        <ele>172.20</ele>
        <time>2016-12-16T05:08:37.000Z</time>
        <extensions>
          <ns3:TrackPointExtension>
            <ns3:atemp>11.0</ns3:atemp>
          </ns3:TrackPointExtension>
        </extensions>
      </trkpt>
      <trkpt lat="31.950658439" lon="34.954832364">
        <ele>172.00</ele>
        <time>2016-12-16T05:08:40.000Z</time>
        <extensions>
          <ns3:TrackPointExtension>
            <ns3:atemp>11.0</ns3:atemp>
          </ns3:TrackPointExtension>
        </extensions>
      </trkpt>
      <trkpt lat="31.950675035" lon="34.954712586">
        <ele>171.80</ele>
        <time>2016-12-16T05:08:42.000Z</time>
        <extensions>
          <ns3:TrackPointExtension>
            <ns3:atemp>11.0</ns3:atemp>
          </ns3:TrackPointExtension>
        </extensions>
      </trkpt>
      <trkpt lat="31.950763129" lon="34.954438247">
        <ele>171.20</ele>
        <time>2016-12-16T05:08:46.000Z</time>
        <extensions>
          <ns3:TrackPointExtension>
            <ns3:atemp>11.0</ns3:atemp>
          </ns3:TrackPointExtension>
        </extensions>
      </trkpt>
      <trkpt lat="31.950962534" lon="34.954172792">
        <ele>170.60</ele>
        <time>2016-12-16T05:08:50.000Z</time>
        <extensions>
          <ns3:TrackPointExtension>
            <ns3:atemp>11.0</ns3:atemp>
          </ns3:TrackPointExtension>
        </extensions>
      </trkpt>
      <trkpt lat="31.951250955" lon="34.954024348">
        <ele>169.40</ele>
        <time>2016-12-16T05:08:54.000Z</time>
        <extensions>
          <ns3:TrackPointExtension>
            <ns3:atemp>11.0</ns3:atemp>
          </ns3:TrackPointExtension>
        </extensions>
      </trkpt>
      <trkpt lat="31.951563014" lon="34.954006663">
        <ele>167.60</ele>
        <time>2016-12-16T05:08:58.000Z</time>
        <extensions>
          <ns3:TrackPointExtension>
            <ns3:atemp>11.0</ns3:atemp>
          </ns3:TrackPointExtension>
        </extensions>
      </trkpt>
      <trkpt lat="31.951644402" lon="34.954019152">
        <ele>167.20</ele>
        <time>2016-12-16T05:08:59.000Z</time>
        <extensions>
          <ns3:TrackPointExtension>
            <ns3:atemp>11.0</ns3:atemp>
          </ns3:TrackPointExtension>
        </extensions>
      </trkpt>
      <trkpt lat="31.951723946" lon="34.954038095">
        <ele>166.40</ele>
        <time>2016-12-16T05:09:00.000Z</time>
        <extensions>
          <ns3:TrackPointExtension>
            <ns3:atemp>11.0</ns3:atemp>
          </ns3:TrackPointExtension>
        </extensions>
      </trkpt>
      <trkpt lat="31.951799802" lon="34.954070533">
        <ele>165.60</ele>
        <time>2016-12-16T05:09:01.000Z</time>
        <extensions>
          <ns3:TrackPointExtension>
            <ns3:atemp>11.0</ns3:atemp>
          </ns3:TrackPointExtension>
        </extensions>
      </trkpt>
      <trkpt lat="31.951866858" lon="34.954115795">
        <ele>165.20</ele>
        <time>2016-12-16T05:09:02.000Z</time>
        <extensions>
          <ns3:TrackPointExtension>
            <ns3:atemp>11.0</ns3:atemp>
          </ns3:TrackPointExtension>
        </extensions>
      </trkpt>
      <trkpt lat="31.951932153" lon="34.954160638">
        <ele>164.60</ele>
        <time>2016-12-16T05:09:03.000Z</time>
        <extensions>
          <ns3:TrackPointExtension>
            <ns3:atemp>11.0</ns3:atemp>
          </ns3:TrackPointExtension>
        </extensions>
      </trkpt>
      <trkpt lat="31.951997448" lon="34.954200536">
        <ele>163.20</ele>
        <time>2016-12-16T05:09:04.000Z</time>
        <extensions>
          <ns3:TrackPointExtension>
            <ns3:atemp>11.0</ns3:atemp>
          </ns3:TrackPointExtension>
        </extensions>
      </trkpt>
      <trkpt lat="31.952208336" lon="34.954296425">
        <ele>162.00</ele>
        <time>2016-12-16T05:09:07.000Z</time>
        <extensions>
          <ns3:TrackPointExtension>
            <ns3:atemp>11.0</ns3:atemp>
          </ns3:TrackPointExtension>
        </extensions>
      </trkpt>
      <trkpt lat="31.952281678" lon="34.954327857">
        <ele>161.80</ele>
        <time>2016-12-16T05:09:08.000Z</time>
        <extensions>
          <ns3:TrackPointExtension>
            <ns3:atemp>11.0</ns3:atemp>
          </ns3:TrackPointExtension>
        </extensions>
      </trkpt>
      <trkpt lat="31.952596251" lon="34.954469763">
        <ele>161.00</ele>
        <time>2016-12-16T05:09:13.000Z</time>
        <extensions>
          <ns3:TrackPointExtension>
            <ns3:atemp>11.0</ns3:atemp>
          </ns3:TrackPointExtension>
        </extensions>
      </trkpt>
      <trkpt lat="31.952807391" lon="34.954590295">
        <ele>160.80</ele>
        <time>2016-12-16T05:09:17.000Z</time>
        <extensions>
          <ns3:TrackPointExtension>
            <ns3:atemp>11.0</ns3:atemp>
          </ns3:TrackPointExtension>
        </extensions>
      </trkpt>
      <trkpt lat="31.952894898" lon="34.954667240">
        <ele>160.40</ele>
        <time>2016-12-16T05:09:19.000Z</time>
        <extensions>
          <ns3:TrackPointExtension>
            <ns3:atemp>11.0</ns3:atemp>
          </ns3:TrackPointExtension>
        </extensions>
      </trkpt>
      <trkpt lat="31.953088772" lon="34.954932025">
        <ele>160.00</ele>
        <time>2016-12-16T05:09:25.000Z</time>
        <extensions>
          <ns3:TrackPointExtension>
            <ns3:atemp>11.0</ns3:atemp>
          </ns3:TrackPointExtension>
        </extensions>
      </trkpt>
      <trkpt lat="31.953184661" lon="34.955050210">
        <ele>159.80</ele>
        <time>2016-12-16T05:09:30.000Z</time>
        <extensions>
          <ns3:TrackPointExtension>
            <ns3:atemp>11.0</ns3:atemp>
          </ns3:TrackPointExtension>
        </extensions>
      </trkpt>
      <trkpt lat="31.953207543" lon="34.955067392">
        <ele>160.00</ele>
        <time>2016-12-16T05:09:32.000Z</time>
        <extensions>
          <ns3:TrackPointExtension>
            <ns3:atemp>11.0</ns3:atemp>
          </ns3:TrackPointExtension>
        </extensions>
      </trkpt>
      <trkpt lat="31.953229923" lon="34.955113325">
        <ele>160.00</ele>
        <time>2016-12-16T05:09:36.000Z</time>
        <extensions>
          <ns3:TrackPointExtension>
            <ns3:atemp>10.0</ns3:atemp>
          </ns3:TrackPointExtension>
        </extensions>
      </trkpt>
      <trkpt lat="31.953236964" lon="34.955124641">
        <ele>160.00</ele>
        <time>2016-12-16T05:09:37.000Z</time>
        <extensions>
          <ns3:TrackPointExtension>
            <ns3:atemp>10.0</ns3:atemp>
          </ns3:TrackPointExtension>
        </extensions>
      </trkpt>
      <trkpt lat="31.953261187" lon="34.955151463">
        <ele>160.60</ele>
        <time>2016-12-16T05:09:40.000Z</time>
        <extensions>
          <ns3:TrackPointExtension>
            <ns3:atemp>10.0</ns3:atemp>
          </ns3:TrackPointExtension>
        </extensions>
      </trkpt>
      <trkpt lat="31.953289015" lon="34.955169987">
        <ele>160.80</ele>
        <time>2016-12-16T05:09:43.000Z</time>
        <extensions>
          <ns3:TrackPointExtension>
            <ns3:atemp>10.0</ns3:atemp>
          </ns3:TrackPointExtension>
        </extensions>
      </trkpt>
      <trkpt lat="31.953301756" lon="34.955169903">
        <ele>160.80</ele>
        <time>2016-12-16T05:09:44.000Z</time>
        <extensions>
          <ns3:TrackPointExtension>
            <ns3:atemp>10.0</ns3:atemp>
          </ns3:TrackPointExtension>
        </extensions>
      </trkpt>
      <trkpt lat="31.953317262" lon="34.955166634">
        <ele>160.80</ele>
        <time>2016-12-16T05:09:45.000Z</time>
        <extensions>
          <ns3:TrackPointExtension>
            <ns3:atemp>10.0</ns3:atemp>
          </ns3:TrackPointExtension>
        </extensions>
      </trkpt>
      <trkpt lat="31.953387335" lon="34.955189684">
        <ele>160.80</ele>
        <time>2016-12-16T05:09:49.000Z</time>
        <extensions>
          <ns3:TrackPointExtension>
            <ns3:atemp>10.0</ns3:atemp>
          </ns3:TrackPointExtension>
        </extensions>
      </trkpt>
      <trkpt lat="31.953368895" lon="34.955221787">
        <ele>161.00</ele>
        <time>2016-12-16T05:09:52.000Z</time>
        <extensions>
          <ns3:TrackPointExtension>
            <ns3:atemp>10.0</ns3:atemp>
          </ns3:TrackPointExtension>
        </extensions>
      </trkpt>
      <trkpt lat="31.953308880" lon="34.955176776">
        <ele>161.00</ele>
        <time>2016-12-16T05:09:56.000Z</time>
        <extensions>
          <ns3:TrackPointExtension>
            <ns3:atemp>10.0</ns3:atemp>
          </ns3:TrackPointExtension>
        </extensions>
      </trkpt>
      <trkpt lat="31.953294044" lon="34.955159929">
        <ele>161.00</ele>
        <time>2016-12-16T05:09:57.000Z</time>
        <extensions>
          <ns3:TrackPointExtension>
            <ns3:atemp>10.0</ns3:atemp>
          </ns3:TrackPointExtension>
        </extensions>
      </trkpt>
      <trkpt lat="31.953247776" lon="34.955072673">
        <ele>160.80</ele>
        <time>2016-12-16T05:10:02.000Z</time>
        <extensions>
          <ns3:TrackPointExtension>
            <ns3:atemp>10.0</ns3:atemp>
          </ns3:TrackPointExtension>
        </extensions>
      </trkpt>
      <trkpt lat="31.953195222" lon="34.955053646">
        <ele>161.00</ele>
        <time>2016-12-16T05:10:06.000Z</time>
        <extensions>
          <ns3:TrackPointExtension>
            <ns3:atemp>10.0</ns3:atemp>
          </ns3:TrackPointExtension>
        </extensions>
      </trkpt>
      <trkpt lat="31.953184996" lon="34.955063956">
        <ele>161.00</ele>
        <time>2016-12-16T05:10:07.000Z</time>
        <extensions>
          <ns3:TrackPointExtension>
            <ns3:atemp>10.0</ns3:atemp>
          </ns3:TrackPointExtension>
        </extensions>
      </trkpt>
      <trkpt lat="31.953202430" lon="34.955129838">
        <ele>160.80</ele>
        <time>2016-12-16T05:10:12.000Z</time>
        <extensions>
          <ns3:TrackPointExtension>
            <ns3:atemp>10.0</ns3:atemp>
          </ns3:TrackPointExtension>
        </extensions>
      </trkpt>
      <trkpt lat="31.953238891" lon="34.955149367">
        <ele>160.80</ele>
        <time>2016-12-16T05:10:15.000Z</time>
        <extensions>
          <ns3:TrackPointExtension>
            <ns3:atemp>10.0</ns3:atemp>
          </ns3:TrackPointExtension>
        </extensions>
      </trkpt>
      <trkpt lat="31.953309467" lon="34.955175351">
        <ele>161.00</ele>
        <time>2016-12-16T05:10:20.000Z</time>
        <extensions>
          <ns3:TrackPointExtension>
            <ns3:atemp>10.0</ns3:atemp>
          </ns3:TrackPointExtension>
        </extensions>
      </trkpt>
      <trkpt lat="31.953345425" lon="34.955203934">
        <ele>161.00</ele>
        <time>2016-12-16T05:10:23.000Z</time>
        <extensions>
          <ns3:TrackPointExtension>
            <ns3:atemp>10.0</ns3:atemp>
          </ns3:TrackPointExtension>
        </extensions>
      </trkpt>
      <trkpt lat="31.953363363" lon="34.955179375">
        <ele>161.00</ele>
        <time>2016-12-16T05:10:25.000Z</time>
        <extensions>
          <ns3:TrackPointExtension>
            <ns3:atemp>10.0</ns3:atemp>
          </ns3:TrackPointExtension>
        </extensions>
      </trkpt>
      <trkpt lat="31.953322878" lon="34.955124892">
        <ele>161.00</ele>
        <time>2016-12-16T05:10:29.000Z</time>
        <extensions>
          <ns3:TrackPointExtension>
            <ns3:atemp>10.0</ns3:atemp>
          </ns3:TrackPointExtension>
        </extensions>
      </trkpt>
      <trkpt lat="31.953222798" lon="34.955158923">
        <ele>161.00</ele>
        <time>2016-12-16T05:10:35.000Z</time>
        <extensions>
          <ns3:TrackPointExtension>
            <ns3:atemp>10.0</ns3:atemp>
          </ns3:TrackPointExtension>
        </extensions>
      </trkpt>
      <trkpt lat="31.953182146" lon="34.955246262">
        <ele>160.80</ele>
        <time>2016-12-16T05:10:40.000Z</time>
        <extensions>
          <ns3:TrackPointExtension>
            <ns3:atemp>10.0</ns3:atemp>
          </ns3:TrackPointExtension>
        </extensions>
      </trkpt>
      <trkpt lat="31.953221373" lon="34.955362603">
        <ele>161.00</ele>
        <time>2016-12-16T05:10:46.000Z</time>
        <extensions>
          <ns3:TrackPointExtension>
            <ns3:atemp>10.0</ns3:atemp>
          </ns3:TrackPointExtension>
        </extensions>
      </trkpt>
      <trkpt lat="31.953284405" lon="34.955465533">
        <ele>161.60</ele>
        <time>2016-12-16T05:10:52.000Z</time>
        <extensions>
          <ns3:TrackPointExtension>
            <ns3:atemp>10.0</ns3:atemp>
          </ns3:TrackPointExtension>
        </extensions>
      </trkpt>
      <trkpt lat="31.953292871" lon="34.955483973">
        <ele>161.80</ele>
        <time>2016-12-16T05:10:53.000Z</time>
        <extensions>
          <ns3:TrackPointExtension>
            <ns3:atemp>10.0</ns3:atemp>
          </ns3:TrackPointExtension>
        </extensions>
      </trkpt>
      <trkpt lat="31.953289770" lon="34.955565697">
        <ele>162.20</ele>
        <time>2016-12-16T05:10:57.000Z</time>
        <extensions>
          <ns3:TrackPointExtension>
            <ns3:atemp>10.0</ns3:atemp>
          </ns3:TrackPointExtension>
        </extensions>
      </trkpt>
      <trkpt lat="31.953313658" lon="34.955671811">
        <ele>162.60</ele>
        <time>2016-12-16T05:11:03.000Z</time>
        <extensions>
          <ns3:TrackPointExtension>
            <ns3:atemp>10.0</ns3:atemp>
          </ns3:TrackPointExtension>
        </extensions>
      </trkpt>
      <trkpt lat="31.953319609" lon="34.955681534">
        <ele>163.00</ele>
        <time>2016-12-16T05:11:04.000Z</time>
        <extensions>
          <ns3:TrackPointExtension>
            <ns3:atemp>10.0</ns3:atemp>
          </ns3:TrackPointExtension>
        </extensions>
      </trkpt>
      <trkpt lat="31.953328243" lon="34.955689162">
        <ele>163.80</ele>
        <time>2016-12-16T05:11:09.000Z</time>
        <extensions>
          <ns3:TrackPointExtension>
            <ns3:atemp>10.0</ns3:atemp>
          </ns3:TrackPointExtension>
        </extensions>
      </trkpt>
      <trkpt lat="31.953328159" lon="34.955689246">
        <ele>164.00</ele>
        <time>2016-12-16T05:11:11.000Z</time>
        <extensions>
          <ns3:TrackPointExtension>
            <ns3:atemp>10.0</ns3:atemp>
          </ns3:TrackPointExtension>
        </extensions>
      </trkpt>
      <trkpt lat="31.953336457" lon="34.955703998">
        <ele>164.20</ele>
        <time>2016-12-16T05:11:21.000Z</time>
        <extensions>
          <ns3:TrackPointExtension>
            <ns3:atemp>10.0</ns3:atemp>
          </ns3:TrackPointExtension>
        </extensions>
      </trkpt>
      <trkpt lat="31.953355735" lon="34.955715733">
        <ele>164.20</ele>
        <time>2016-12-16T05:11:23.000Z</time>
        <extensions>
          <ns3:TrackPointExtension>
            <ns3:atemp>10.0</ns3:atemp>
          </ns3:TrackPointExtension>
        </extensions>
      </trkpt>
      <trkpt lat="31.953444835" lon="34.955719756">
        <ele>164.20</ele>
        <time>2016-12-16T05:11:29.000Z</time>
        <extensions>
          <ns3:TrackPointExtension>
            <ns3:atemp>10.0</ns3:atemp>
          </ns3:TrackPointExtension>
        </extensions>
      </trkpt>
      <trkpt lat="31.953483894" lon="34.955719840">
        <ele>164.20</ele>
        <time>2016-12-16T05:11:31.000Z</time>
        <extensions>
          <ns3:TrackPointExtension>
            <ns3:atemp>10.0</ns3:atemp>
          </ns3:TrackPointExtension>
        </extensions>
      </trkpt>
      <trkpt lat="31.953512393" lon="34.955726126">
        <ele>164.40</ele>
        <time>2016-12-16T05:11:33.000Z</time>
        <extensions>
          <ns3:TrackPointExtension>
            <ns3:atemp>10.0</ns3:atemp>
          </ns3:TrackPointExtension>
        </extensions>
      </trkpt>
      <trkpt lat="31.953551034" lon="34.955732245">
        <ele>164.60</ele>
        <time>2016-12-16T05:11:36.000Z</time>
        <extensions>
          <ns3:TrackPointExtension>
            <ns3:atemp>10.0</ns3:atemp>
          </ns3:TrackPointExtension>
        </extensions>
      </trkpt>
      <trkpt lat="31.953597469" lon="34.955757810">
        <ele>164.80</ele>
        <time>2016-12-16T05:11:39.000Z</time>
        <extensions>
          <ns3:TrackPointExtension>
            <ns3:atemp>10.0</ns3:atemp>
          </ns3:TrackPointExtension>
        </extensions>
      </trkpt>
      <trkpt lat="31.953610294" lon="34.955770718">
        <ele>164.80</ele>
        <time>2016-12-16T05:11:40.000Z</time>
        <extensions>
          <ns3:TrackPointExtension>
            <ns3:atemp>10.0</ns3:atemp>
          </ns3:TrackPointExtension>
        </extensions>
      </trkpt>
      <trkpt lat="31.953652790" lon="34.955811203">
        <ele>165.00</ele>
        <time>2016-12-16T05:11:44.000Z</time>
        <extensions>
          <ns3:TrackPointExtension>
            <ns3:atemp>10.0</ns3:atemp>
          </ns3:TrackPointExtension>
        </extensions>
      </trkpt>
      <trkpt lat="31.953672487" lon="34.955818160">
        <ele>165.00</ele>
        <time>2016-12-16T05:11:46.000Z</time>
        <extensions>
          <ns3:TrackPointExtension>
            <ns3:atemp>10.0</ns3:atemp>
          </ns3:TrackPointExtension>
        </extensions>
      </trkpt>
      <trkpt lat="31.953671984" lon="34.955821931">
        <ele>165.80</ele>
        <time>2016-12-16T05:11:53.000Z</time>
        <extensions>
          <ns3:TrackPointExtension>
            <ns3:atemp>10.0</ns3:atemp>
          </ns3:TrackPointExtension>
        </extensions>
      </trkpt>
      <trkpt lat="31.953684641" lon="34.955821093">
        <ele>166.20</ele>
        <time>2016-12-16T05:12:03.000Z</time>
        <extensions>
          <ns3:TrackPointExtension>
            <ns3:atemp>10.0</ns3:atemp>
          </ns3:TrackPointExtension>
        </extensions>
      </trkpt>
      <trkpt lat="31.953706937" lon="34.955833750">
        <ele>166.00</ele>
        <time>2016-12-16T05:12:09.000Z</time>
        <extensions>
          <ns3:TrackPointExtension>
            <ns3:atemp>10.0</ns3:atemp>
          </ns3:TrackPointExtension>
        </extensions>
      </trkpt>
      <trkpt lat="31.953778937" lon="34.955848251">
        <ele>166.00</ele>
        <time>2016-12-16T05:12:16.000Z</time>
        <extensions>
          <ns3:TrackPointExtension>
            <ns3:atemp>10.0</ns3:atemp>
          </ns3:TrackPointExtension>
        </extensions>
      </trkpt>
      <trkpt lat="31.953788325" lon="34.955861494">
        <ele>166.00</ele>
        <time>2016-12-16T05:12:17.000Z</time>
        <extensions>
          <ns3:TrackPointExtension>
            <ns3:atemp>10.0</ns3:atemp>
          </ns3:TrackPointExtension>
        </extensions>
      </trkpt>
      <trkpt lat="31.953811292" lon="34.955936344">
        <ele>165.60</ele>
        <time>2016-12-16T05:12:21.000Z</time>
        <extensions>
          <ns3:TrackPointExtension>
            <ns3:atemp>10.0</ns3:atemp>
          </ns3:TrackPointExtension>
        </extensions>
      </trkpt>
      <trkpt lat="31.953820679" lon="34.955955120">
        <ele>165.60</ele>
        <time>2016-12-16T05:12:22.000Z</time>
        <extensions>
          <ns3:TrackPointExtension>
            <ns3:atemp>10.0</ns3:atemp>
          </ns3:TrackPointExtension>
        </extensions>
      </trkpt>
      <trkpt lat="31.953865187" lon="34.956079423">
        <ele>165.60</ele>
        <time>2016-12-16T05:12:28.000Z</time>
        <extensions>
          <ns3:TrackPointExtension>
            <ns3:atemp>10.0</ns3:atemp>
          </ns3:TrackPointExtension>
        </extensions>
      </trkpt>
      <trkpt lat="31.953867031" lon="34.956171457">
        <ele>166.00</ele>
        <time>2016-12-16T05:12:33.000Z</time>
        <extensions>
          <ns3:TrackPointExtension>
            <ns3:atemp>10.0</ns3:atemp>
          </ns3:TrackPointExtension>
        </extensions>
      </trkpt>
      <trkpt lat="31.953826966" lon="34.956281260">
        <ele>166.80</ele>
        <time>2016-12-16T05:12:40.000Z</time>
        <extensions>
          <ns3:TrackPointExtension>
            <ns3:atemp>10.0</ns3:atemp>
          </ns3:TrackPointExtension>
        </extensions>
      </trkpt>
      <trkpt lat="31.953790253" lon="34.956323756">
        <ele>167.00</ele>
        <time>2016-12-16T05:12:44.000Z</time>
        <extensions>
          <ns3:TrackPointExtension>
            <ns3:atemp>10.0</ns3:atemp>
          </ns3:TrackPointExtension>
        </extensions>
      </trkpt>
      <trkpt lat="31.953786649" lon="34.956331132">
        <ele>167.20</ele>
        <time>2016-12-16T05:12:45.000Z</time>
        <extensions>
          <ns3:TrackPointExtension>
            <ns3:atemp>10.0</ns3:atemp>
          </ns3:TrackPointExtension>
        </extensions>
      </trkpt>
      <trkpt lat="31.953764604" lon="34.956376227">
        <ele>167.80</ele>
        <time>2016-12-16T05:12:49.000Z</time>
        <extensions>
          <ns3:TrackPointExtension>
            <ns3:atemp>10.0</ns3:atemp>
          </ns3:TrackPointExtension>
        </extensions>
      </trkpt>
      <trkpt lat="31.953761084" lon="34.956395170">
        <ele>168.60</ele>
        <time>2016-12-16T05:12:53.000Z</time>
        <extensions>
          <ns3:TrackPointExtension>
            <ns3:atemp>10.0</ns3:atemp>
          </ns3:TrackPointExtension>
        </extensions>
      </trkpt>
      <trkpt lat="31.953756390" lon="34.956406988">
        <ele>169.00</ele>
        <time>2016-12-16T05:12:56.000Z</time>
        <extensions>
          <ns3:TrackPointExtension>
            <ns3:atemp>9.0</ns3:atemp>
          </ns3:TrackPointExtension>
        </extensions>
      </trkpt>
      <trkpt lat="31.953739459" lon="34.956480414">
        <ele>169.20</ele>
        <time>2016-12-16T05:13:05.000Z</time>
        <extensions>
          <ns3:TrackPointExtension>
            <ns3:atemp>9.0</ns3:atemp>
          </ns3:TrackPointExtension>
        </extensions>
      </trkpt>
      <trkpt lat="31.953730322" lon="34.956569010">
        <ele>169.40</ele>
        <time>2016-12-16T05:13:09.000Z</time>
        <extensions>
          <ns3:TrackPointExtension>
            <ns3:atemp>9.0</ns3:atemp>
          </ns3:TrackPointExtension>
        </extensions>
      </trkpt>
      <trkpt lat="31.953740213" lon="34.956588708">
        <ele>169.40</ele>
        <time>2016-12-16T05:13:10.000Z</time>
        <extensions>
          <ns3:TrackPointExtension>
            <ns3:atemp>9.0</ns3:atemp>
          </ns3:TrackPointExtension>
        </extensions>
      </trkpt>
      <trkpt lat="31.953786062" lon="34.956663139">
        <ele>169.20</ele>
        <time>2016-12-16T05:13:16.000Z</time>
        <extensions>
          <ns3:TrackPointExtension>
            <ns3:atemp>9.0</ns3:atemp>
          </ns3:TrackPointExtension>
        </extensions>
      </trkpt>
      <trkpt lat="31.953804838" lon="34.956790796">
        <ele>169.00</ele>
        <time>2016-12-16T05:13:22.000Z</time>
        <extensions>
          <ns3:TrackPointExtension>
            <ns3:atemp>9.0</ns3:atemp>
          </ns3:TrackPointExtension>
        </extensions>
      </trkpt>
      <trkpt lat="31.953776171" lon="34.956974611">
        <ele>168.80</ele>
        <time>2016-12-16T05:13:30.000Z</time>
        <extensions>
          <ns3:TrackPointExtension>
            <ns3:atemp>9.0</ns3:atemp>
          </ns3:TrackPointExtension>
        </extensions>
      </trkpt>
      <trkpt lat="31.953734513" lon="34.957077038">
        <ele>169.40</ele>
        <time>2016-12-16T05:13:37.000Z</time>
        <extensions>
          <ns3:TrackPointExtension>
            <ns3:atemp>9.0</ns3:atemp>
          </ns3:TrackPointExtension>
        </extensions>
      </trkpt>
      <trkpt lat="31.953719510" lon="34.957102183">
        <ele>169.60</ele>
        <time>2016-12-16T05:13:39.000Z</time>
        <extensions>
          <ns3:TrackPointExtension>
            <ns3:atemp>9.0</ns3:atemp>
          </ns3:TrackPointExtension>
        </extensions>
      </trkpt>
      <trkpt lat="31.953710457" lon="34.957110314">
        <ele>169.80</ele>
        <time>2016-12-16T05:13:40.000Z</time>
        <extensions>
          <ns3:TrackPointExtension>
            <ns3:atemp>9.0</ns3:atemp>
          </ns3:TrackPointExtension>
        </extensions>
      </trkpt>
      <trkpt lat="31.953687910" lon="34.957146440">
        <ele>170.40</ele>
        <time>2016-12-16T05:13:43.000Z</time>
        <extensions>
          <ns3:TrackPointExtension>
            <ns3:atemp>9.0</ns3:atemp>
          </ns3:TrackPointExtension>
        </extensions>
      </trkpt>
      <trkpt lat="31.953682294" lon="34.957162365">
        <ele>170.40</ele>
        <time>2016-12-16T05:13:44.000Z</time>
        <extensions>
          <ns3:TrackPointExtension>
            <ns3:atemp>9.0</ns3:atemp>
          </ns3:TrackPointExtension>
        </extensions>
      </trkpt>
      <trkpt lat="31.953659076" lon="34.957232103">
        <ele>170.60</ele>
        <time>2016-12-16T05:13:48.000Z</time>
        <extensions>
          <ns3:TrackPointExtension>
            <ns3:atemp>9.0</ns3:atemp>
          </ns3:TrackPointExtension>
        </extensions>
      </trkpt>
      <trkpt lat="31.953651616" lon="34.957247861">
        <ele>170.80</ele>
        <time>2016-12-16T05:13:49.000Z</time>
        <extensions>
          <ns3:TrackPointExtension>
            <ns3:atemp>9.0</ns3:atemp>
          </ns3:TrackPointExtension>
        </extensions>
      </trkpt>
      <trkpt lat="31.953640804" lon="34.957306199">
        <ele>171.40</ele>
        <time>2016-12-16T05:13:52.000Z</time>
        <extensions>
          <ns3:TrackPointExtension>
            <ns3:atemp>9.0</ns3:atemp>
          </ns3:TrackPointExtension>
        </extensions>
      </trkpt>
      <trkpt lat="31.953641977" lon="34.957354227">
        <ele>172.00</ele>
        <time>2016-12-16T05:13:54.000Z</time>
        <extensions>
          <ns3:TrackPointExtension>
            <ns3:atemp>9.0</ns3:atemp>
          </ns3:TrackPointExtension>
        </extensions>
      </trkpt>
      <trkpt lat="31.953641558" lon="34.957378954">
        <ele>172.20</ele>
        <time>2016-12-16T05:13:55.000Z</time>
        <extensions>
          <ns3:TrackPointExtension>
            <ns3:atemp>9.0</ns3:atemp>
          </ns3:TrackPointExtension>
        </extensions>
      </trkpt>
      <trkpt lat="31.953648850" lon="34.957471741">
        <ele>173.00</ele>
        <time>2016-12-16T05:13:59.000Z</time>
        <extensions>
          <ns3:TrackPointExtension>
            <ns3:atemp>9.0</ns3:atemp>
          </ns3:TrackPointExtension>
        </extensions>
      </trkpt>
      <trkpt lat="31.953660920" lon="34.957505856">
        <ele>173.40</ele>
        <time>2016-12-16T05:14:01.000Z</time>
        <extensions>
          <ns3:TrackPointExtension>
            <ns3:atemp>9.0</ns3:atemp>
          </ns3:TrackPointExtension>
        </extensions>
      </trkpt>
      <trkpt lat="31.953665614" lon="34.957523793">
        <ele>173.40</ele>
        <time>2016-12-16T05:14:02.000Z</time>
        <extensions>
          <ns3:TrackPointExtension>
            <ns3:atemp>9.0</ns3:atemp>
          </ns3:TrackPointExtension>
        </extensions>
      </trkpt>
      <trkpt lat="31.953694113" lon="34.957597889">
        <ele>173.80</ele>
        <time>2016-12-16T05:14:06.000Z</time>
        <extensions>
          <ns3:TrackPointExtension>
            <ns3:atemp>9.0</ns3:atemp>
          </ns3:TrackPointExtension>
        </extensions>
      </trkpt>
      <trkpt lat="31.953714313" lon="34.957648851">
        <ele>174.60</ele>
        <time>2016-12-16T05:14:09.000Z</time>
        <extensions>
          <ns3:TrackPointExtension>
            <ns3:atemp>9.0</ns3:atemp>
          </ns3:TrackPointExtension>
        </extensions>
      </trkpt>
      <trkpt lat="31.953726886" lon="34.957687575">
        <ele>175.00</ele>
        <time>2016-12-16T05:14:11.000Z</time>
        <extensions>
          <ns3:TrackPointExtension>
            <ns3:atemp>9.0</ns3:atemp>
          </ns3:TrackPointExtension>
        </extensions>
      </trkpt>
      <trkpt lat="31.953730742" lon="34.957709452">
        <ele>175.20</ele>
        <time>2016-12-16T05:14:12.000Z</time>
        <extensions>
          <ns3:TrackPointExtension>
            <ns3:atemp>9.0</ns3:atemp>
          </ns3:TrackPointExtension>
        </extensions>
      </trkpt>
      <trkpt lat="31.953727975" lon="34.957843646">
        <ele>176.20</ele>
        <time>2016-12-16T05:14:19.000Z</time>
        <extensions>
          <ns3:TrackPointExtension>
            <ns3:atemp>9.0</ns3:atemp>
          </ns3:TrackPointExtension>
        </extensions>
      </trkpt>
      <trkpt lat="31.953705680" lon="34.957889244">
        <ele>176.40</ele>
        <time>2016-12-16T05:14:22.000Z</time>
        <extensions>
          <ns3:TrackPointExtension>
            <ns3:atemp>9.0</ns3:atemp>
          </ns3:TrackPointExtension>
        </extensions>
      </trkpt>
      <trkpt lat="31.953700734" lon="34.957946828">
        <ele>177.00</ele>
        <time>2016-12-16T05:14:25.000Z</time>
        <extensions>
          <ns3:TrackPointExtension>
            <ns3:atemp>9.0</ns3:atemp>
          </ns3:TrackPointExtension>
        </extensions>
      </trkpt>
      <trkpt lat="31.953695873" lon="34.957985803">
        <ele>177.40</ele>
        <time>2016-12-16T05:14:27.000Z</time>
        <extensions>
          <ns3:TrackPointExtension>
            <ns3:atemp>9.0</ns3:atemp>
          </ns3:TrackPointExtension>
        </extensions>
      </trkpt>
      <trkpt lat="31.953686485" lon="34.958092337">
        <ele>177.40</ele>
        <time>2016-12-16T05:14:33.000Z</time>
        <extensions>
          <ns3:TrackPointExtension>
            <ns3:atemp>9.0</ns3:atemp>
          </ns3:TrackPointExtension>
        </extensions>
      </trkpt>
      <trkpt lat="31.953666201" lon="34.958132990">
        <ele>177.60</ele>
        <time>2016-12-16T05:14:36.000Z</time>
        <extensions>
          <ns3:TrackPointExtension>
            <ns3:atemp>9.0</ns3:atemp>
          </ns3:TrackPointExtension>
        </extensions>
      </trkpt>
      <trkpt lat="31.953629991" lon="34.958174480">
        <ele>178.00</ele>
        <time>2016-12-16T05:14:39.000Z</time>
        <extensions>
          <ns3:TrackPointExtension>
            <ns3:atemp>9.0</ns3:atemp>
          </ns3:TrackPointExtension>
        </extensions>
      </trkpt>
      <trkpt lat="31.953619011" lon="34.958193759">
        <ele>178.20</ele>
        <time>2016-12-16T05:14:40.000Z</time>
        <extensions>
          <ns3:TrackPointExtension>
            <ns3:atemp>9.0</ns3:atemp>
          </ns3:TrackPointExtension>
        </extensions>
      </trkpt>
      <trkpt lat="31.953555560" lon="34.958237177">
        <ele>178.40</ele>
        <time>2016-12-16T05:14:45.000Z</time>
        <extensions>
          <ns3:TrackPointExtension>
            <ns3:atemp>9.0</ns3:atemp>
          </ns3:TrackPointExtension>
        </extensions>
      </trkpt>
      <trkpt lat="31.953539886" lon="34.958242876">
        <ele>178.60</ele>
        <time>2016-12-16T05:14:46.000Z</time>
        <extensions>
          <ns3:TrackPointExtension>
            <ns3:atemp>9.0</ns3:atemp>
          </ns3:TrackPointExtension>
        </extensions>
      </trkpt>
      <trkpt lat="31.953463778" lon="34.958245223">
        <ele>178.80</ele>
        <time>2016-12-16T05:14:51.000Z</time>
        <extensions>
          <ns3:TrackPointExtension>
            <ns3:atemp>9.0</ns3:atemp>
          </ns3:TrackPointExtension>
        </extensions>
      </trkpt>
      <trkpt lat="31.953435699" lon="34.958219491">
        <ele>179.00</ele>
        <time>2016-12-16T05:14:53.000Z</time>
        <extensions>
          <ns3:TrackPointExtension>
            <ns3:atemp>9.0</ns3:atemp>
          </ns3:TrackPointExtension>
        </extensions>
      </trkpt>
      <trkpt lat="31.953372080" lon="34.958183952">
        <ele>179.00</ele>
        <time>2016-12-16T05:14:57.000Z</time>
        <extensions>
          <ns3:TrackPointExtension>
            <ns3:atemp>9.0</ns3:atemp>
          </ns3:TrackPointExtension>
        </extensions>
      </trkpt>
      <trkpt lat="31.953338217" lon="34.958166182">
        <ele>179.20</ele>
        <time>2016-12-16T05:14:59.000Z</time>
        <extensions>
          <ns3:TrackPointExtension>
            <ns3:atemp>9.0</ns3:atemp>
          </ns3:TrackPointExtension>
        </extensions>
      </trkpt>
      <trkpt lat="31.953265546" lon="34.958110359">
        <ele>179.40</ele>
        <time>2016-12-16T05:15:03.000Z</time>
        <extensions>
          <ns3:TrackPointExtension>
            <ns3:atemp>9.0</ns3:atemp>
          </ns3:TrackPointExtension>
        </extensions>
      </trkpt>
      <trkpt lat="31.953131938" lon="34.958032239">
        <ele>179.40</ele>
        <time>2016-12-16T05:15:09.000Z</time>
        <extensions>
          <ns3:TrackPointExtension>
            <ns3:atemp>9.0</ns3:atemp>
          </ns3:TrackPointExtension>
        </extensions>
      </trkpt>
      <trkpt lat="31.952988356" lon="34.957953366">
        <ele>179.60</ele>
        <time>2016-12-16T05:15:15.000Z</time>
        <extensions>
          <ns3:TrackPointExtension>
            <ns3:atemp>9.0</ns3:atemp>
          </ns3:TrackPointExtension>
        </extensions>
      </trkpt>
      <trkpt lat="31.952822227" lon="34.957968034">
        <ele>179.20</ele>
        <time>2016-12-16T05:15:21.000Z</time>
        <extensions>
          <ns3:TrackPointExtension>
            <ns3:atemp>9.0</ns3:atemp>
          </ns3:TrackPointExtension>
        </extensions>
      </trkpt>
      <trkpt lat="31.952647045" lon="34.958046153">
        <ele>179.20</ele>
        <time>2016-12-16T05:15:29.000Z</time>
        <extensions>
          <ns3:TrackPointExtension>
            <ns3:atemp>9.0</ns3:atemp>
          </ns3:TrackPointExtension>
        </extensions>
      </trkpt>
      <trkpt lat="31.952557694" lon="34.958049338">
        <ele>179.80</ele>
        <time>2016-12-16T05:15:33.000Z</time>
        <extensions>
          <ns3:TrackPointExtension>
            <ns3:atemp>9.0</ns3:atemp>
          </ns3:TrackPointExtension>
        </extensions>
      </trkpt>
      <trkpt lat="31.952534728" lon="34.958059732">
        <ele>180.00</ele>
        <time>2016-12-16T05:15:34.000Z</time>
        <extensions>
          <ns3:TrackPointExtension>
            <ns3:atemp>9.0</ns3:atemp>
          </ns3:TrackPointExtension>
        </extensions>
      </trkpt>
      <trkpt lat="31.952511845" lon="34.958075825">
        <ele>180.40</ele>
        <time>2016-12-16T05:15:35.000Z</time>
        <extensions>
          <ns3:TrackPointExtension>
            <ns3:atemp>9.0</ns3:atemp>
          </ns3:TrackPointExtension>
        </extensions>
      </trkpt>
      <trkpt lat="31.952392738" lon="34.958116813">
        <ele>180.80</ele>
        <time>2016-12-16T05:15:40.000Z</time>
        <extensions>
          <ns3:TrackPointExtension>
            <ns3:atemp>9.0</ns3:atemp>
          </ns3:TrackPointExtension>
        </extensions>
      </trkpt>
      <trkpt lat="31.952369101" lon="34.958119746">
        <ele>180.80</ele>
        <time>2016-12-16T05:15:41.000Z</time>
        <extensions>
          <ns3:TrackPointExtension>
            <ns3:atemp>9.0</ns3:atemp>
          </ns3:TrackPointExtension>
        </extensions>
      </trkpt>
      <trkpt lat="31.952309925" lon="34.958124273">
        <ele>180.80</ele>
        <time>2016-12-16T05:15:43.000Z</time>
        <extensions>
          <ns3:TrackPointExtension>
            <ns3:atemp>9.0</ns3:atemp>
          </ns3:TrackPointExtension>
        </extensions>
      </trkpt>
      <trkpt lat="31.952240439" lon="34.958114047">
        <ele>181.00</ele>
        <time>2016-12-16T05:15:45.000Z</time>
        <extensions>
          <ns3:TrackPointExtension>
            <ns3:atemp>9.0</ns3:atemp>
          </ns3:TrackPointExtension>
        </extensions>
      </trkpt>
      <trkpt lat="31.952044554" lon="34.958064007">
        <ele>181.00</ele>
        <time>2016-12-16T05:15:51.000Z</time>
        <extensions>
          <ns3:TrackPointExtension>
            <ns3:atemp>9.0</ns3:atemp>
          </ns3:TrackPointExtension>
        </extensions>
      </trkpt>
      <trkpt lat="31.951851016" lon="34.958034838">
        <ele>180.60</ele>
        <time>2016-12-16T05:15:56.000Z</time>
        <extensions>
          <ns3:TrackPointExtension>
            <ns3:atemp>9.0</ns3:atemp>
          </ns3:TrackPointExtension>
        </extensions>
      </trkpt>
      <trkpt lat="31.951720258" lon="34.958077166">
        <ele>179.80</ele>
        <time>2016-12-16T05:16:01.000Z</time>
        <extensions>
          <ns3:TrackPointExtension>
            <ns3:atemp>9.0</ns3:atemp>
          </ns3:TrackPointExtension>
        </extensions>
      </trkpt>
      <trkpt lat="31.951674996" lon="34.958097031">
        <ele>179.60</ele>
        <time>2016-12-16T05:16:03.000Z</time>
        <extensions>
          <ns3:TrackPointExtension>
            <ns3:atemp>9.0</ns3:atemp>
          </ns3:TrackPointExtension>
        </extensions>
      </trkpt>
      <trkpt lat="31.951641301" lon="34.958124021">
        <ele>179.60</ele>
        <time>2016-12-16T05:16:05.000Z</time>
        <extensions>
          <ns3:TrackPointExtension>
            <ns3:atemp>9.0</ns3:atemp>
          </ns3:TrackPointExtension>
        </extensions>
      </trkpt>
      <trkpt lat="31.951632164" lon="34.958138186">
        <ele>179.60</ele>
        <time>2016-12-16T05:16:06.000Z</time>
        <extensions>
          <ns3:TrackPointExtension>
            <ns3:atemp>9.0</ns3:atemp>
          </ns3:TrackPointExtension>
        </extensions>
      </trkpt>
      <trkpt lat="31.951620765" lon="34.958159896">
        <ele>180.00</ele>
        <time>2016-12-16T05:16:12.000Z</time>
        <extensions>
          <ns3:TrackPointExtension>
            <ns3:atemp>9.0</ns3:atemp>
          </ns3:TrackPointExtension>
        </extensions>
      </trkpt>
      <trkpt lat="31.951594949" lon="34.958205661">
        <ele>180.00</ele>
        <time>2016-12-16T05:16:20.000Z</time>
        <extensions>
          <ns3:TrackPointExtension>
            <ns3:atemp>9.0</ns3:atemp>
          </ns3:TrackPointExtension>
        </extensions>
      </trkpt>
      <trkpt lat="31.951593691" lon="34.958272548">
        <ele>180.00</ele>
        <time>2016-12-16T05:16:26.000Z</time>
        <extensions>
          <ns3:TrackPointExtension>
            <ns3:atemp>9.0</ns3:atemp>
          </ns3:TrackPointExtension>
        </extensions>
      </trkpt>
      <trkpt lat="31.951579191" lon="34.958296018">
        <ele>180.60</ele>
        <time>2016-12-16T05:16:33.000Z</time>
        <extensions>
          <ns3:TrackPointExtension>
            <ns3:atemp>9.0</ns3:atemp>
          </ns3:TrackPointExtension>
        </extensions>
      </trkpt>
      <trkpt lat="31.951573407" lon="34.958301298">
        <ele>180.80</ele>
        <time>2016-12-16T05:16:36.000Z</time>
        <extensions>
          <ns3:TrackPointExtension>
            <ns3:atemp>9.0</ns3:atemp>
          </ns3:TrackPointExtension>
        </extensions>
      </trkpt>
      <trkpt lat="31.951569635" lon="34.958316972">
        <ele>181.20</ele>
        <time>2016-12-16T05:16:45.000Z</time>
        <extensions>
          <ns3:TrackPointExtension>
            <ns3:atemp>9.0</ns3:atemp>
          </ns3:TrackPointExtension>
        </extensions>
      </trkpt>
      <trkpt lat="31.951563517" lon="34.958346561">
        <ele>181.20</ele>
        <time>2016-12-16T05:16:48.000Z</time>
        <extensions>
          <ns3:TrackPointExtension>
            <ns3:atemp>9.0</ns3:atemp>
          </ns3:TrackPointExtension>
        </extensions>
      </trkpt>
      <trkpt lat="31.951539880" lon="34.958393164">
        <ele>181.20</ele>
        <time>2016-12-16T05:16:51.000Z</time>
        <extensions>
          <ns3:TrackPointExtension>
            <ns3:atemp>9.0</ns3:atemp>
          </ns3:TrackPointExtension>
        </extensions>
      </trkpt>
      <trkpt lat="31.951524625" lon="34.958511936">
        <ele>181.00</ele>
        <time>2016-12-16T05:16:56.000Z</time>
        <extensions>
          <ns3:TrackPointExtension>
            <ns3:atemp>9.0</ns3:atemp>
          </ns3:TrackPointExtension>
        </extensions>
      </trkpt>
      <trkpt lat="31.951523283" lon="34.958563317">
        <ele>181.00</ele>
        <time>2016-12-16T05:16:58.000Z</time>
        <extensions>
          <ns3:TrackPointExtension>
            <ns3:atemp>9.0</ns3:atemp>
          </ns3:TrackPointExtension>
        </extensions>
      </trkpt>
      <trkpt lat="31.951530827" lon="34.958647974">
        <ele>181.00</ele>
        <time>2016-12-16T05:17:02.000Z</time>
        <extensions>
          <ns3:TrackPointExtension>
            <ns3:atemp>9.0</ns3:atemp>
          </ns3:TrackPointExtension>
        </extensions>
      </trkpt>
      <trkpt lat="31.951572318" lon="34.958720896">
        <ele>181.00</ele>
        <time>2016-12-16T05:17:07.000Z</time>
        <extensions>
          <ns3:TrackPointExtension>
            <ns3:atemp>9.0</ns3:atemp>
          </ns3:TrackPointExtension>
        </extensions>
      </trkpt>
      <trkpt lat="31.951624118" lon="34.958795831">
        <ele>181.20</ele>
        <time>2016-12-16T05:17:12.000Z</time>
        <extensions>
          <ns3:TrackPointExtension>
            <ns3:atemp>9.0</ns3:atemp>
          </ns3:TrackPointExtension>
        </extensions>
      </trkpt>
      <trkpt lat="31.951643145" lon="34.958830196">
        <ele>181.40</ele>
        <time>2016-12-16T05:17:14.000Z</time>
        <extensions>
          <ns3:TrackPointExtension>
            <ns3:atemp>9.0</ns3:atemp>
          </ns3:TrackPointExtension>
        </extensions>
      </trkpt>
      <trkpt lat="31.951677259" lon="34.958878476">
        <ele>181.60</ele>
        <time>2016-12-16T05:17:17.000Z</time>
        <extensions>
          <ns3:TrackPointExtension>
            <ns3:atemp>9.0</ns3:atemp>
          </ns3:TrackPointExtension>
        </extensions>
      </trkpt>
      <trkpt lat="31.951716151" lon="34.958909657">
        <ele>181.60</ele>
        <time>2016-12-16T05:17:20.000Z</time>
        <extensions>
          <ns3:TrackPointExtension>
            <ns3:atemp>9.0</ns3:atemp>
          </ns3:TrackPointExtension>
        </extensions>
      </trkpt>
      <trkpt lat="31.951803071" lon="34.958987441">
        <ele>181.80</ele>
        <time>2016-12-16T05:17:26.000Z</time>
        <extensions>
          <ns3:TrackPointExtension>
            <ns3:atemp>9.0</ns3:atemp>
          </ns3:TrackPointExtension>
        </extensions>
      </trkpt>
      <trkpt lat="31.951885382" lon="34.959065057">
        <ele>182.00</ele>
        <time>2016-12-16T05:17:31.000Z</time>
        <extensions>
          <ns3:TrackPointExtension>
            <ns3:atemp>9.0</ns3:atemp>
          </ns3:TrackPointExtension>
        </extensions>
      </trkpt>
      <trkpt lat="31.951973476" lon="34.959117863">
        <ele>182.20</ele>
        <time>2016-12-16T05:17:37.000Z</time>
        <extensions>
          <ns3:TrackPointExtension>
            <ns3:atemp>9.0</ns3:atemp>
          </ns3:TrackPointExtension>
        </extensions>
      </trkpt>
      <trkpt lat="31.951981103" lon="34.959134124">
        <ele>182.40</ele>
        <time>2016-12-16T05:17:38.000Z</time>
        <extensions>
          <ns3:TrackPointExtension>
            <ns3:atemp>9.0</ns3:atemp>
          </ns3:TrackPointExtension>
        </extensions>
      </trkpt>
      <trkpt lat="31.952035502" lon="34.959182907">
        <ele>183.00</ele>
        <time>2016-12-16T05:17:43.000Z</time>
        <extensions>
          <ns3:TrackPointExtension>
            <ns3:atemp>9.0</ns3:atemp>
          </ns3:TrackPointExtension>
        </extensions>
      </trkpt>
      <trkpt lat="31.952044135" lon="34.959195983">
        <ele>183.20</ele>
        <time>2016-12-16T05:17:44.000Z</time>
        <extensions>
          <ns3:TrackPointExtension>
            <ns3:atemp>9.0</ns3:atemp>
          </ns3:TrackPointExtension>
        </extensions>
      </trkpt>
      <trkpt lat="31.952081770" lon="34.959222469">
        <ele>183.40</ele>
        <time>2016-12-16T05:17:47.000Z</time>
        <extensions>
          <ns3:TrackPointExtension>
            <ns3:atemp>9.0</ns3:atemp>
          </ns3:TrackPointExtension>
        </extensions>
      </trkpt>
      <trkpt lat="31.952115213" lon="34.959254488">
        <ele>183.40</ele>
        <time>2016-12-16T05:17:49.000Z</time>
        <extensions>
          <ns3:TrackPointExtension>
            <ns3:atemp>9.0</ns3:atemp>
          </ns3:TrackPointExtension>
        </extensions>
      </trkpt>
      <trkpt lat="31.952159554" lon="34.959313245">
        <ele>183.40</ele>
        <time>2016-12-16T05:17:52.000Z</time>
        <extensions>
          <ns3:TrackPointExtension>
            <ns3:atemp>9.0</ns3:atemp>
          </ns3:TrackPointExtension>
        </extensions>
      </trkpt>
      <trkpt lat="31.952180006" lon="34.959322885">
        <ele>183.40</ele>
        <time>2016-12-16T05:17:53.000Z</time>
        <extensions>
          <ns3:TrackPointExtension>
            <ns3:atemp>9.0</ns3:atemp>
          </ns3:TrackPointExtension>
        </extensions>
      </trkpt>
      <trkpt lat="31.952396007" lon="34.959439561">
        <ele>183.40</ele>
        <time>2016-12-16T05:18:01.000Z</time>
        <extensions>
          <ns3:TrackPointExtension>
            <ns3:atemp>9.0</ns3:atemp>
          </ns3:TrackPointExtension>
        </extensions>
      </trkpt>
      <trkpt lat="31.952546714" lon="34.959548945">
        <ele>182.60</ele>
        <time>2016-12-16T05:18:06.000Z</time>
        <extensions>
          <ns3:TrackPointExtension>
            <ns3:atemp>9.0</ns3:atemp>
          </ns3:TrackPointExtension>
        </extensions>
      </trkpt>
      <trkpt lat="31.952542942" lon="34.959579706">
        <ele>182.60</ele>
        <time>2016-12-16T05:18:07.000Z</time>
        <extensions>
          <ns3:TrackPointExtension>
            <ns3:atemp>9.0</ns3:atemp>
          </ns3:TrackPointExtension>
        </extensions>
      </trkpt>
      <trkpt lat="31.952471109" lon="34.959638966">
        <ele>182.20</ele>
        <time>2016-12-16T05:18:10.000Z</time>
        <extensions>
          <ns3:TrackPointExtension>
            <ns3:atemp>9.0</ns3:atemp>
          </ns3:TrackPointExtension>
        </extensions>
      </trkpt>
      <trkpt lat="31.952439677" lon="34.959646929">
        <ele>182.00</ele>
        <time>2016-12-16T05:18:11.000Z</time>
        <extensions>
          <ns3:TrackPointExtension>
            <ns3:atemp>9.0</ns3:atemp>
          </ns3:TrackPointExtension>
        </extensions>
      </trkpt>
      <trkpt lat="31.952289976" lon="34.959684731">
        <ele>181.00</ele>
        <time>2016-12-16T05:18:15.000Z</time>
        <extensions>
          <ns3:TrackPointExtension>
            <ns3:atemp>9.0</ns3:atemp>
          </ns3:TrackPointExtension>
        </extensions>
      </trkpt>
      <trkpt lat="31.952244211" lon="34.959693784">
        <ele>180.60</ele>
        <time>2016-12-16T05:18:16.000Z</time>
        <extensions>
          <ns3:TrackPointExtension>
            <ns3:atemp>9.0</ns3:atemp>
          </ns3:TrackPointExtension>
        </extensions>
      </trkpt>
      <trkpt lat="31.952169696" lon="34.959725970">
        <ele>179.40</ele>
        <time>2016-12-16T05:18:18.000Z</time>
        <extensions>
          <ns3:TrackPointExtension>
            <ns3:atemp>9.0</ns3:atemp>
          </ns3:TrackPointExtension>
        </extensions>
      </trkpt>
      <trkpt lat="31.952109262" lon="34.959793864">
        <ele>178.40</ele>
        <time>2016-12-16T05:18:20.000Z</time>
        <extensions>
          <ns3:TrackPointExtension>
            <ns3:atemp>9.0</ns3:atemp>
          </ns3:TrackPointExtension>
        </extensions>
      </trkpt>
      <trkpt lat="31.952092499" lon="34.959836695">
        <ele>178.20</ele>
        <time>2016-12-16T05:18:21.000Z</time>
        <extensions>
          <ns3:TrackPointExtension>
            <ns3:atemp>9.0</ns3:atemp>
          </ns3:TrackPointExtension>
        </extensions>
      </trkpt>
      <trkpt lat="31.952087218" lon="34.959882209">
        <ele>177.60</ele>
        <time>2016-12-16T05:18:22.000Z</time>
        <extensions>
          <ns3:TrackPointExtension>
            <ns3:atemp>9.0</ns3:atemp>
          </ns3:TrackPointExtension>
        </extensions>
      </trkpt>
      <trkpt lat="31.952100629" lon="34.959929651">
        <ele>177.00</ele>
        <time>2016-12-16T05:18:23.000Z</time>
        <extensions>
          <ns3:TrackPointExtension>
            <ns3:atemp>9.0</ns3:atemp>
          </ns3:TrackPointExtension>
        </extensions>
      </trkpt>
      <trkpt lat="31.952195764" lon="34.960041130">
        <ele>175.60</ele>
        <time>2016-12-16T05:18:26.000Z</time>
        <extensions>
          <ns3:TrackPointExtension>
            <ns3:atemp>9.0</ns3:atemp>
          </ns3:TrackPointExtension>
        </extensions>
      </trkpt>
      <trkpt lat="31.952230465" lon="34.960062923">
        <ele>175.20</ele>
        <time>2016-12-16T05:18:27.000Z</time>
        <extensions>
          <ns3:TrackPointExtension>
            <ns3:atemp>9.0</ns3:atemp>
          </ns3:TrackPointExtension>
        </extensions>
      </trkpt>
      <trkpt lat="31.952263322" lon="34.960082201">
        <ele>175.20</ele>
        <time>2016-12-16T05:18:28.000Z</time>
        <extensions>
          <ns3:TrackPointExtension>
            <ns3:atemp>9.0</ns3:atemp>
          </ns3:TrackPointExtension>
        </extensions>
      </trkpt>
      <trkpt lat="31.952318307" lon="34.960129810">
        <ele>174.20</ele>
        <time>2016-12-16T05:18:30.000Z</time>
        <extensions>
          <ns3:TrackPointExtension>
            <ns3:atemp>9.0</ns3:atemp>
          </ns3:TrackPointExtension>
        </extensions>
      </trkpt>
      <trkpt lat="31.952355355" lon="34.960205751">
        <ele>173.20</ele>
        <time>2016-12-16T05:18:32.000Z</time>
        <extensions>
          <ns3:TrackPointExtension>
            <ns3:atemp>9.0</ns3:atemp>
          </ns3:TrackPointExtension>
        </extensions>
      </trkpt>
      <trkpt lat="31.952363066" lon="34.960300969">
        <ele>172.40</ele>
        <time>2016-12-16T05:18:36.000Z</time>
        <extensions>
          <ns3:TrackPointExtension>
            <ns3:atemp>9.0</ns3:atemp>
          </ns3:TrackPointExtension>
        </extensions>
      </trkpt>
      <trkpt lat="31.952367760" lon="34.960312704">
        <ele>172.00</ele>
        <time>2016-12-16T05:18:38.000Z</time>
        <extensions>
          <ns3:TrackPointExtension>
            <ns3:atemp>9.0</ns3:atemp>
          </ns3:TrackPointExtension>
        </extensions>
      </trkpt>
      <trkpt lat="31.952374130" lon="34.960329719">
        <ele>171.60</ele>
        <time>2016-12-16T05:18:42.000Z</time>
        <extensions>
          <ns3:TrackPointExtension>
            <ns3:atemp>9.0</ns3:atemp>
          </ns3:TrackPointExtension>
        </extensions>
      </trkpt>
      <trkpt lat="31.952374885" lon="34.960347153">
        <ele>171.40</ele>
        <time>2016-12-16T05:18:43.000Z</time>
        <extensions>
          <ns3:TrackPointExtension>
            <ns3:atemp>9.0</ns3:atemp>
          </ns3:TrackPointExtension>
        </extensions>
      </trkpt>
      <trkpt lat="31.952340687" lon="34.960463829">
        <ele>171.00</ele>
        <time>2016-12-16T05:18:50.000Z</time>
        <extensions>
          <ns3:TrackPointExtension>
            <ns3:atemp>9.0</ns3:atemp>
          </ns3:TrackPointExtension>
        </extensions>
      </trkpt>
      <trkpt lat="31.952309757" lon="34.960499620">
        <ele>170.40</ele>
        <time>2016-12-16T05:18:53.000Z</time>
        <extensions>
          <ns3:TrackPointExtension>
            <ns3:atemp>9.0</ns3:atemp>
          </ns3:TrackPointExtension>
        </extensions>
      </trkpt>
      <trkpt lat="31.952291569" lon="34.960548151">
        <ele>170.20</ele>
        <time>2016-12-16T05:18:55.000Z</time>
        <extensions>
          <ns3:TrackPointExtension>
            <ns3:atemp>9.0</ns3:atemp>
          </ns3:TrackPointExtension>
        </extensions>
      </trkpt>
      <trkpt lat="31.952272374" lon="34.960623840">
        <ele>169.80</ele>
        <time>2016-12-16T05:18:58.000Z</time>
        <extensions>
          <ns3:TrackPointExtension>
            <ns3:atemp>9.0</ns3:atemp>
          </ns3:TrackPointExtension>
        </extensions>
      </trkpt>
      <trkpt lat="31.952242954" lon="34.960700115">
        <ele>169.20</ele>
        <time>2016-12-16T05:19:02.000Z</time>
        <extensions>
          <ns3:TrackPointExtension>
            <ns3:atemp>9.0</ns3:atemp>
          </ns3:TrackPointExtension>
        </extensions>
      </trkpt>
      <trkpt lat="31.952228788" lon="34.960713945">
        <ele>168.80</ele>
        <time>2016-12-16T05:19:03.000Z</time>
        <extensions>
          <ns3:TrackPointExtension>
            <ns3:atemp>9.0</ns3:atemp>
          </ns3:TrackPointExtension>
        </extensions>
      </trkpt>
      <trkpt lat="31.952135246" lon="34.960763566">
        <ele>167.60</ele>
        <time>2016-12-16T05:19:08.000Z</time>
        <extensions>
          <ns3:TrackPointExtension>
            <ns3:atemp>9.0</ns3:atemp>
          </ns3:TrackPointExtension>
        </extensions>
      </trkpt>
      <trkpt lat="31.952074561" lon="34.960792065">
        <ele>166.40</ele>
        <time>2016-12-16T05:19:12.000Z</time>
        <extensions>
          <ns3:TrackPointExtension>
            <ns3:atemp>9.0</ns3:atemp>
          </ns3:TrackPointExtension>
        </extensions>
      </trkpt>
      <trkpt lat="31.952027874" lon="34.960828023">
        <ele>165.80</ele>
        <time>2016-12-16T05:19:14.000Z</time>
        <extensions>
          <ns3:TrackPointExtension>
            <ns3:atemp>9.0</ns3:atemp>
          </ns3:TrackPointExtension>
        </extensions>
      </trkpt>
      <trkpt lat="31.951923687" lon="34.960898934">
        <ele>165.20</ele>
        <time>2016-12-16T05:19:18.000Z</time>
        <extensions>
          <ns3:TrackPointExtension>
            <ns3:atemp>9.0</ns3:atemp>
          </ns3:TrackPointExtension>
        </extensions>
      </trkpt>
      <trkpt lat="31.951850513" lon="34.960972443">
        <ele>164.60</ele>
        <time>2016-12-16T05:19:21.000Z</time>
        <extensions>
          <ns3:TrackPointExtension>
            <ns3:atemp>9.0</ns3:atemp>
          </ns3:TrackPointExtension>
        </extensions>
      </trkpt>
      <trkpt lat="31.951824361" lon="34.960995661">
        <ele>164.20</ele>
        <time>2016-12-16T05:19:22.000Z</time>
        <extensions>
          <ns3:TrackPointExtension>
            <ns3:atemp>9.0</ns3:atemp>
          </ns3:TrackPointExtension>
        </extensions>
      </trkpt>
      <trkpt lat="31.951706680" lon="34.961082833">
        <ele>162.80</ele>
        <time>2016-12-16T05:19:27.000Z</time>
        <extensions>
          <ns3:TrackPointExtension>
            <ns3:atemp>9.0</ns3:atemp>
          </ns3:TrackPointExtension>
        </extensions>
      </trkpt>
      <trkpt lat="31.951575754" lon="34.961155336">
        <ele>162.40</ele>
        <time>2016-12-16T05:19:34.000Z</time>
        <extensions>
          <ns3:TrackPointExtension>
            <ns3:atemp>9.0</ns3:atemp>
          </ns3:TrackPointExtension>
        </extensions>
      </trkpt>
      <trkpt lat="31.951459246" lon="34.961198168">
        <ele>162.40</ele>
        <time>2016-12-16T05:19:40.000Z</time>
        <extensions>
          <ns3:TrackPointExtension>
            <ns3:atemp>9.0</ns3:atemp>
          </ns3:TrackPointExtension>
        </extensions>
      </trkpt>
      <trkpt lat="31.951417839" lon="34.961217195">
        <ele>162.80</ele>
        <time>2016-12-16T05:19:42.000Z</time>
        <extensions>
          <ns3:TrackPointExtension>
            <ns3:atemp>9.0</ns3:atemp>
          </ns3:TrackPointExtension>
        </extensions>
      </trkpt>
      <trkpt lat="31.951354723" lon="34.961251058">
        <ele>163.20</ele>
        <time>2016-12-16T05:19:45.000Z</time>
        <extensions>
          <ns3:TrackPointExtension>
            <ns3:atemp>9.0</ns3:atemp>
          </ns3:TrackPointExtension>
        </extensions>
      </trkpt>
      <trkpt lat="31.951287333" lon="34.961278802">
        <ele>163.60</ele>
        <time>2016-12-16T05:19:50.000Z</time>
        <extensions>
          <ns3:TrackPointExtension>
            <ns3:atemp>9.0</ns3:atemp>
          </ns3:TrackPointExtension>
        </extensions>
      </trkpt>
      <trkpt lat="31.951284986" lon="34.961281987">
        <ele>163.60</ele>
        <time>2016-12-16T05:19:51.000Z</time>
        <extensions>
          <ns3:TrackPointExtension>
            <ns3:atemp>9.0</ns3:atemp>
          </ns3:TrackPointExtension>
        </extensions>
      </trkpt>
      <trkpt lat="31.951240897" lon="34.961286513">
        <ele>164.60</ele>
        <time>2016-12-16T05:20:01.000Z</time>
        <extensions>
          <ns3:TrackPointExtension>
            <ns3:atemp>9.0</ns3:atemp>
          </ns3:TrackPointExtension>
        </extensions>
      </trkpt>
      <trkpt lat="31.951231761" lon="34.961289112">
        <ele>164.60</ele>
        <time>2016-12-16T05:20:03.000Z</time>
        <extensions>
          <ns3:TrackPointExtension>
            <ns3:atemp>9.0</ns3:atemp>
          </ns3:TrackPointExtension>
        </extensions>
      </trkpt>
      <trkpt lat="31.951186247" lon="34.961288190">
        <ele>165.20</ele>
        <time>2016-12-16T05:20:13.000Z</time>
        <extensions>
          <ns3:TrackPointExtension>
            <ns3:atemp>9.0</ns3:atemp>
          </ns3:TrackPointExtension>
        </extensions>
      </trkpt>
      <trkpt lat="31.951160682" lon="34.961277125">
        <ele>165.40</ele>
        <time>2016-12-16T05:20:20.000Z</time>
        <extensions>
          <ns3:TrackPointExtension>
            <ns3:atemp>9.0</ns3:atemp>
          </ns3:TrackPointExtension>
        </extensions>
      </trkpt>
      <trkpt lat="31.951158671" lon="34.961276790">
        <ele>165.60</ele>
        <time>2016-12-16T05:20:24.000Z</time>
        <extensions>
          <ns3:TrackPointExtension>
            <ns3:atemp>9.0</ns3:atemp>
          </ns3:TrackPointExtension>
        </extensions>
      </trkpt>
      <trkpt lat="31.951109553" lon="34.961292716">
        <ele>166.00</ele>
        <time>2016-12-16T05:20:33.000Z</time>
        <extensions>
          <ns3:TrackPointExtension>
            <ns3:atemp>9.0</ns3:atemp>
          </ns3:TrackPointExtension>
        </extensions>
      </trkpt>
      <trkpt lat="31.951076528" lon="34.961304702">
        <ele>166.00</ele>
        <time>2016-12-16T05:20:36.000Z</time>
        <extensions>
          <ns3:TrackPointExtension>
            <ns3:atemp>9.0</ns3:atemp>
          </ns3:TrackPointExtension>
        </extensions>
      </trkpt>
      <trkpt lat="31.951044928" lon="34.961335296">
        <ele>166.20</ele>
        <time>2016-12-16T05:20:39.000Z</time>
        <extensions>
          <ns3:TrackPointExtension>
            <ns3:atemp>9.0</ns3:atemp>
          </ns3:TrackPointExtension>
        </extensions>
      </trkpt>
      <trkpt lat="31.951020872" lon="34.961373853">
        <ele>166.40</ele>
        <time>2016-12-16T05:20:41.000Z</time>
        <extensions>
          <ns3:TrackPointExtension>
            <ns3:atemp>9.0</ns3:atemp>
          </ns3:TrackPointExtension>
        </extensions>
      </trkpt>
      <trkpt lat="31.950981561" lon="34.961457253">
        <ele>166.60</ele>
        <time>2016-12-16T05:20:44.000Z</time>
        <extensions>
          <ns3:TrackPointExtension>
            <ns3:atemp>9.0</ns3:atemp>
          </ns3:TrackPointExtension>
        </extensions>
      </trkpt>
      <trkpt lat="31.950930767" lon="34.961512070">
        <ele>166.60</ele>
        <time>2016-12-16T05:20:49.000Z</time>
        <extensions>
          <ns3:TrackPointExtension>
            <ns3:atemp>9.0</ns3:atemp>
          </ns3:TrackPointExtension>
        </extensions>
      </trkpt>
      <trkpt lat="31.950917020" lon="34.961525146">
        <ele>166.00</ele>
        <time>2016-12-16T05:20:58.000Z</time>
        <extensions>
          <ns3:TrackPointExtension>
            <ns3:atemp>9.0</ns3:atemp>
          </ns3:TrackPointExtension>
        </extensions>
      </trkpt>
      <trkpt lat="31.950859856" lon="34.961531013">
        <ele>165.80</ele>
        <time>2016-12-16T05:21:06.000Z</time>
        <extensions>
          <ns3:TrackPointExtension>
            <ns3:atemp>9.0</ns3:atemp>
          </ns3:TrackPointExtension>
        </extensions>
      </trkpt>
      <trkpt lat="31.950808894" lon="34.961554818">
        <ele>166.00</ele>
        <time>2016-12-16T05:21:12.000Z</time>
        <extensions>
          <ns3:TrackPointExtension>
            <ns3:atemp>9.0</ns3:atemp>
          </ns3:TrackPointExtension>
        </extensions>
      </trkpt>
      <trkpt lat="31.950792633" lon="34.961568145">
        <ele>166.20</ele>
        <time>2016-12-16T05:21:13.000Z</time>
        <extensions>
          <ns3:TrackPointExtension>
            <ns3:atemp>9.0</ns3:atemp>
          </ns3:TrackPointExtension>
        </extensions>
      </trkpt>
      <trkpt lat="31.950679226" lon="34.961680211">
        <ele>166.60</ele>
        <time>2016-12-16T05:21:19.000Z</time>
        <extensions>
          <ns3:TrackPointExtension>
            <ns3:atemp>9.0</ns3:atemp>
          </ns3:TrackPointExtension>
        </extensions>
      </trkpt>
      <trkpt lat="31.950657265" lon="34.961682223">
        <ele>166.60</ele>
        <time>2016-12-16T05:21:20.000Z</time>
        <extensions>
          <ns3:TrackPointExtension>
            <ns3:atemp>9.0</ns3:atemp>
          </ns3:TrackPointExtension>
        </extensions>
      </trkpt>
      <trkpt lat="31.950602867" lon="34.961687336">
        <ele>166.60</ele>
        <time>2016-12-16T05:21:23.000Z</time>
        <extensions>
          <ns3:TrackPointExtension>
            <ns3:atemp>9.0</ns3:atemp>
          </ns3:TrackPointExtension>
        </extensions>
      </trkpt>
      <trkpt lat="31.950498093" lon="34.961645929">
        <ele>166.80</ele>
        <time>2016-12-16T05:21:29.000Z</time>
        <extensions>
          <ns3:TrackPointExtension>
            <ns3:atemp>9.0</ns3:atemp>
          </ns3:TrackPointExtension>
        </extensions>
      </trkpt>
      <trkpt lat="31.950447802" lon="34.961611144">
        <ele>166.80</ele>
        <time>2016-12-16T05:21:33.000Z</time>
        <extensions>
          <ns3:TrackPointExtension>
            <ns3:atemp>9.0</ns3:atemp>
          </ns3:TrackPointExtension>
        </extensions>
      </trkpt>
      <trkpt lat="31.950419722" lon="34.961612988">
        <ele>166.80</ele>
        <time>2016-12-16T05:21:35.000Z</time>
        <extensions>
          <ns3:TrackPointExtension>
            <ns3:atemp>9.0</ns3:atemp>
          </ns3:TrackPointExtension>
        </extensions>
      </trkpt>
      <trkpt lat="31.950287623" lon="34.961633943">
        <ele>167.00</ele>
        <time>2016-12-16T05:21:40.000Z</time>
        <extensions>
          <ns3:TrackPointExtension>
            <ns3:atemp>9.0</ns3:atemp>
          </ns3:TrackPointExtension>
        </extensions>
      </trkpt>
      <trkpt lat="31.950101880" lon="34.961717175">
        <ele>167.00</ele>
        <time>2016-12-16T05:21:46.000Z</time>
        <extensions>
          <ns3:TrackPointExtension>
            <ns3:atemp>9.0</ns3:atemp>
          </ns3:TrackPointExtension>
        </extensions>
      </trkpt>
      <trkpt lat="31.950032311" lon="34.961836534">
        <ele>166.00</ele>
        <time>2016-12-16T05:21:50.000Z</time>
        <extensions>
          <ns3:TrackPointExtension>
            <ns3:atemp>9.0</ns3:atemp>
          </ns3:TrackPointExtension>
        </extensions>
      </trkpt>
      <trkpt lat="31.949947486" lon="34.961980451">
        <ele>165.20</ele>
        <time>2016-12-16T05:21:54.000Z</time>
        <extensions>
          <ns3:TrackPointExtension>
            <ns3:atemp>9.0</ns3:atemp>
          </ns3:TrackPointExtension>
        </extensions>
      </trkpt>
      <trkpt lat="31.949875401" lon="34.962053876">
        <ele>165.00</ele>
        <time>2016-12-16T05:21:56.000Z</time>
        <extensions>
          <ns3:TrackPointExtension>
            <ns3:atemp>9.0</ns3:atemp>
          </ns3:TrackPointExtension>
        </extensions>
      </trkpt>
      <trkpt lat="31.949811196" lon="34.962126296">
        <ele>164.40</ele>
        <time>2016-12-16T05:21:58.000Z</time>
        <extensions>
          <ns3:TrackPointExtension>
            <ns3:atemp>9.0</ns3:atemp>
          </ns3:TrackPointExtension>
        </extensions>
      </trkpt>
      <trkpt lat="31.949770292" lon="34.962213887">
        <ele>163.80</ele>
        <time>2016-12-16T05:22:00.000Z</time>
        <extensions>
          <ns3:TrackPointExtension>
            <ns3:atemp>9.0</ns3:atemp>
          </ns3:TrackPointExtension>
        </extensions>
      </trkpt>
      <trkpt lat="31.949745314" lon="34.962301813">
        <ele>163.20</ele>
        <time>2016-12-16T05:22:02.000Z</time>
        <extensions>
          <ns3:TrackPointExtension>
            <ns3:atemp>9.0</ns3:atemp>
          </ns3:TrackPointExtension>
        </extensions>
      </trkpt>
      <trkpt lat="31.949709356" lon="34.962381190">
        <ele>162.80</ele>
        <time>2016-12-16T05:22:04.000Z</time>
        <extensions>
          <ns3:TrackPointExtension>
            <ns3:atemp>9.0</ns3:atemp>
          </ns3:TrackPointExtension>
        </extensions>
      </trkpt>
      <trkpt lat="31.949652107" lon="34.962432571">
        <ele>162.00</ele>
        <time>2016-12-16T05:22:06.000Z</time>
        <extensions>
          <ns3:TrackPointExtension>
            <ns3:atemp>9.0</ns3:atemp>
          </ns3:TrackPointExtension>
        </extensions>
      </trkpt>
      <trkpt lat="31.949629309" lon="34.962459225">
        <ele>161.60</ele>
        <time>2016-12-16T05:22:07.000Z</time>
        <extensions>
          <ns3:TrackPointExtension>
            <ns3:atemp>9.0</ns3:atemp>
          </ns3:TrackPointExtension>
        </extensions>
      </trkpt>
      <trkpt lat="31.949593099" lon="34.962550756">
        <ele>160.80</ele>
        <time>2016-12-16T05:22:10.000Z</time>
        <extensions>
          <ns3:TrackPointExtension>
            <ns3:atemp>9.0</ns3:atemp>
          </ns3:TrackPointExtension>
        </extensions>
      </trkpt>
      <trkpt lat="31.949582286" lon="34.962578667">
        <ele>160.40</ele>
        <time>2016-12-16T05:22:11.000Z</time>
        <extensions>
          <ns3:TrackPointExtension>
            <ns3:atemp>9.0</ns3:atemp>
          </ns3:TrackPointExtension>
        </extensions>
      </trkpt>
      <trkpt lat="31.949526379" lon="34.962637676">
        <ele>159.40</ele>
        <time>2016-12-16T05:22:15.000Z</time>
        <extensions>
          <ns3:TrackPointExtension>
            <ns3:atemp>9.0</ns3:atemp>
          </ns3:TrackPointExtension>
        </extensions>
      </trkpt>
      <trkpt lat="31.949465694" lon="34.962654440">
        <ele>158.80</ele>
        <time>2016-12-16T05:22:19.000Z</time>
        <extensions>
          <ns3:TrackPointExtension>
            <ns3:atemp>9.0</ns3:atemp>
          </ns3:TrackPointExtension>
        </extensions>
      </trkpt>
      <trkpt lat="31.949436609" lon="34.962641113">
        <ele>158.40</ele>
        <time>2016-12-16T05:22:21.000Z</time>
        <extensions>
          <ns3:TrackPointExtension>
            <ns3:atemp>9.0</ns3:atemp>
          </ns3:TrackPointExtension>
        </extensions>
      </trkpt>
      <trkpt lat="31.949391095" lon="34.962682100">
        <ele>158.40</ele>
        <time>2016-12-16T05:22:25.000Z</time>
        <extensions>
          <ns3:TrackPointExtension>
            <ns3:atemp>9.0</ns3:atemp>
          </ns3:TrackPointExtension>
        </extensions>
      </trkpt>
      <trkpt lat="31.949347677" lon="34.962727865">
        <ele>158.40</ele>
        <time>2016-12-16T05:22:29.000Z</time>
        <extensions>
          <ns3:TrackPointExtension>
            <ns3:atemp>9.0</ns3:atemp>
          </ns3:TrackPointExtension>
        </extensions>
      </trkpt>
      <trkpt lat="31.949317334" lon="34.962735577">
        <ele>158.40</ele>
        <time>2016-12-16T05:22:31.000Z</time>
        <extensions>
          <ns3:TrackPointExtension>
            <ns3:atemp>9.0</ns3:atemp>
          </ns3:TrackPointExtension>
        </extensions>
      </trkpt>
      <trkpt lat="31.949245753" lon="34.962801207">
        <ele>158.60</ele>
        <time>2016-12-16T05:22:37.000Z</time>
        <extensions>
          <ns3:TrackPointExtension>
            <ns3:atemp>9.0</ns3:atemp>
          </ns3:TrackPointExtension>
        </extensions>
      </trkpt>
      <trkpt lat="31.949238125" lon="34.962925678">
        <ele>158.80</ele>
        <time>2016-12-16T05:22:42.000Z</time>
        <extensions>
          <ns3:TrackPointExtension>
            <ns3:atemp>9.0</ns3:atemp>
          </ns3:TrackPointExtension>
        </extensions>
      </trkpt>
      <trkpt lat="31.949239550" lon="34.963090383">
        <ele>158.80</ele>
        <time>2016-12-16T05:22:48.000Z</time>
        <extensions>
          <ns3:TrackPointExtension>
            <ns3:atemp>9.0</ns3:atemp>
          </ns3:TrackPointExtension>
        </extensions>
      </trkpt>
      <trkpt lat="31.949252961" lon="34.963200856">
        <ele>158.20</ele>
        <time>2016-12-16T05:22:53.000Z</time>
        <extensions>
          <ns3:TrackPointExtension>
            <ns3:atemp>8.0</ns3:atemp>
          </ns3:TrackPointExtension>
        </extensions>
      </trkpt>
      <trkpt lat="31.949257990" lon="34.963210998">
        <ele>158.20</ele>
        <time>2016-12-16T05:22:54.000Z</time>
        <extensions>
          <ns3:TrackPointExtension>
            <ns3:atemp>8.0</ns3:atemp>
          </ns3:TrackPointExtension>
        </extensions>
      </trkpt>
      <trkpt lat="31.949283890" lon="34.963279814">
        <ele>157.60</ele>
        <time>2016-12-16T05:22:59.000Z</time>
        <extensions>
          <ns3:TrackPointExtension>
            <ns3:atemp>8.0</ns3:atemp>
          </ns3:TrackPointExtension>
        </extensions>
      </trkpt>
      <trkpt lat="31.949276263" lon="34.963356927">
        <ele>157.00</ele>
        <time>2016-12-16T05:23:04.000Z</time>
        <extensions>
          <ns3:TrackPointExtension>
            <ns3:atemp>8.0</ns3:atemp>
          </ns3:TrackPointExtension>
        </extensions>
      </trkpt>
      <trkpt lat="31.949274084" lon="34.963380899">
        <ele>156.80</ele>
        <time>2016-12-16T05:23:05.000Z</time>
        <extensions>
          <ns3:TrackPointExtension>
            <ns3:atemp>8.0</ns3:atemp>
          </ns3:TrackPointExtension>
        </extensions>
      </trkpt>
      <trkpt lat="31.949281041" lon="34.963499838">
        <ele>156.00</ele>
        <time>2016-12-16T05:23:10.000Z</time>
        <extensions>
          <ns3:TrackPointExtension>
            <ns3:atemp>8.0</ns3:atemp>
          </ns3:TrackPointExtension>
        </extensions>
      </trkpt>
      <trkpt lat="31.949277101" lon="34.963522805">
        <ele>155.80</ele>
        <time>2016-12-16T05:23:11.000Z</time>
        <extensions>
          <ns3:TrackPointExtension>
            <ns3:atemp>8.0</ns3:atemp>
          </ns3:TrackPointExtension>
        </extensions>
      </trkpt>
      <trkpt lat="31.949273329" lon="34.963538479">
        <ele>155.40</ele>
        <time>2016-12-16T05:23:12.000Z</time>
        <extensions>
          <ns3:TrackPointExtension>
            <ns3:atemp>8.0</ns3:atemp>
          </ns3:TrackPointExtension>
        </extensions>
      </trkpt>
      <trkpt lat="31.949267713" lon="34.963550549">
        <ele>154.80</ele>
        <time>2016-12-16T05:23:13.000Z</time>
        <extensions>
          <ns3:TrackPointExtension>
            <ns3:atemp>8.0</ns3:atemp>
          </ns3:TrackPointExtension>
        </extensions>
      </trkpt>
      <trkpt lat="31.949237455" lon="34.963588100">
        <ele>154.00</ele>
        <time>2016-12-16T05:23:16.000Z</time>
        <extensions>
          <ns3:TrackPointExtension>
            <ns3:atemp>8.0</ns3:atemp>
          </ns3:TrackPointExtension>
        </extensions>
      </trkpt>
      <trkpt lat="31.949223122" lon="34.963601762">
        <ele>153.80</ele>
        <time>2016-12-16T05:23:17.000Z</time>
        <extensions>
          <ns3:TrackPointExtension>
            <ns3:atemp>8.0</ns3:atemp>
          </ns3:TrackPointExtension>
        </extensions>
      </trkpt>
      <trkpt lat="31.949211136" lon="34.963615425">
        <ele>153.60</ele>
        <time>2016-12-16T05:23:18.000Z</time>
        <extensions>
          <ns3:TrackPointExtension>
            <ns3:atemp>8.0</ns3:atemp>
          </ns3:TrackPointExtension>
        </extensions>
      </trkpt>
      <trkpt lat="31.949155396" lon="34.963688180">
        <ele>152.80</ele>
        <time>2016-12-16T05:23:23.000Z</time>
        <extensions>
          <ns3:TrackPointExtension>
            <ns3:atemp>8.0</ns3:atemp>
          </ns3:TrackPointExtension>
        </extensions>
      </trkpt>
      <trkpt lat="31.949105021" lon="34.963821284">
        <ele>152.80</ele>
        <time>2016-12-16T05:23:29.000Z</time>
        <extensions>
          <ns3:TrackPointExtension>
            <ns3:atemp>8.0</ns3:atemp>
          </ns3:TrackPointExtension>
        </extensions>
      </trkpt>
      <trkpt lat="31.949061602" lon="34.963967297">
        <ele>153.60</ele>
        <time>2016-12-16T05:23:36.000Z</time>
        <extensions>
          <ns3:TrackPointExtension>
            <ns3:atemp>8.0</ns3:atemp>
          </ns3:TrackPointExtension>
        </extensions>
      </trkpt>
      <trkpt lat="31.949056238" lon="34.964048183">
        <ele>153.60</ele>
        <time>2016-12-16T05:23:42.000Z</time>
        <extensions>
          <ns3:TrackPointExtension>
            <ns3:atemp>8.0</ns3:atemp>
          </ns3:TrackPointExtension>
        </extensions>
      </trkpt>
      <trkpt lat="31.949057663" lon="34.964081123">
        <ele>153.60</ele>
        <time>2016-12-16T05:23:48.000Z</time>
        <extensions>
          <ns3:TrackPointExtension>
            <ns3:atemp>8.0</ns3:atemp>
          </ns3:TrackPointExtension>
        </extensions>
      </trkpt>
      <trkpt lat="31.949057663" lon="34.964081291">
        <ele>153.40</ele>
        <time>2016-12-16T05:24:06.000Z</time>
        <extensions>
          <ns3:TrackPointExtension>
            <ns3:atemp>8.0</ns3:atemp>
          </ns3:TrackPointExtension>
        </extensions>
      </trkpt>
      <trkpt lat="31.949058333" lon="34.964097552">
        <ele>153.40</ele>
        <time>2016-12-16T05:24:18.000Z</time>
        <extensions>
          <ns3:TrackPointExtension>
            <ns3:atemp>8.0</ns3:atemp>
          </ns3:TrackPointExtension>
        </extensions>
      </trkpt>
      <trkpt lat="31.949064117" lon="34.964114232">
        <ele>153.40</ele>
        <time>2016-12-16T05:24:26.000Z</time>
        <extensions>
          <ns3:TrackPointExtension>
            <ns3:atemp>8.0</ns3:atemp>
          </ns3:TrackPointExtension>
        </extensions>
      </trkpt>
      <trkpt lat="31.949082641" lon="34.964164859">
        <ele>153.40</ele>
        <time>2016-12-16T05:24:31.000Z</time>
        <extensions>
          <ns3:TrackPointExtension>
            <ns3:atemp>8.0</ns3:atemp>
          </ns3:TrackPointExtension>
        </extensions>
      </trkpt>
      <trkpt lat="31.949093286" lon="34.964321516">
        <ele>153.40</ele>
        <time>2016-12-16T05:24:36.000Z</time>
        <extensions>
          <ns3:TrackPointExtension>
            <ns3:atemp>8.0</ns3:atemp>
          </ns3:TrackPointExtension>
        </extensions>
      </trkpt>
      <trkpt lat="31.949114827" lon="34.964528549">
        <ele>152.00</ele>
        <time>2016-12-16T05:24:41.000Z</time>
        <extensions>
          <ns3:TrackPointExtension>
            <ns3:atemp>8.0</ns3:atemp>
          </ns3:TrackPointExtension>
        </extensions>
      </trkpt>
      <trkpt lat="31.949111810" lon="34.964586552">
        <ele>151.60</ele>
        <time>2016-12-16T05:24:42.000Z</time>
        <extensions>
          <ns3:TrackPointExtension>
            <ns3:atemp>8.0</ns3:atemp>
          </ns3:TrackPointExtension>
        </extensions>
      </trkpt>
      <trkpt lat="31.949093034" lon="34.964693757">
        <ele>151.00</ele>
        <time>2016-12-16T05:24:44.000Z</time>
        <extensions>
          <ns3:TrackPointExtension>
            <ns3:atemp>8.0</ns3:atemp>
          </ns3:TrackPointExtension>
        </extensions>
      </trkpt>
      <trkpt lat="31.949089849" lon="34.964741450">
        <ele>150.60</ele>
        <time>2016-12-16T05:24:45.000Z</time>
        <extensions>
          <ns3:TrackPointExtension>
            <ns3:atemp>8.0</ns3:atemp>
          </ns3:TrackPointExtension>
        </extensions>
      </trkpt>
      <trkpt lat="31.949111894" lon="34.964825101">
        <ele>150.00</ele>
        <time>2016-12-16T05:24:47.000Z</time>
        <extensions>
          <ns3:TrackPointExtension>
            <ns3:atemp>8.0</ns3:atemp>
          </ns3:TrackPointExtension>
        </extensions>
      </trkpt>
      <trkpt lat="31.949146930" lon="34.964892911">
        <ele>149.20</ele>
        <time>2016-12-16T05:24:49.000Z</time>
        <extensions>
          <ns3:TrackPointExtension>
            <ns3:atemp>8.0</ns3:atemp>
          </ns3:TrackPointExtension>
        </extensions>
      </trkpt>
      <trkpt lat="31.949172495" lon="34.964943370">
        <ele>148.80</ele>
        <time>2016-12-16T05:24:51.000Z</time>
        <extensions>
          <ns3:TrackPointExtension>
            <ns3:atemp>8.0</ns3:atemp>
          </ns3:TrackPointExtension>
        </extensions>
      </trkpt>
      <trkpt lat="31.949195126" lon="34.964989303">
        <ele>148.40</ele>
        <time>2016-12-16T05:24:54.000Z</time>
        <extensions>
          <ns3:TrackPointExtension>
            <ns3:atemp>8.0</ns3:atemp>
          </ns3:TrackPointExtension>
        </extensions>
      </trkpt>
      <trkpt lat="31.949221194" lon="34.965013023">
        <ele>147.80</ele>
        <time>2016-12-16T05:24:56.000Z</time>
        <extensions>
          <ns3:TrackPointExtension>
            <ns3:atemp>8.0</ns3:atemp>
          </ns3:TrackPointExtension>
        </extensions>
      </trkpt>
      <trkpt lat="31.949237371" lon="34.965017717">
        <ele>147.60</ele>
        <time>2016-12-16T05:24:57.000Z</time>
        <extensions>
          <ns3:TrackPointExtension>
            <ns3:atemp>8.0</ns3:atemp>
          </ns3:TrackPointExtension>
        </extensions>
      </trkpt>
      <trkpt lat="31.949297469" lon="34.965038421">
        <ele>147.60</ele>
        <time>2016-12-16T05:25:00.000Z</time>
        <extensions>
          <ns3:TrackPointExtension>
            <ns3:atemp>8.0</ns3:atemp>
          </ns3:TrackPointExtension>
        </extensions>
      </trkpt>
      <trkpt lat="31.949383803" lon="34.965099441">
        <ele>147.60</ele>
        <time>2016-12-16T05:25:05.000Z</time>
        <extensions>
          <ns3:TrackPointExtension>
            <ns3:atemp>8.0</ns3:atemp>
          </ns3:TrackPointExtension>
        </extensions>
      </trkpt>
      <trkpt lat="31.949508777" lon="34.965123916">
        <ele>148.00</ele>
        <time>2016-12-16T05:25:11.000Z</time>
        <extensions>
          <ns3:TrackPointExtension>
            <ns3:atemp>8.0</ns3:atemp>
          </ns3:TrackPointExtension>
        </extensions>
      </trkpt>
      <trkpt lat="31.949546328" lon="34.965129029">
        <ele>148.00</ele>
        <time>2016-12-16T05:25:13.000Z</time>
        <extensions>
          <ns3:TrackPointExtension>
            <ns3:atemp>8.0</ns3:atemp>
          </ns3:TrackPointExtension>
        </extensions>
      </trkpt>
      <trkpt lat="31.949613802" lon="34.965139003">
        <ele>148.00</ele>
        <time>2016-12-16T05:25:16.000Z</time>
        <extensions>
          <ns3:TrackPointExtension>
            <ns3:atemp>8.0</ns3:atemp>
          </ns3:TrackPointExtension>
        </extensions>
      </trkpt>
      <trkpt lat="31.949775489" lon="34.965111092">
        <ele>148.00</ele>
        <time>2016-12-16T05:25:22.000Z</time>
        <extensions>
          <ns3:TrackPointExtension>
            <ns3:atemp>8.0</ns3:atemp>
          </ns3:TrackPointExtension>
        </extensions>
      </trkpt>
      <trkpt lat="31.949876407" lon="34.965093071">
        <ele>147.60</ele>
        <time>2016-12-16T05:25:26.000Z</time>
        <extensions>
          <ns3:TrackPointExtension>
            <ns3:atemp>8.0</ns3:atemp>
          </ns3:TrackPointExtension>
        </extensions>
      </trkpt>
      <trkpt lat="31.949891914" lon="34.965071864">
        <ele>147.40</ele>
        <time>2016-12-16T05:25:27.000Z</time>
        <extensions>
          <ns3:TrackPointExtension>
            <ns3:atemp>8.0</ns3:atemp>
          </ns3:TrackPointExtension>
        </extensions>
      </trkpt>
      <trkpt lat="31.949862996" lon="34.964995002">
        <ele>147.40</ele>
        <time>2016-12-16T05:25:30.000Z</time>
        <extensions>
          <ns3:TrackPointExtension>
            <ns3:atemp>8.0</ns3:atemp>
          </ns3:TrackPointExtension>
        </extensions>
      </trkpt>
      <trkpt lat="31.949784458" lon="34.964942280">
        <ele>147.40</ele>
        <time>2016-12-16T05:25:34.000Z</time>
        <extensions>
          <ns3:TrackPointExtension>
            <ns3:atemp>8.0</ns3:atemp>
          </ns3:TrackPointExtension>
        </extensions>
      </trkpt>
      <trkpt lat="31.949748918" lon="34.964910178">
        <ele>146.80</ele>
        <time>2016-12-16T05:25:36.000Z</time>
        <extensions>
          <ns3:TrackPointExtension>
            <ns3:atemp>8.0</ns3:atemp>
          </ns3:TrackPointExtension>
        </extensions>
      </trkpt>
      <trkpt lat="31.949707931" lon="34.964885199">
        <ele>146.40</ele>
        <time>2016-12-16T05:25:38.000Z</time>
        <extensions>
          <ns3:TrackPointExtension>
            <ns3:atemp>8.0</ns3:atemp>
          </ns3:TrackPointExtension>
        </extensions>
      </trkpt>
      <trkpt lat="31.949671553" lon="34.964847062">
        <ele>146.00</ele>
        <time>2016-12-16T05:25:40.000Z</time>
        <extensions>
          <ns3:TrackPointExtension>
            <ns3:atemp>8.0</ns3:atemp>
          </ns3:TrackPointExtension>
        </extensions>
      </trkpt>
      <trkpt lat="31.949695693" lon="34.964795429">
        <ele>145.60</ele>
        <time>2016-12-16T05:25:43.000Z</time>
        <extensions>
          <ns3:TrackPointExtension>
            <ns3:atemp>8.0</ns3:atemp>
          </ns3:TrackPointExtension>
        </extensions>
      </trkpt>
      <trkpt lat="31.949755037" lon="34.964779587">
        <ele>145.20</ele>
        <time>2016-12-16T05:25:46.000Z</time>
        <extensions>
          <ns3:TrackPointExtension>
            <ns3:atemp>8.0</ns3:atemp>
          </ns3:TrackPointExtension>
        </extensions>
      </trkpt>
      <trkpt lat="31.949818740" lon="34.964776067">
        <ele>144.80</ele>
        <time>2016-12-16T05:25:48.000Z</time>
        <extensions>
          <ns3:TrackPointExtension>
            <ns3:atemp>8.0</ns3:atemp>
          </ns3:TrackPointExtension>
        </extensions>
      </trkpt>
      <trkpt lat="31.949950168" lon="34.964704402">
        <ele>144.20</ele>
        <time>2016-12-16T05:25:52.000Z</time>
        <extensions>
          <ns3:TrackPointExtension>
            <ns3:atemp>8.0</ns3:atemp>
          </ns3:TrackPointExtension>
        </extensions>
      </trkpt>
      <trkpt lat="31.949982354" lon="34.964679005">
        <ele>144.20</ele>
        <time>2016-12-16T05:25:53.000Z</time>
        <extensions>
          <ns3:TrackPointExtension>
            <ns3:atemp>8.0</ns3:atemp>
          </ns3:TrackPointExtension>
        </extensions>
      </trkpt>
      <trkpt lat="31.950113028" lon="34.964629719">
        <ele>143.40</ele>
        <time>2016-12-16T05:25:57.000Z</time>
        <extensions>
          <ns3:TrackPointExtension>
            <ns3:atemp>8.0</ns3:atemp>
          </ns3:TrackPointExtension>
        </extensions>
      </trkpt>
      <trkpt lat="31.950144880" lon="34.964612117">
        <ele>142.80</ele>
        <time>2016-12-16T05:25:58.000Z</time>
        <extensions>
          <ns3:TrackPointExtension>
            <ns3:atemp>8.0</ns3:atemp>
          </ns3:TrackPointExtension>
        </extensions>
      </trkpt>
      <trkpt lat="31.950266249" lon="34.964540452">
        <ele>141.80</ele>
        <time>2016-12-16T05:26:02.000Z</time>
        <extensions>
          <ns3:TrackPointExtension>
            <ns3:atemp>8.0</ns3:atemp>
          </ns3:TrackPointExtension>
        </extensions>
      </trkpt>
      <trkpt lat="31.950287288" lon="34.964527544">
        <ele>141.60</ele>
        <time>2016-12-16T05:26:03.000Z</time>
        <extensions>
          <ns3:TrackPointExtension>
            <ns3:atemp>8.0</ns3:atemp>
          </ns3:TrackPointExtension>
        </extensions>
      </trkpt>
      <trkpt lat="31.950397175" lon="34.964429643">
        <ele>141.00</ele>
        <time>2016-12-16T05:26:08.000Z</time>
        <extensions>
          <ns3:TrackPointExtension>
            <ns3:atemp>8.0</ns3:atemp>
          </ns3:TrackPointExtension>
        </extensions>
      </trkpt>
      <trkpt lat="31.950527765" lon="34.964327300">
        <ele>140.80</ele>
        <time>2016-12-16T05:26:12.000Z</time>
        <extensions>
          <ns3:TrackPointExtension>
            <ns3:atemp>8.0</ns3:atemp>
          </ns3:TrackPointExtension>
        </extensions>
      </trkpt>
      <trkpt lat="31.950613176" lon="34.964292012">
        <ele>140.60</ele>
        <time>2016-12-16T05:26:14.000Z</time>
        <extensions>
          <ns3:TrackPointExtension>
            <ns3:atemp>8.0</ns3:atemp>
          </ns3:TrackPointExtension>
        </extensions>
      </trkpt>
      <trkpt lat="31.950737061" lon="34.964267872">
        <ele>139.80</ele>
        <time>2016-12-16T05:26:17.000Z</time>
        <extensions>
          <ns3:TrackPointExtension>
            <ns3:atemp>8.0</ns3:atemp>
          </ns3:TrackPointExtension>
        </extensions>
      </trkpt>
      <trkpt lat="31.950775199" lon="34.964256557">
        <ele>139.40</ele>
        <time>2016-12-16T05:26:18.000Z</time>
        <extensions>
          <ns3:TrackPointExtension>
            <ns3:atemp>8.0</ns3:atemp>
          </ns3:TrackPointExtension>
        </extensions>
      </trkpt>
      <trkpt lat="31.950850971" lon="34.964238284">
        <ele>138.20</ele>
        <time>2016-12-16T05:26:20.000Z</time>
        <extensions>
          <ns3:TrackPointExtension>
            <ns3:atemp>8.0</ns3:atemp>
          </ns3:TrackPointExtension>
        </extensions>
      </trkpt>
      <trkpt lat="31.950920206" lon="34.964224622">
        <ele>137.00</ele>
        <time>2016-12-16T05:26:22.000Z</time>
        <extensions>
          <ns3:TrackPointExtension>
            <ns3:atemp>8.0</ns3:atemp>
          </ns3:TrackPointExtension>
        </extensions>
      </trkpt>
      <trkpt lat="31.950980723" lon="34.964203248">
        <ele>136.60</ele>
        <time>2016-12-16T05:26:24.000Z</time>
        <extensions>
          <ns3:TrackPointExtension>
            <ns3:atemp>8.0</ns3:atemp>
          </ns3:TrackPointExtension>
        </extensions>
      </trkpt>
      <trkpt lat="31.951079043" lon="34.964174163">
        <ele>136.00</ele>
        <time>2016-12-16T05:26:28.000Z</time>
        <extensions>
          <ns3:TrackPointExtension>
            <ns3:atemp>8.0</ns3:atemp>
          </ns3:TrackPointExtension>
        </extensions>
      </trkpt>
      <trkpt lat="31.951121707" lon="34.964177515">
        <ele>135.80</ele>
        <time>2016-12-16T05:26:30.000Z</time>
        <extensions>
          <ns3:TrackPointExtension>
            <ns3:atemp>8.0</ns3:atemp>
          </ns3:TrackPointExtension>
        </extensions>
      </trkpt>
      <trkpt lat="31.951252883" lon="34.964190759">
        <ele>135.40</ele>
        <time>2016-12-16T05:26:37.000Z</time>
        <extensions>
          <ns3:TrackPointExtension>
            <ns3:atemp>8.0</ns3:atemp>
          </ns3:TrackPointExtension>
        </extensions>
      </trkpt>
      <trkpt lat="31.951365452" lon="34.964148849">
        <ele>135.40</ele>
        <time>2016-12-16T05:26:42.000Z</time>
        <extensions>
          <ns3:TrackPointExtension>
            <ns3:atemp>8.0</ns3:atemp>
          </ns3:TrackPointExtension>
        </extensions>
      </trkpt>
      <trkpt lat="31.951405266" lon="34.964138372">
        <ele>135.40</ele>
        <time>2016-12-16T05:26:45.000Z</time>
        <extensions>
          <ns3:TrackPointExtension>
            <ns3:atemp>8.0</ns3:atemp>
          </ns3:TrackPointExtension>
        </extensions>
      </trkpt>
      <trkpt lat="31.951422952" lon="34.964124709">
        <ele>135.40</ele>
        <time>2016-12-16T05:26:47.000Z</time>
        <extensions>
          <ns3:TrackPointExtension>
            <ns3:atemp>8.0</ns3:atemp>
          </ns3:TrackPointExtension>
        </extensions>
      </trkpt>
      <trkpt lat="31.951425383" lon="34.964117082">
        <ele>135.00</ele>
        <time>2016-12-16T05:26:54.000Z</time>
        <extensions>
          <ns3:TrackPointExtension>
            <ns3:atemp>8.0</ns3:atemp>
          </ns3:TrackPointExtension>
        </extensions>
      </trkpt>
      <trkpt lat="31.951423623" lon="34.964112807">
        <ele>134.80</ele>
        <time>2016-12-16T05:27:02.000Z</time>
        <extensions>
          <ns3:TrackPointExtension>
            <ns3:atemp>8.0</ns3:atemp>
          </ns3:TrackPointExtension>
        </extensions>
      </trkpt>
      <trkpt lat="31.951419683" lon="34.964100737">
        <ele>134.80</ele>
        <time>2016-12-16T05:27:03.000Z</time>
        <extensions>
          <ns3:TrackPointExtension>
            <ns3:atemp>8.0</ns3:atemp>
          </ns3:TrackPointExtension>
        </extensions>
      </trkpt>
      <trkpt lat="31.951415744" lon="34.964080956">
        <ele>134.80</ele>
        <time>2016-12-16T05:27:04.000Z</time>
        <extensions>
          <ns3:TrackPointExtension>
            <ns3:atemp>8.0</ns3:atemp>
          </ns3:TrackPointExtension>
        </extensions>
      </trkpt>
      <trkpt lat="31.951356567" lon="34.963981966">
        <ele>134.80</ele>
        <time>2016-12-16T05:27:10.000Z</time>
        <extensions>
          <ns3:TrackPointExtension>
            <ns3:atemp>8.0</ns3:atemp>
          </ns3:TrackPointExtension>
        </extensions>
      </trkpt>
      <trkpt lat="31.951247519" lon="34.963973751">
        <ele>133.60</ele>
        <time>2016-12-16T05:27:15.000Z</time>
        <extensions>
          <ns3:TrackPointExtension>
            <ns3:atemp>8.0</ns3:atemp>
          </ns3:TrackPointExtension>
        </extensions>
      </trkpt>
      <trkpt lat="31.951101171" lon="34.963968471">
        <ele>133.20</ele>
        <time>2016-12-16T05:27:21.000Z</time>
        <extensions>
          <ns3:TrackPointExtension>
            <ns3:atemp>8.0</ns3:atemp>
          </ns3:TrackPointExtension>
        </extensions>
      </trkpt>
      <trkpt lat="31.951016346" lon="34.963918263">
        <ele>132.80</ele>
        <time>2016-12-16T05:27:25.000Z</time>
        <extensions>
          <ns3:TrackPointExtension>
            <ns3:atemp>8.0</ns3:atemp>
          </ns3:TrackPointExtension>
        </extensions>
      </trkpt>
      <trkpt lat="31.951012993" lon="34.963898398">
        <ele>132.80</ele>
        <time>2016-12-16T05:27:26.000Z</time>
        <extensions>
          <ns3:TrackPointExtension>
            <ns3:atemp>8.0</ns3:atemp>
          </ns3:TrackPointExtension>
        </extensions>
      </trkpt>
      <trkpt lat="31.951062027" lon="34.963835869">
        <ele>132.40</ele>
        <time>2016-12-16T05:27:30.000Z</time>
        <extensions>
          <ns3:TrackPointExtension>
            <ns3:atemp>8.0</ns3:atemp>
          </ns3:TrackPointExtension>
        </extensions>
      </trkpt>
      <trkpt lat="31.951079965" lon="34.963816423">
        <ele>132.00</ele>
        <time>2016-12-16T05:27:31.000Z</time>
        <extensions>
          <ns3:TrackPointExtension>
            <ns3:atemp>8.0</ns3:atemp>
          </ns3:TrackPointExtension>
        </extensions>
      </trkpt>
      <trkpt lat="31.951150540" lon="34.963698406">
        <ele>131.40</ele>
        <time>2016-12-16T05:27:38.000Z</time>
        <extensions>
          <ns3:TrackPointExtension>
            <ns3:atemp>8.0</ns3:atemp>
          </ns3:TrackPointExtension>
        </extensions>
      </trkpt>
      <trkpt lat="31.951168226" lon="34.963695053">
        <ele>131.40</ele>
        <time>2016-12-16T05:27:41.000Z</time>
        <extensions>
          <ns3:TrackPointExtension>
            <ns3:atemp>8.0</ns3:atemp>
          </ns3:TrackPointExtension>
        </extensions>
      </trkpt>
      <trkpt lat="31.951200413" lon="34.963676194">
        <ele>131.40</ele>
        <time>2016-12-16T05:27:43.000Z</time>
        <extensions>
          <ns3:TrackPointExtension>
            <ns3:atemp>8.0</ns3:atemp>
          </ns3:TrackPointExtension>
        </extensions>
      </trkpt>
      <trkpt lat="31.951271910" lon="34.963614587">
        <ele>131.60</ele>
        <time>2016-12-16T05:27:49.000Z</time>
        <extensions>
          <ns3:TrackPointExtension>
            <ns3:atemp>8.0</ns3:atemp>
          </ns3:TrackPointExtension>
        </extensions>
      </trkpt>
      <trkpt lat="31.951299906" lon="34.963568905">
        <ele>131.80</ele>
        <time>2016-12-16T05:27:54.000Z</time>
        <extensions>
          <ns3:TrackPointExtension>
            <ns3:atemp>8.0</ns3:atemp>
          </ns3:TrackPointExtension>
        </extensions>
      </trkpt>
      <trkpt lat="31.951309210" lon="34.963533785">
        <ele>131.80</ele>
        <time>2016-12-16T05:27:56.000Z</time>
        <extensions>
          <ns3:TrackPointExtension>
            <ns3:atemp>8.0</ns3:atemp>
          </ns3:TrackPointExtension>
        </extensions>
      </trkpt>
      <trkpt lat="31.951342067" lon="34.963473938">
        <ele>132.00</ele>
        <time>2016-12-16T05:27:59.000Z</time>
        <extensions>
          <ns3:TrackPointExtension>
            <ns3:atemp>8.0</ns3:atemp>
          </ns3:TrackPointExtension>
        </extensions>
      </trkpt>
      <trkpt lat="31.951368302" lon="34.963433621">
        <ele>132.00</ele>
        <time>2016-12-16T05:28:02.000Z</time>
        <extensions>
          <ns3:TrackPointExtension>
            <ns3:atemp>8.0</ns3:atemp>
          </ns3:TrackPointExtension>
        </extensions>
      </trkpt>
      <trkpt lat="31.951438626" lon="34.963364974">
        <ele>133.20</ele>
        <time>2016-12-16T05:28:08.000Z</time>
        <extensions>
          <ns3:TrackPointExtension>
            <ns3:atemp>8.0</ns3:atemp>
          </ns3:TrackPointExtension>
        </extensions>
      </trkpt>
      <trkpt lat="31.951451954" lon="34.963351730">
        <ele>133.20</ele>
        <time>2016-12-16T05:28:09.000Z</time>
        <extensions>
          <ns3:TrackPointExtension>
            <ns3:atemp>8.0</ns3:atemp>
          </ns3:TrackPointExtension>
        </extensions>
      </trkpt>
      <trkpt lat="31.951551111" lon="34.963271515">
        <ele>134.00</ele>
        <time>2016-12-16T05:28:16.000Z</time>
        <extensions>
          <ns3:TrackPointExtension>
            <ns3:atemp>8.0</ns3:atemp>
          </ns3:TrackPointExtension>
        </extensions>
      </trkpt>
      <trkpt lat="31.951578772" lon="34.963244610">
        <ele>134.20</ele>
        <time>2016-12-16T05:28:18.000Z</time>
        <extensions>
          <ns3:TrackPointExtension>
            <ns3:atemp>8.0</ns3:atemp>
          </ns3:TrackPointExtension>
        </extensions>
      </trkpt>
      <trkpt lat="31.951626716" lon="34.963187361">
        <ele>134.60</ele>
        <time>2016-12-16T05:28:23.000Z</time>
        <extensions>
          <ns3:TrackPointExtension>
            <ns3:atemp>8.0</ns3:atemp>
          </ns3:TrackPointExtension>
        </extensions>
      </trkpt>
      <trkpt lat="31.951650437" lon="34.963177051">
        <ele>134.80</ele>
        <time>2016-12-16T05:28:30.000Z</time>
        <extensions>
          <ns3:TrackPointExtension>
            <ns3:atemp>8.0</ns3:atemp>
          </ns3:TrackPointExtension>
        </extensions>
      </trkpt>
      <trkpt lat="31.951652030" lon="34.963176129">
        <ele>134.80</ele>
        <time>2016-12-16T05:28:45.000Z</time>
        <extensions>
          <ns3:TrackPointExtension>
            <ns3:atemp>8.0</ns3:atemp>
          </ns3:TrackPointExtension>
        </extensions>
      </trkpt>
      <trkpt lat="31.951676505" lon="34.963166239">
        <ele>134.80</ele>
        <time>2016-12-16T05:28:47.000Z</time>
        <extensions>
          <ns3:TrackPointExtension>
            <ns3:atemp>8.0</ns3:atemp>
          </ns3:TrackPointExtension>
        </extensions>
      </trkpt>
      <trkpt lat="31.951696035" lon="34.963142183">
        <ele>135.00</ele>
        <time>2016-12-16T05:28:52.000Z</time>
        <extensions>
          <ns3:TrackPointExtension>
            <ns3:atemp>8.0</ns3:atemp>
          </ns3:TrackPointExtension>
        </extensions>
      </trkpt>
      <trkpt lat="31.951724030" lon="34.963123659">
        <ele>135.00</ele>
        <time>2016-12-16T05:29:01.000Z</time>
        <extensions>
          <ns3:TrackPointExtension>
            <ns3:atemp>8.0</ns3:atemp>
          </ns3:TrackPointExtension>
        </extensions>
      </trkpt>
      <trkpt lat="31.951722438" lon="34.963121731">
        <ele>135.00</ele>
        <time>2016-12-16T05:29:03.000Z</time>
        <extensions>
          <ns3:TrackPointExtension>
            <ns3:atemp>8.0</ns3:atemp>
          </ns3:TrackPointExtension>
        </extensions>
      </trkpt>
      <trkpt lat="31.951723192" lon="34.963122066">
        <ele>135.20</ele>
        <time>2016-12-16T05:29:10.000Z</time>
        <extensions>
          <ns3:TrackPointExtension>
            <ns3:atemp>8.0</ns3:atemp>
          </ns3:TrackPointExtension>
        </extensions>
      </trkpt>
      <trkpt lat="31.951726377" lon="34.963125754">
        <ele>135.20</ele>
        <time>2016-12-16T05:29:20.000Z</time>
        <extensions>
          <ns3:TrackPointExtension>
            <ns3:atemp>8.0</ns3:atemp>
          </ns3:TrackPointExtension>
        </extensions>
      </trkpt>
      <trkpt lat="31.951725874" lon="34.963126928">
        <ele>135.20</ele>
        <time>2016-12-16T05:29:27.000Z</time>
        <extensions>
          <ns3:TrackPointExtension>
            <ns3:atemp>8.0</ns3:atemp>
          </ns3:TrackPointExtension>
        </extensions>
      </trkpt>
      <trkpt lat="31.951730065" lon="34.963109745">
        <ele>135.20</ele>
        <time>2016-12-16T05:29:35.000Z</time>
        <extensions>
          <ns3:TrackPointExtension>
            <ns3:atemp>8.0</ns3:atemp>
          </ns3:TrackPointExtension>
        </extensions>
      </trkpt>
      <trkpt lat="31.951730317" lon="34.963108404">
        <ele>135.40</ele>
        <time>2016-12-16T05:29:48.000Z</time>
        <extensions>
          <ns3:TrackPointExtension>
            <ns3:atemp>8.0</ns3:atemp>
          </ns3:TrackPointExtension>
        </extensions>
      </trkpt>
      <trkpt lat="31.951733502" lon="34.963105973">
        <ele>135.20</ele>
        <time>2016-12-16T05:30:00.000Z</time>
        <extensions>
          <ns3:TrackPointExtension>
            <ns3:atemp>8.0</ns3:atemp>
          </ns3:TrackPointExtension>
        </extensions>
      </trkpt>
      <trkpt lat="31.951772142" lon="34.962998852">
        <ele>135.20</ele>
        <time>2016-12-16T05:30:08.000Z</time>
        <extensions>
          <ns3:TrackPointExtension>
            <ns3:atemp>8.0</ns3:atemp>
          </ns3:TrackPointExtension>
        </extensions>
      </trkpt>
      <trkpt lat="31.951809190" lon="34.962843284">
        <ele>135.40</ele>
        <time>2016-12-16T05:30:15.000Z</time>
        <extensions>
          <ns3:TrackPointExtension>
            <ns3:atemp>8.0</ns3:atemp>
          </ns3:TrackPointExtension>
        </extensions>
      </trkpt>
      <trkpt lat="31.951813465" lon="34.962797603">
        <ele>135.80</ele>
        <time>2016-12-16T05:30:18.000Z</time>
        <extensions>
          <ns3:TrackPointExtension>
            <ns3:atemp>8.0</ns3:atemp>
          </ns3:TrackPointExtension>
        </extensions>
      </trkpt>
      <trkpt lat="31.951816315" lon="34.962787293">
        <ele>136.00</ele>
        <time>2016-12-16T05:30:19.000Z</time>
        <extensions>
          <ns3:TrackPointExtension>
            <ns3:atemp>8.0</ns3:atemp>
          </ns3:TrackPointExtension>
        </extensions>
      </trkpt>
      <trkpt lat="31.951823439" lon="34.962766171">
        <ele>136.40</ele>
        <time>2016-12-16T05:30:21.000Z</time>
        <extensions>
          <ns3:TrackPointExtension>
            <ns3:atemp>8.0</ns3:atemp>
          </ns3:TrackPointExtension>
        </extensions>
      </trkpt>
      <trkpt lat="31.951837353" lon="34.962740019">
        <ele>136.60</ele>
        <time>2016-12-16T05:30:26.000Z</time>
        <extensions>
          <ns3:TrackPointExtension>
            <ns3:atemp>8.0</ns3:atemp>
          </ns3:TrackPointExtension>
        </extensions>
      </trkpt>
      <trkpt lat="31.951849759" lon="34.962696014">
        <ele>137.00</ele>
        <time>2016-12-16T05:30:34.000Z</time>
        <extensions>
          <ns3:TrackPointExtension>
            <ns3:atemp>8.0</ns3:atemp>
          </ns3:TrackPointExtension>
        </extensions>
      </trkpt>
      <trkpt lat="31.951849256" lon="34.962695343">
        <ele>137.20</ele>
        <time>2016-12-16T05:30:35.000Z</time>
        <extensions>
          <ns3:TrackPointExtension>
            <ns3:atemp>8.0</ns3:atemp>
          </ns3:TrackPointExtension>
        </extensions>
      </trkpt>
      <trkpt lat="31.951858392" lon="34.962673299">
        <ele>138.00</ele>
        <time>2016-12-16T05:30:41.000Z</time>
        <extensions>
          <ns3:TrackPointExtension>
            <ns3:atemp>8.0</ns3:atemp>
          </ns3:TrackPointExtension>
        </extensions>
      </trkpt>
      <trkpt lat="31.951861577" lon="34.962660642">
        <ele>138.00</ele>
        <time>2016-12-16T05:30:42.000Z</time>
        <extensions>
          <ns3:TrackPointExtension>
            <ns3:atemp>8.0</ns3:atemp>
          </ns3:TrackPointExtension>
        </extensions>
      </trkpt>
      <trkpt lat="31.951873982" lon="34.962551342">
        <ele>138.20</ele>
        <time>2016-12-16T05:30:48.000Z</time>
        <extensions>
          <ns3:TrackPointExtension>
            <ns3:atemp>8.0</ns3:atemp>
          </ns3:TrackPointExtension>
        </extensions>
      </trkpt>
      <trkpt lat="31.951876329" lon="34.962532483">
        <ele>138.20</ele>
        <time>2016-12-16T05:30:49.000Z</time>
        <extensions>
          <ns3:TrackPointExtension>
            <ns3:atemp>8.0</ns3:atemp>
          </ns3:TrackPointExtension>
        </extensions>
      </trkpt>
      <trkpt lat="31.951902397" lon="34.962437600">
        <ele>138.40</ele>
        <time>2016-12-16T05:30:54.000Z</time>
        <extensions>
          <ns3:TrackPointExtension>
            <ns3:atemp>8.0</ns3:atemp>
          </ns3:TrackPointExtension>
        </extensions>
      </trkpt>
      <trkpt lat="31.951934081" lon="34.962350260">
        <ele>139.20</ele>
        <time>2016-12-16T05:30:58.000Z</time>
        <extensions>
          <ns3:TrackPointExtension>
            <ns3:atemp>8.0</ns3:atemp>
          </ns3:TrackPointExtension>
        </extensions>
      </trkpt>
      <trkpt lat="31.951953191" lon="34.962319164">
        <ele>139.60</ele>
        <time>2016-12-16T05:31:00.000Z</time>
        <extensions>
          <ns3:TrackPointExtension>
            <ns3:atemp>8.0</ns3:atemp>
          </ns3:TrackPointExtension>
        </extensions>
      </trkpt>
      <trkpt lat="31.951963669" lon="34.962312123">
        <ele>139.80</ele>
        <time>2016-12-16T05:31:01.000Z</time>
        <extensions>
          <ns3:TrackPointExtension>
            <ns3:atemp>8.0</ns3:atemp>
          </ns3:TrackPointExtension>
        </extensions>
      </trkpt>
      <trkpt lat="31.952035250" lon="34.962296784">
        <ele>139.80</ele>
        <time>2016-12-16T05:31:06.000Z</time>
        <extensions>
          <ns3:TrackPointExtension>
            <ns3:atemp>8.0</ns3:atemp>
          </ns3:TrackPointExtension>
        </extensions>
      </trkpt>
      <trkpt lat="31.952073136" lon="34.962275578">
        <ele>139.80</ele>
        <time>2016-12-16T05:31:09.000Z</time>
        <extensions>
          <ns3:TrackPointExtension>
            <ns3:atemp>8.0</ns3:atemp>
          </ns3:TrackPointExtension>
        </extensions>
      </trkpt>
      <trkpt lat="31.952089649" lon="34.962255126">
        <ele>139.80</ele>
        <time>2016-12-16T05:31:11.000Z</time>
        <extensions>
          <ns3:TrackPointExtension>
            <ns3:atemp>8.0</ns3:atemp>
          </ns3:TrackPointExtension>
        </extensions>
      </trkpt>
      <trkpt lat="31.952102808" lon="34.962196117">
        <ele>139.40</ele>
        <time>2016-12-16T05:31:15.000Z</time>
        <extensions>
          <ns3:TrackPointExtension>
            <ns3:atemp>8.0</ns3:atemp>
          </ns3:TrackPointExtension>
        </extensions>
      </trkpt>
      <trkpt lat="31.952135917" lon="34.962147670">
        <ele>139.20</ele>
        <time>2016-12-16T05:31:18.000Z</time>
        <extensions>
          <ns3:TrackPointExtension>
            <ns3:atemp>8.0</ns3:atemp>
          </ns3:TrackPointExtension>
        </extensions>
      </trkpt>
      <trkpt lat="31.952223592" lon="34.962097714">
        <ele>139.20</ele>
        <time>2016-12-16T05:31:24.000Z</time>
        <extensions>
          <ns3:TrackPointExtension>
            <ns3:atemp>8.0</ns3:atemp>
          </ns3:TrackPointExtension>
        </extensions>
      </trkpt>
      <trkpt lat="31.952245887" lon="34.962084806">
        <ele>139.80</ele>
        <time>2016-12-16T05:31:29.000Z</time>
        <extensions>
          <ns3:TrackPointExtension>
            <ns3:atemp>8.0</ns3:atemp>
          </ns3:TrackPointExtension>
        </extensions>
      </trkpt>
      <trkpt lat="31.952251503" lon="34.962079776">
        <ele>140.00</ele>
        <time>2016-12-16T05:31:31.000Z</time>
        <extensions>
          <ns3:TrackPointExtension>
            <ns3:atemp>8.0</ns3:atemp>
          </ns3:TrackPointExtension>
        </extensions>
      </trkpt>
      <trkpt lat="31.952276481" lon="34.962074831">
        <ele>140.20</ele>
        <time>2016-12-16T05:31:34.000Z</time>
        <extensions>
          <ns3:TrackPointExtension>
            <ns3:atemp>8.0</ns3:atemp>
          </ns3:TrackPointExtension>
        </extensions>
      </trkpt>
      <trkpt lat="31.952285031" lon="34.962074831">
        <ele>140.40</ele>
        <time>2016-12-16T05:31:36.000Z</time>
        <extensions>
          <ns3:TrackPointExtension>
            <ns3:atemp>8.0</ns3:atemp>
          </ns3:TrackPointExtension>
        </extensions>
      </trkpt>
      <trkpt lat="31.952307494" lon="34.962071395">
        <ele>140.40</ele>
        <time>2016-12-16T05:31:42.000Z</time>
        <extensions>
          <ns3:TrackPointExtension>
            <ns3:atemp>8.0</ns3:atemp>
          </ns3:TrackPointExtension>
        </extensions>
      </trkpt>
      <trkpt lat="31.952348314" lon="34.962071311">
        <ele>140.60</ele>
        <time>2016-12-16T05:31:53.000Z</time>
        <extensions>
          <ns3:TrackPointExtension>
            <ns3:atemp>8.0</ns3:atemp>
          </ns3:TrackPointExtension>
        </extensions>
      </trkpt>
      <trkpt lat="31.952419812" lon="34.962139288">
        <ele>141.00</ele>
        <time>2016-12-16T05:32:00.000Z</time>
        <extensions>
          <ns3:TrackPointExtension>
            <ns3:atemp>8.0</ns3:atemp>
          </ns3:TrackPointExtension>
        </extensions>
      </trkpt>
      <trkpt lat="31.952466164" lon="34.962182874">
        <ele>141.00</ele>
        <time>2016-12-16T05:32:03.000Z</time>
        <extensions>
          <ns3:TrackPointExtension>
            <ns3:atemp>8.0</ns3:atemp>
          </ns3:TrackPointExtension>
        </extensions>
      </trkpt>
      <trkpt lat="31.952482760" lon="34.962186478">
        <ele>141.00</ele>
        <time>2016-12-16T05:32:04.000Z</time>
        <extensions>
          <ns3:TrackPointExtension>
            <ns3:atemp>8.0</ns3:atemp>
          </ns3:TrackPointExtension>
        </extensions>
      </trkpt>
      <trkpt lat="31.952592395" lon="34.962156052">
        <ele>141.20</ele>
        <time>2016-12-16T05:32:10.000Z</time>
        <extensions>
          <ns3:TrackPointExtension>
            <ns3:atemp>8.0</ns3:atemp>
          </ns3:TrackPointExtension>
        </extensions>
      </trkpt>
      <trkpt lat="31.952608908" lon="34.962155968">
        <ele>141.40</ele>
        <time>2016-12-16T05:32:11.000Z</time>
        <extensions>
          <ns3:TrackPointExtension>
            <ns3:atemp>8.0</ns3:atemp>
          </ns3:TrackPointExtension>
        </extensions>
      </trkpt>
      <trkpt lat="31.952696750" lon="34.962159153">
        <ele>141.80</ele>
        <time>2016-12-16T05:32:17.000Z</time>
        <extensions>
          <ns3:TrackPointExtension>
            <ns3:atemp>8.0</ns3:atemp>
          </ns3:TrackPointExtension>
        </extensions>
      </trkpt>
      <trkpt lat="31.952724829" lon="34.962186143">
        <ele>142.20</ele>
        <time>2016-12-16T05:32:22.000Z</time>
        <extensions>
          <ns3:TrackPointExtension>
            <ns3:atemp>8.0</ns3:atemp>
          </ns3:TrackPointExtension>
        </extensions>
      </trkpt>
      <trkpt lat="31.952748131" lon="34.962189663">
        <ele>142.20</ele>
        <time>2016-12-16T05:32:26.000Z</time>
        <extensions>
          <ns3:TrackPointExtension>
            <ns3:atemp>8.0</ns3:atemp>
          </ns3:TrackPointExtension>
        </extensions>
      </trkpt>
      <trkpt lat="31.952784760" lon="34.962189244">
        <ele>142.40</ele>
        <time>2016-12-16T05:32:31.000Z</time>
        <extensions>
          <ns3:TrackPointExtension>
            <ns3:atemp>8.0</ns3:atemp>
          </ns3:TrackPointExtension>
        </extensions>
      </trkpt>
      <trkpt lat="31.952796578" lon="34.962203493">
        <ele>142.40</ele>
        <time>2016-12-16T05:32:35.000Z</time>
        <extensions>
          <ns3:TrackPointExtension>
            <ns3:atemp>8.0</ns3:atemp>
          </ns3:TrackPointExtension>
        </extensions>
      </trkpt>
      <trkpt lat="31.952826083" lon="34.962212630">
        <ele>142.60</ele>
        <time>2016-12-16T05:32:37.000Z</time>
        <extensions>
          <ns3:TrackPointExtension>
            <ns3:atemp>8.0</ns3:atemp>
          </ns3:TrackPointExtension>
        </extensions>
      </trkpt>
      <trkpt lat="31.952953236" lon="34.962266693">
        <ele>142.60</ele>
        <time>2016-12-16T05:32:43.000Z</time>
        <extensions>
          <ns3:TrackPointExtension>
            <ns3:atemp>8.0</ns3:atemp>
          </ns3:TrackPointExtension>
        </extensions>
      </trkpt>
      <trkpt lat="31.953075109" lon="34.962289659">
        <ele>142.40</ele>
        <time>2016-12-16T05:32:49.000Z</time>
        <extensions>
          <ns3:TrackPointExtension>
            <ns3:atemp>8.0</ns3:atemp>
          </ns3:TrackPointExtension>
        </extensions>
      </trkpt>
      <trkpt lat="31.953220032" lon="34.962304244">
        <ele>142.40</ele>
        <time>2016-12-16T05:32:56.000Z</time>
        <extensions>
          <ns3:TrackPointExtension>
            <ns3:atemp>8.0</ns3:atemp>
          </ns3:TrackPointExtension>
        </extensions>
      </trkpt>
      <trkpt lat="31.953302175" lon="34.962337436">
        <ele>142.60</ele>
        <time>2016-12-16T05:33:02.000Z</time>
        <extensions>
          <ns3:TrackPointExtension>
            <ns3:atemp>8.0</ns3:atemp>
          </ns3:TrackPointExtension>
        </extensions>
      </trkpt>
      <trkpt lat="31.953316089" lon="34.962334838">
        <ele>142.80</ele>
        <time>2016-12-16T05:33:13.000Z</time>
        <extensions>
          <ns3:TrackPointExtension>
            <ns3:atemp>8.0</ns3:atemp>
          </ns3:TrackPointExtension>
        </extensions>
      </trkpt>
      <trkpt lat="31.953361938" lon="34.962344393">
        <ele>142.80</ele>
        <time>2016-12-16T05:33:18.000Z</time>
        <extensions>
          <ns3:TrackPointExtension>
            <ns3:atemp>8.0</ns3:atemp>
          </ns3:TrackPointExtension>
        </extensions>
      </trkpt>
      <trkpt lat="31.953375936" lon="34.962343639">
        <ele>142.80</ele>
        <time>2016-12-16T05:33:19.000Z</time>
        <extensions>
          <ns3:TrackPointExtension>
            <ns3:atemp>8.0</ns3:atemp>
          </ns3:TrackPointExtension>
        </extensions>
      </trkpt>
      <trkpt lat="31.953425221" lon="34.962325953">
        <ele>142.80</ele>
        <time>2016-12-16T05:33:23.000Z</time>
        <extensions>
          <ns3:TrackPointExtension>
            <ns3:atemp>8.0</ns3:atemp>
          </ns3:TrackPointExtension>
        </extensions>
      </trkpt>
      <trkpt lat="31.953483643" lon="34.962300221">
        <ele>143.00</ele>
        <time>2016-12-16T05:33:28.000Z</time>
        <extensions>
          <ns3:TrackPointExtension>
            <ns3:atemp>8.0</ns3:atemp>
          </ns3:TrackPointExtension>
        </extensions>
      </trkpt>
      <trkpt lat="31.953512980" lon="34.962302819">
        <ele>143.20</ele>
        <time>2016-12-16T05:33:30.000Z</time>
        <extensions>
          <ns3:TrackPointExtension>
            <ns3:atemp>8.0</ns3:atemp>
          </ns3:TrackPointExtension>
        </extensions>
      </trkpt>
      <trkpt lat="31.953617083" lon="34.962308267">
        <ele>143.60</ele>
        <time>2016-12-16T05:33:34.000Z</time>
        <extensions>
          <ns3:TrackPointExtension>
            <ns3:atemp>8.0</ns3:atemp>
          </ns3:TrackPointExtension>
        </extensions>
      </trkpt>
      <trkpt lat="31.953709871" lon="34.962351602">
        <ele>144.00</ele>
        <time>2016-12-16T05:33:39.000Z</time>
        <extensions>
          <ns3:TrackPointExtension>
            <ns3:atemp>8.0</ns3:atemp>
          </ns3:TrackPointExtension>
        </extensions>
      </trkpt>
      <trkpt lat="31.953744823" lon="34.962385213">
        <ele>144.20</ele>
        <time>2016-12-16T05:33:41.000Z</time>
        <extensions>
          <ns3:TrackPointExtension>
            <ns3:atemp>8.0</ns3:atemp>
          </ns3:TrackPointExtension>
        </extensions>
      </trkpt>
      <trkpt lat="31.953804670" lon="34.962443467">
        <ele>144.60</ele>
        <time>2016-12-16T05:33:45.000Z</time>
        <extensions>
          <ns3:TrackPointExtension>
            <ns3:atemp>8.0</ns3:atemp>
          </ns3:TrackPointExtension>
        </extensions>
      </trkpt>
      <trkpt lat="31.953836186" lon="34.962493004">
        <ele>144.80</ele>
        <time>2016-12-16T05:33:50.000Z</time>
        <extensions>
          <ns3:TrackPointExtension>
            <ns3:atemp>8.0</ns3:atemp>
          </ns3:TrackPointExtension>
        </extensions>
      </trkpt>
      <trkpt lat="31.953845238" lon="34.962543547">
        <ele>145.20</ele>
        <time>2016-12-16T05:33:54.000Z</time>
        <extensions>
          <ns3:TrackPointExtension>
            <ns3:atemp>8.0</ns3:atemp>
          </ns3:TrackPointExtension>
        </extensions>
      </trkpt>
      <trkpt lat="31.953878095" lon="34.962563412">
        <ele>145.20</ele>
        <time>2016-12-16T05:33:56.000Z</time>
        <extensions>
          <ns3:TrackPointExtension>
            <ns3:atemp>8.0</ns3:atemp>
          </ns3:TrackPointExtension>
        </extensions>
      </trkpt>
      <trkpt lat="31.953918329" lon="34.962587887">
        <ele>145.20</ele>
        <time>2016-12-16T05:33:59.000Z</time>
        <extensions>
          <ns3:TrackPointExtension>
            <ns3:atemp>8.0</ns3:atemp>
          </ns3:TrackPointExtension>
        </extensions>
      </trkpt>
      <trkpt lat="31.953936433" lon="34.962607920">
        <ele>145.00</ele>
        <time>2016-12-16T05:34:01.000Z</time>
        <extensions>
          <ns3:TrackPointExtension>
            <ns3:atemp>8.0</ns3:atemp>
          </ns3:TrackPointExtension>
        </extensions>
      </trkpt>
      <trkpt lat="31.953959735" lon="34.962617811">
        <ele>144.60</ele>
        <time>2016-12-16T05:34:03.000Z</time>
        <extensions>
          <ns3:TrackPointExtension>
            <ns3:atemp>8.0</ns3:atemp>
          </ns3:TrackPointExtension>
        </extensions>
      </trkpt>
      <trkpt lat="31.954039447" lon="34.962640945">
        <ele>144.60</ele>
        <time>2016-12-16T05:34:08.000Z</time>
        <extensions>
          <ns3:TrackPointExtension>
            <ns3:atemp>8.0</ns3:atemp>
          </ns3:TrackPointExtension>
        </extensions>
      </trkpt>
      <trkpt lat="31.954098959" lon="34.962643711">
        <ele>144.60</ele>
        <time>2016-12-16T05:34:12.000Z</time>
        <extensions>
          <ns3:TrackPointExtension>
            <ns3:atemp>8.0</ns3:atemp>
          </ns3:TrackPointExtension>
        </extensions>
      </trkpt>
      <trkpt lat="31.954148412" lon="34.962669611">
        <ele>144.80</ele>
        <time>2016-12-16T05:34:15.000Z</time>
        <extensions>
          <ns3:TrackPointExtension>
            <ns3:atemp>8.0</ns3:atemp>
          </ns3:TrackPointExtension>
        </extensions>
      </trkpt>
      <trkpt lat="31.954213036" lon="34.962686794">
        <ele>145.20</ele>
        <time>2016-12-16T05:34:18.000Z</time>
        <extensions>
          <ns3:TrackPointExtension>
            <ns3:atemp>8.0</ns3:atemp>
          </ns3:TrackPointExtension>
        </extensions>
      </trkpt>
      <trkpt lat="31.954272296" lon="34.962683609">
        <ele>145.40</ele>
        <time>2016-12-16T05:34:21.000Z</time>
        <extensions>
          <ns3:TrackPointExtension>
            <ns3:atemp>8.0</ns3:atemp>
          </ns3:TrackPointExtension>
        </extensions>
      </trkpt>
      <trkpt lat="31.954376651" lon="34.962694673">
        <ele>145.60</ele>
        <time>2016-12-16T05:34:27.000Z</time>
        <extensions>
          <ns3:TrackPointExtension>
            <ns3:atemp>8.0</ns3:atemp>
          </ns3:TrackPointExtension>
        </extensions>
      </trkpt>
      <trkpt lat="31.954513025" lon="34.962728117">
        <ele>145.80</ele>
        <time>2016-12-16T05:34:33.000Z</time>
        <extensions>
          <ns3:TrackPointExtension>
            <ns3:atemp>8.0</ns3:atemp>
          </ns3:TrackPointExtension>
        </extensions>
      </trkpt>
      <trkpt lat="31.954533812" lon="34.962719902">
        <ele>146.00</ele>
        <time>2016-12-16T05:34:34.000Z</time>
        <extensions>
          <ns3:TrackPointExtension>
            <ns3:atemp>8.0</ns3:atemp>
          </ns3:TrackPointExtension>
        </extensions>
      </trkpt>
      <trkpt lat="31.954585360" lon="34.962685704">
        <ele>146.00</ele>
        <time>2016-12-16T05:34:37.000Z</time>
        <extensions>
          <ns3:TrackPointExtension>
            <ns3:atemp>8.0</ns3:atemp>
          </ns3:TrackPointExtension>
        </extensions>
      </trkpt>
      <trkpt lat="31.954688625" lon="34.962690817">
        <ele>146.20</ele>
        <time>2016-12-16T05:34:42.000Z</time>
        <extensions>
          <ns3:TrackPointExtension>
            <ns3:atemp>8.0</ns3:atemp>
          </ns3:TrackPointExtension>
        </extensions>
      </trkpt>
      <trkpt lat="31.954708742" lon="34.962687632">
        <ele>146.20</ele>
        <time>2016-12-16T05:34:43.000Z</time>
        <extensions>
          <ns3:TrackPointExtension>
            <ns3:atemp>8.0</ns3:atemp>
          </ns3:TrackPointExtension>
        </extensions>
      </trkpt>
      <trkpt lat="31.954799099" lon="34.962675059">
        <ele>146.40</ele>
        <time>2016-12-16T05:34:48.000Z</time>
        <extensions>
          <ns3:TrackPointExtension>
            <ns3:atemp>8.0</ns3:atemp>
          </ns3:TrackPointExtension>
        </extensions>
      </trkpt>
      <trkpt lat="31.954821311" lon="34.962689560">
        <ele>146.60</ele>
        <time>2016-12-16T05:34:49.000Z</time>
        <extensions>
          <ns3:TrackPointExtension>
            <ns3:atemp>8.0</ns3:atemp>
          </ns3:TrackPointExtension>
        </extensions>
      </trkpt>
      <trkpt lat="31.954878224" lon="34.962736918">
        <ele>146.60</ele>
        <time>2016-12-16T05:34:52.000Z</time>
        <extensions>
          <ns3:TrackPointExtension>
            <ns3:atemp>8.0</ns3:atemp>
          </ns3:TrackPointExtension>
        </extensions>
      </trkpt>
      <trkpt lat="31.954962378" lon="34.962809756">
        <ele>146.60</ele>
        <time>2016-12-16T05:34:57.000Z</time>
        <extensions>
          <ns3:TrackPointExtension>
            <ns3:atemp>8.0</ns3:atemp>
          </ns3:TrackPointExtension>
        </extensions>
      </trkpt>
      <trkpt lat="31.955063799" lon="34.962872118">
        <ele>146.60</ele>
        <time>2016-12-16T05:35:02.000Z</time>
        <extensions>
          <ns3:TrackPointExtension>
            <ns3:atemp>8.0</ns3:atemp>
          </ns3:TrackPointExtension>
        </extensions>
      </trkpt>
      <trkpt lat="31.955125825" lon="34.962903131">
        <ele>146.40</ele>
        <time>2016-12-16T05:35:06.000Z</time>
        <extensions>
          <ns3:TrackPointExtension>
            <ns3:atemp>8.0</ns3:atemp>
          </ns3:TrackPointExtension>
        </extensions>
      </trkpt>
      <trkpt lat="31.955149630" lon="34.962920146">
        <ele>146.40</ele>
        <time>2016-12-16T05:35:08.000Z</time>
        <extensions>
          <ns3:TrackPointExtension>
            <ns3:atemp>8.0</ns3:atemp>
          </ns3:TrackPointExtension>
        </extensions>
      </trkpt>
      <trkpt lat="31.955251219" lon="34.962944537">
        <ele>146.60</ele>
        <time>2016-12-16T05:35:14.000Z</time>
        <extensions>
          <ns3:TrackPointExtension>
            <ns3:atemp>8.0</ns3:atemp>
          </ns3:TrackPointExtension>
        </extensions>
      </trkpt>
      <trkpt lat="31.955262618" lon="34.962936826">
        <ele>146.60</ele>
        <time>2016-12-16T05:35:15.000Z</time>
        <extensions>
          <ns3:TrackPointExtension>
            <ns3:atemp>8.0</ns3:atemp>
          </ns3:TrackPointExtension>
        </extensions>
      </trkpt>
      <trkpt lat="31.955283573" lon="34.962929618">
        <ele>146.80</ele>
        <time>2016-12-16T05:35:21.000Z</time>
        <extensions>
          <ns3:TrackPointExtension>
            <ns3:atemp>8.0</ns3:atemp>
          </ns3:TrackPointExtension>
        </extensions>
      </trkpt>
      <trkpt lat="31.955296062" lon="34.962917799">
        <ele>147.00</ele>
        <time>2016-12-16T05:35:30.000Z</time>
        <extensions>
          <ns3:TrackPointExtension>
            <ns3:atemp>8.0</ns3:atemp>
          </ns3:TrackPointExtension>
        </extensions>
      </trkpt>
      <trkpt lat="31.955286674" lon="34.962841775">
        <ele>146.80</ele>
        <time>2016-12-16T05:35:36.000Z</time>
        <extensions>
          <ns3:TrackPointExtension>
            <ns3:atemp>8.0</ns3:atemp>
          </ns3:TrackPointExtension>
        </extensions>
      </trkpt>
      <trkpt lat="31.955234036" lon="34.962769942">
        <ele>146.80</ele>
        <time>2016-12-16T05:35:40.000Z</time>
        <extensions>
          <ns3:TrackPointExtension>
            <ns3:atemp>8.0</ns3:atemp>
          </ns3:TrackPointExtension>
        </extensions>
      </trkpt>
      <trkpt lat="31.955214087" lon="34.962764326">
        <ele>146.80</ele>
        <time>2016-12-16T05:35:41.000Z</time>
        <extensions>
          <ns3:TrackPointExtension>
            <ns3:atemp>8.0</ns3:atemp>
          </ns3:TrackPointExtension>
        </extensions>
      </trkpt>
      <trkpt lat="31.955170585" lon="34.962709593">
        <ele>146.60</ele>
        <time>2016-12-16T05:35:45.000Z</time>
        <extensions>
          <ns3:TrackPointExtension>
            <ns3:atemp>8.0</ns3:atemp>
          </ns3:TrackPointExtension>
        </extensions>
      </trkpt>
      <trkpt lat="31.955087101" lon="34.962616302">
        <ele>146.40</ele>
        <time>2016-12-16T05:35:50.000Z</time>
        <extensions>
          <ns3:TrackPointExtension>
            <ns3:atemp>8.0</ns3:atemp>
          </ns3:TrackPointExtension>
        </extensions>
      </trkpt>
      <trkpt lat="31.955053993" lon="34.962593000">
        <ele>146.20</ele>
        <time>2016-12-16T05:35:52.000Z</time>
        <extensions>
          <ns3:TrackPointExtension>
            <ns3:atemp>8.0</ns3:atemp>
          </ns3:TrackPointExtension>
        </extensions>
      </trkpt>
      <trkpt lat="31.955026751" lon="34.962555617">
        <ele>146.00</ele>
        <time>2016-12-16T05:35:55.000Z</time>
        <extensions>
          <ns3:TrackPointExtension>
            <ns3:atemp>8.0</ns3:atemp>
          </ns3:TrackPointExtension>
        </extensions>
      </trkpt>
      <trkpt lat="31.955002779" lon="34.962517731">
        <ele>146.00</ele>
        <time>2016-12-16T05:35:58.000Z</time>
        <extensions>
          <ns3:TrackPointExtension>
            <ns3:atemp>8.0</ns3:atemp>
          </ns3:TrackPointExtension>
        </extensions>
      </trkpt>
      <trkpt lat="31.954982076" lon="34.962490406">
        <ele>145.80</ele>
        <time>2016-12-16T05:36:01.000Z</time>
        <extensions>
          <ns3:TrackPointExtension>
            <ns3:atemp>8.0</ns3:atemp>
          </ns3:TrackPointExtension>
        </extensions>
      </trkpt>
      <trkpt lat="31.954887109" lon="34.962422261">
        <ele>145.80</ele>
        <time>2016-12-16T05:36:09.000Z</time>
        <extensions>
          <ns3:TrackPointExtension>
            <ns3:atemp>8.0</ns3:atemp>
          </ns3:TrackPointExtension>
        </extensions>
      </trkpt>
      <trkpt lat="31.954791890" lon="34.962355206">
        <ele>146.40</ele>
        <time>2016-12-16T05:36:16.000Z</time>
        <extensions>
          <ns3:TrackPointExtension>
            <ns3:atemp>8.0</ns3:atemp>
          </ns3:TrackPointExtension>
        </extensions>
      </trkpt>
      <trkpt lat="31.954735816" lon="34.962297203">
        <ele>146.60</ele>
        <time>2016-12-16T05:36:20.000Z</time>
        <extensions>
          <ns3:TrackPointExtension>
            <ns3:atemp>8.0</ns3:atemp>
          </ns3:TrackPointExtension>
        </extensions>
      </trkpt>
      <trkpt lat="31.954695750" lon="34.962250097">
        <ele>147.00</ele>
        <time>2016-12-16T05:36:23.000Z</time>
        <extensions>
          <ns3:TrackPointExtension>
            <ns3:atemp>8.0</ns3:atemp>
          </ns3:TrackPointExtension>
        </extensions>
      </trkpt>
      <trkpt lat="31.954595754" lon="34.962148760">
        <ele>147.20</ele>
        <time>2016-12-16T05:36:29.000Z</time>
        <extensions>
          <ns3:TrackPointExtension>
            <ns3:atemp>8.0</ns3:atemp>
          </ns3:TrackPointExtension>
        </extensions>
      </trkpt>
      <trkpt lat="31.954555102" lon="34.962047087">
        <ele>147.40</ele>
        <time>2016-12-16T05:36:34.000Z</time>
        <extensions>
          <ns3:TrackPointExtension>
            <ns3:atemp>8.0</ns3:atemp>
          </ns3:TrackPointExtension>
        </extensions>
      </trkpt>
      <trkpt lat="31.954512689" lon="34.961949186">
        <ele>147.60</ele>
        <time>2016-12-16T05:36:39.000Z</time>
        <extensions>
          <ns3:TrackPointExtension>
            <ns3:atemp>8.0</ns3:atemp>
          </ns3:TrackPointExtension>
        </extensions>
      </trkpt>
      <trkpt lat="31.954515623" lon="34.961929237">
        <ele>147.80</ele>
        <time>2016-12-16T05:36:40.000Z</time>
        <extensions>
          <ns3:TrackPointExtension>
            <ns3:atemp>8.0</ns3:atemp>
          </ns3:TrackPointExtension>
        </extensions>
      </trkpt>
      <trkpt lat="31.954533225" lon="34.961826308">
        <ele>147.80</ele>
        <time>2016-12-16T05:36:45.000Z</time>
        <extensions>
          <ns3:TrackPointExtension>
            <ns3:atemp>8.0</ns3:atemp>
          </ns3:TrackPointExtension>
        </extensions>
      </trkpt>
      <trkpt lat="31.954521909" lon="34.961793199">
        <ele>148.00</ele>
        <time>2016-12-16T05:36:47.000Z</time>
        <extensions>
          <ns3:TrackPointExtension>
            <ns3:atemp>8.0</ns3:atemp>
          </ns3:TrackPointExtension>
        </extensions>
      </trkpt>
      <trkpt lat="31.954509588" lon="34.961770233">
        <ele>148.00</ele>
        <time>2016-12-16T05:36:49.000Z</time>
        <extensions>
          <ns3:TrackPointExtension>
            <ns3:atemp>8.0</ns3:atemp>
          </ns3:TrackPointExtension>
        </extensions>
      </trkpt>
      <trkpt lat="31.954488633" lon="34.961743662">
        <ele>148.20</ele>
        <time>2016-12-16T05:36:52.000Z</time>
        <extensions>
          <ns3:TrackPointExtension>
            <ns3:atemp>8.0</ns3:atemp>
          </ns3:TrackPointExtension>
        </extensions>
      </trkpt>
      <trkpt lat="31.954484107" lon="34.961730335">
        <ele>148.20</ele>
        <time>2016-12-16T05:36:53.000Z</time>
        <extensions>
          <ns3:TrackPointExtension>
            <ns3:atemp>8.0</ns3:atemp>
          </ns3:TrackPointExtension>
        </extensions>
      </trkpt>
      <trkpt lat="31.954479413" lon="34.961656407">
        <ele>148.40</ele>
        <time>2016-12-16T05:36:57.000Z</time>
        <extensions>
          <ns3:TrackPointExtension>
            <ns3:atemp>8.0</ns3:atemp>
          </ns3:TrackPointExtension>
        </extensions>
      </trkpt>
      <trkpt lat="31.954510342" lon="34.961575018">
        <ele>148.40</ele>
        <time>2016-12-16T05:37:03.000Z</time>
        <extensions>
          <ns3:TrackPointExtension>
            <ns3:atemp>8.0</ns3:atemp>
          </ns3:TrackPointExtension>
        </extensions>
      </trkpt>
      <trkpt lat="31.954497015" lon="34.961526068">
        <ele>148.40</ele>
        <time>2016-12-16T05:37:08.000Z</time>
        <extensions>
          <ns3:TrackPointExtension>
            <ns3:atemp>8.0</ns3:atemp>
          </ns3:TrackPointExtension>
        </extensions>
      </trkpt>
      <trkpt lat="31.954441359" lon="34.961471166">
        <ele>148.60</ele>
        <time>2016-12-16T05:37:19.000Z</time>
        <extensions>
          <ns3:TrackPointExtension>
            <ns3:atemp>8.0</ns3:atemp>
          </ns3:TrackPointExtension>
        </extensions>
      </trkpt>
      <trkpt lat="31.954424093" lon="34.961454151">
        <ele>148.80</ele>
        <time>2016-12-16T05:37:21.000Z</time>
        <extensions>
          <ns3:TrackPointExtension>
            <ns3:atemp>8.0</ns3:atemp>
          </ns3:TrackPointExtension>
        </extensions>
      </trkpt>
      <trkpt lat="31.954381093" lon="34.961369326">
        <ele>149.00</ele>
        <time>2016-12-16T05:37:27.000Z</time>
        <extensions>
          <ns3:TrackPointExtension>
            <ns3:atemp>8.0</ns3:atemp>
          </ns3:TrackPointExtension>
        </extensions>
      </trkpt>
      <trkpt lat="31.954358798" lon="34.961223900">
        <ele>149.40</ele>
        <time>2016-12-16T05:37:32.000Z</time>
        <extensions>
          <ns3:TrackPointExtension>
            <ns3:atemp>8.0</ns3:atemp>
          </ns3:TrackPointExtension>
        </extensions>
      </trkpt>
      <trkpt lat="31.954368018" lon="34.961112840">
        <ele>149.80</ele>
        <time>2016-12-16T05:37:37.000Z</time>
        <extensions>
          <ns3:TrackPointExtension>
            <ns3:atemp>8.0</ns3:atemp>
          </ns3:TrackPointExtension>
        </extensions>
      </trkpt>
      <trkpt lat="31.954402300" lon="34.960962888">
        <ele>149.80</ele>
        <time>2016-12-16T05:37:43.000Z</time>
        <extensions>
          <ns3:TrackPointExtension>
            <ns3:atemp>8.0</ns3:atemp>
          </ns3:TrackPointExtension>
        </extensions>
      </trkpt>
      <trkpt lat="31.954391822" lon="34.960893486">
        <ele>150.00</ele>
        <time>2016-12-16T05:37:49.000Z</time>
        <extensions>
          <ns3:TrackPointExtension>
            <ns3:atemp>8.0</ns3:atemp>
          </ns3:TrackPointExtension>
        </extensions>
      </trkpt>
      <trkpt lat="31.954379417" lon="34.960824586">
        <ele>150.40</ele>
        <time>2016-12-16T05:37:55.000Z</time>
        <extensions>
          <ns3:TrackPointExtension>
            <ns3:atemp>8.0</ns3:atemp>
          </ns3:TrackPointExtension>
        </extensions>
      </trkpt>
      <trkpt lat="31.954379668" lon="34.960807068">
        <ele>150.60</ele>
        <time>2016-12-16T05:37:57.000Z</time>
        <extensions>
          <ns3:TrackPointExtension>
            <ns3:atemp>8.0</ns3:atemp>
          </ns3:TrackPointExtension>
        </extensions>
      </trkpt>
      <trkpt lat="31.954376483" lon="34.960781168">
        <ele>150.80</ele>
        <time>2016-12-16T05:38:01.000Z</time>
        <extensions>
          <ns3:TrackPointExtension>
            <ns3:atemp>8.0</ns3:atemp>
          </ns3:TrackPointExtension>
        </extensions>
      </trkpt>
      <trkpt lat="31.954357708" lon="34.960717633">
        <ele>151.40</ele>
        <time>2016-12-16T05:38:06.000Z</time>
        <extensions>
          <ns3:TrackPointExtension>
            <ns3:atemp>8.0</ns3:atemp>
          </ns3:TrackPointExtension>
        </extensions>
      </trkpt>
      <trkpt lat="31.954340190" lon="34.960597018">
        <ele>151.60</ele>
        <time>2016-12-16T05:38:12.000Z</time>
        <extensions>
          <ns3:TrackPointExtension>
            <ns3:atemp>8.0</ns3:atemp>
          </ns3:TrackPointExtension>
        </extensions>
      </trkpt>
      <trkpt lat="31.954344213" lon="34.960462321">
        <ele>152.80</ele>
        <time>2016-12-16T05:38:18.000Z</time>
        <extensions>
          <ns3:TrackPointExtension>
            <ns3:atemp>8.0</ns3:atemp>
          </ns3:TrackPointExtension>
        </extensions>
      </trkpt>
      <trkpt lat="31.954344381" lon="34.960440025">
        <ele>153.00</ele>
        <time>2016-12-16T05:38:19.000Z</time>
        <extensions>
          <ns3:TrackPointExtension>
            <ns3:atemp>8.0</ns3:atemp>
          </ns3:TrackPointExtension>
        </extensions>
      </trkpt>
      <trkpt lat="31.954351254" lon="34.960334832">
        <ele>153.80</ele>
        <time>2016-12-16T05:38:24.000Z</time>
        <extensions>
          <ns3:TrackPointExtension>
            <ns3:atemp>8.0</ns3:atemp>
          </ns3:TrackPointExtension>
        </extensions>
      </trkpt>
      <trkpt lat="31.954354774" lon="34.960310692">
        <ele>154.00</ele>
        <time>2016-12-16T05:38:25.000Z</time>
        <extensions>
          <ns3:TrackPointExtension>
            <ns3:atemp>8.0</ns3:atemp>
          </ns3:TrackPointExtension>
        </extensions>
      </trkpt>
      <trkpt lat="31.954414202" lon="34.960156130">
        <ele>154.20</ele>
        <time>2016-12-16T05:38:31.000Z</time>
        <extensions>
          <ns3:TrackPointExtension>
            <ns3:atemp>8.0</ns3:atemp>
          </ns3:TrackPointExtension>
        </extensions>
      </trkpt>
      <trkpt lat="31.954491735" lon="34.960018080">
        <ele>154.80</ele>
        <time>2016-12-16T05:38:38.000Z</time>
        <extensions>
          <ns3:TrackPointExtension>
            <ns3:atemp>8.0</ns3:atemp>
          </ns3:TrackPointExtension>
        </extensions>
      </trkpt>
      <trkpt lat="31.954535572" lon="34.959966280">
        <ele>154.80</ele>
        <time>2016-12-16T05:38:41.000Z</time>
        <extensions>
          <ns3:TrackPointExtension>
            <ns3:atemp>8.0</ns3:atemp>
          </ns3:TrackPointExtension>
        </extensions>
      </trkpt>
      <trkpt lat="31.954603465" lon="34.959880533">
        <ele>155.40</ele>
        <time>2016-12-16T05:38:46.000Z</time>
        <extensions>
          <ns3:TrackPointExtension>
            <ns3:atemp>8.0</ns3:atemp>
          </ns3:TrackPointExtension>
        </extensions>
      </trkpt>
      <trkpt lat="31.954687200" lon="34.959810963">
        <ele>155.60</ele>
        <time>2016-12-16T05:38:52.000Z</time>
        <extensions>
          <ns3:TrackPointExtension>
            <ns3:atemp>8.0</ns3:atemp>
          </ns3:TrackPointExtension>
        </extensions>
      </trkpt>
      <trkpt lat="31.954752244" lon="34.959780117">
        <ele>156.00</ele>
        <time>2016-12-16T05:38:56.000Z</time>
        <extensions>
          <ns3:TrackPointExtension>
            <ns3:atemp>8.0</ns3:atemp>
          </ns3:TrackPointExtension>
        </extensions>
      </trkpt>
      <trkpt lat="31.954816030" lon="34.959757486">
        <ele>156.40</ele>
        <time>2016-12-16T05:38:59.000Z</time>
        <extensions>
          <ns3:TrackPointExtension>
            <ns3:atemp>8.0</ns3:atemp>
          </ns3:TrackPointExtension>
        </extensions>
      </trkpt>
      <trkpt lat="31.954923989" lon="34.959770646">
        <ele>157.00</ele>
        <time>2016-12-16T05:39:04.000Z</time>
        <extensions>
          <ns3:TrackPointExtension>
            <ns3:atemp>8.0</ns3:atemp>
          </ns3:TrackPointExtension>
        </extensions>
      </trkpt>
      <trkpt lat="31.954944525" lon="34.959775340">
        <ele>157.00</ele>
        <time>2016-12-16T05:39:05.000Z</time>
        <extensions>
          <ns3:TrackPointExtension>
            <ns3:atemp>8.0</ns3:atemp>
          </ns3:TrackPointExtension>
        </extensions>
      </trkpt>
      <trkpt lat="31.955051478" lon="34.959786320">
        <ele>157.20</ele>
        <time>2016-12-16T05:39:11.000Z</time>
        <extensions>
          <ns3:TrackPointExtension>
            <ns3:atemp>8.0</ns3:atemp>
          </ns3:TrackPointExtension>
        </extensions>
      </trkpt>
      <trkpt lat="31.955058519" lon="34.959781459">
        <ele>156.80</ele>
        <time>2016-12-16T05:39:16.000Z</time>
        <extensions>
          <ns3:TrackPointExtension>
            <ns3:atemp>8.0</ns3:atemp>
          </ns3:TrackPointExtension>
        </extensions>
      </trkpt>
      <trkpt lat="31.955062039" lon="34.959765030">
        <ele>156.60</ele>
        <time>2016-12-16T05:39:23.000Z</time>
        <extensions>
          <ns3:TrackPointExtension>
            <ns3:atemp>8.0</ns3:atemp>
          </ns3:TrackPointExtension>
        </extensions>
      </trkpt>
      <trkpt lat="31.955079054" lon="34.959723707">
        <ele>156.80</ele>
        <time>2016-12-16T05:39:31.000Z</time>
        <extensions>
          <ns3:TrackPointExtension>
            <ns3:atemp>8.0</ns3:atemp>
          </ns3:TrackPointExtension>
        </extensions>
      </trkpt>
      <trkpt lat="31.955084670" lon="34.959716415">
        <ele>157.20</ele>
        <time>2016-12-16T05:39:38.000Z</time>
        <extensions>
          <ns3:TrackPointExtension>
            <ns3:atemp>8.0</ns3:atemp>
          </ns3:TrackPointExtension>
        </extensions>
      </trkpt>
      <trkpt lat="31.955091543" lon="34.959717337">
        <ele>157.40</ele>
        <time>2016-12-16T05:39:49.000Z</time>
        <extensions>
          <ns3:TrackPointExtension>
            <ns3:atemp>8.0</ns3:atemp>
          </ns3:TrackPointExtension>
        </extensions>
      </trkpt>
      <trkpt lat="31.955090370" lon="34.959713314">
        <ele>157.40</ele>
        <time>2016-12-16T05:39:57.000Z</time>
        <extensions>
          <ns3:TrackPointExtension>
            <ns3:atemp>8.0</ns3:atemp>
          </ns3:TrackPointExtension>
        </extensions>
      </trkpt>
      <trkpt lat="31.955094477" lon="34.959706692">
        <ele>157.40</ele>
        <time>2016-12-16T05:39:58.000Z</time>
        <extensions>
          <ns3:TrackPointExtension>
            <ns3:atemp>8.0</ns3:atemp>
          </ns3:TrackPointExtension>
        </extensions>
      </trkpt>
      <trkpt lat="31.955113001" lon="34.959686492">
        <ele>157.40</ele>
        <time>2016-12-16T05:40:05.000Z</time>
        <extensions>
          <ns3:TrackPointExtension>
            <ns3:atemp>8.0</ns3:atemp>
          </ns3:TrackPointExtension>
        </extensions>
      </trkpt>
      <trkpt lat="31.955204532" lon="34.959620275">
        <ele>157.40</ele>
        <time>2016-12-16T05:40:10.000Z</time>
        <extensions>
          <ns3:TrackPointExtension>
            <ns3:atemp>8.0</ns3:atemp>
          </ns3:TrackPointExtension>
        </extensions>
      </trkpt>
      <trkpt lat="31.955307713" lon="34.959537880">
        <ele>157.60</ele>
        <time>2016-12-16T05:40:16.000Z</time>
        <extensions>
          <ns3:TrackPointExtension>
            <ns3:atemp>8.0</ns3:atemp>
          </ns3:TrackPointExtension>
        </extensions>
      </trkpt>
      <trkpt lat="31.955341659" lon="34.959537294">
        <ele>158.20</ele>
        <time>2016-12-16T05:40:18.000Z</time>
        <extensions>
          <ns3:TrackPointExtension>
            <ns3:atemp>8.0</ns3:atemp>
          </ns3:TrackPointExtension>
        </extensions>
      </trkpt>
      <trkpt lat="31.955384156" lon="34.959540982">
        <ele>158.40</ele>
        <time>2016-12-16T05:40:21.000Z</time>
        <extensions>
          <ns3:TrackPointExtension>
            <ns3:atemp>8.0</ns3:atemp>
          </ns3:TrackPointExtension>
        </extensions>
      </trkpt>
      <trkpt lat="31.955426568" lon="34.959523967">
        <ele>158.40</ele>
        <time>2016-12-16T05:40:25.000Z</time>
        <extensions>
          <ns3:TrackPointExtension>
            <ns3:atemp>8.0</ns3:atemp>
          </ns3:TrackPointExtension>
        </extensions>
      </trkpt>
      <trkpt lat="31.955464035" lon="34.959523883">
        <ele>158.40</ele>
        <time>2016-12-16T05:40:27.000Z</time>
        <extensions>
          <ns3:TrackPointExtension>
            <ns3:atemp>8.0</ns3:atemp>
          </ns3:TrackPointExtension>
        </extensions>
      </trkpt>
      <trkpt lat="31.955566462" lon="34.959513741">
        <ele>158.20</ele>
        <time>2016-12-16T05:40:32.000Z</time>
        <extensions>
          <ns3:TrackPointExtension>
            <ns3:atemp>8.0</ns3:atemp>
          </ns3:TrackPointExtension>
        </extensions>
      </trkpt>
      <trkpt lat="31.955708787" lon="34.959448110">
        <ele>156.80</ele>
        <time>2016-12-16T05:40:38.000Z</time>
        <extensions>
          <ns3:TrackPointExtension>
            <ns3:atemp>8.0</ns3:atemp>
          </ns3:TrackPointExtension>
        </extensions>
      </trkpt>
      <trkpt lat="31.955765868" lon="34.959388096">
        <ele>155.80</ele>
        <time>2016-12-16T05:40:41.000Z</time>
        <extensions>
          <ns3:TrackPointExtension>
            <ns3:atemp>8.0</ns3:atemp>
          </ns3:TrackPointExtension>
        </extensions>
      </trkpt>
      <trkpt lat="31.955780871" lon="34.959371500">
        <ele>155.60</ele>
        <time>2016-12-16T05:40:42.000Z</time>
        <extensions>
          <ns3:TrackPointExtension>
            <ns3:atemp>8.0</ns3:atemp>
          </ns3:TrackPointExtension>
        </extensions>
      </trkpt>
      <trkpt lat="31.955809454" lon="34.959348366">
        <ele>155.00</ele>
        <time>2016-12-16T05:40:44.000Z</time>
        <extensions>
          <ns3:TrackPointExtension>
            <ns3:atemp>8.0</ns3:atemp>
          </ns3:TrackPointExtension>
        </extensions>
      </trkpt>
      <trkpt lat="31.955822445" lon="34.959334955">
        <ele>154.00</ele>
        <time>2016-12-16T05:40:45.000Z</time>
        <extensions>
          <ns3:TrackPointExtension>
            <ns3:atemp>8.0</ns3:atemp>
          </ns3:TrackPointExtension>
        </extensions>
      </trkpt>
      <trkpt lat="31.955858907" lon="34.959237976">
        <ele>153.40</ele>
        <time>2016-12-16T05:40:49.000Z</time>
        <extensions>
          <ns3:TrackPointExtension>
            <ns3:atemp>8.0</ns3:atemp>
          </ns3:TrackPointExtension>
        </extensions>
      </trkpt>
      <trkpt lat="31.955868630" lon="34.959222889">
        <ele>153.00</ele>
        <time>2016-12-16T05:40:51.000Z</time>
        <extensions>
          <ns3:TrackPointExtension>
            <ns3:atemp>8.0</ns3:atemp>
          </ns3:TrackPointExtension>
        </extensions>
      </trkpt>
      <trkpt lat="31.955884052" lon="34.959206460">
        <ele>152.60</ele>
        <time>2016-12-16T05:40:53.000Z</time>
        <extensions>
          <ns3:TrackPointExtension>
            <ns3:atemp>8.0</ns3:atemp>
          </ns3:TrackPointExtension>
        </extensions>
      </trkpt>
      <trkpt lat="31.955884555" lon="34.959187936">
        <ele>152.40</ele>
        <time>2016-12-16T05:40:58.000Z</time>
        <extensions>
          <ns3:TrackPointExtension>
            <ns3:atemp>8.0</ns3:atemp>
          </ns3:TrackPointExtension>
        </extensions>
      </trkpt>
      <trkpt lat="31.955893524" lon="34.959125491">
        <ele>152.20</ele>
        <time>2016-12-16T05:41:06.000Z</time>
        <extensions>
          <ns3:TrackPointExtension>
            <ns3:atemp>8.0</ns3:atemp>
          </ns3:TrackPointExtension>
        </extensions>
      </trkpt>
      <trkpt lat="31.955909198" lon="34.959044354">
        <ele>152.80</ele>
        <time>2016-12-16T05:41:13.000Z</time>
        <extensions>
          <ns3:TrackPointExtension>
            <ns3:atemp>8.0</ns3:atemp>
          </ns3:TrackPointExtension>
        </extensions>
      </trkpt>
      <trkpt lat="31.955924705" lon="34.959018202">
        <ele>152.80</ele>
        <time>2016-12-16T05:41:16.000Z</time>
        <extensions>
          <ns3:TrackPointExtension>
            <ns3:atemp>8.0</ns3:atemp>
          </ns3:TrackPointExtension>
        </extensions>
      </trkpt>
      <trkpt lat="31.955942977" lon="34.958994901">
        <ele>152.80</ele>
        <time>2016-12-16T05:41:19.000Z</time>
        <extensions>
          <ns3:TrackPointExtension>
            <ns3:atemp>8.0</ns3:atemp>
          </ns3:TrackPointExtension>
        </extensions>
      </trkpt>
      <trkpt lat="31.955945073" lon="34.958988028">
        <ele>152.80</ele>
        <time>2016-12-16T05:41:27.000Z</time>
        <extensions>
          <ns3:TrackPointExtension>
            <ns3:atemp>8.0</ns3:atemp>
          </ns3:TrackPointExtension>
        </extensions>
      </trkpt>
      <trkpt lat="31.955947001" lon="34.958989453">
        <ele>152.80</ele>
        <time>2016-12-16T05:41:44.000Z</time>
        <extensions>
          <ns3:TrackPointExtension>
            <ns3:atemp>8.0</ns3:atemp>
          </ns3:TrackPointExtension>
        </extensions>
      </trkpt>
      <trkpt lat="31.955940379" lon="34.959004037">
        <ele>152.80</ele>
        <time>2016-12-16T05:41:49.000Z</time>
        <extensions>
          <ns3:TrackPointExtension>
            <ns3:atemp>8.0</ns3:atemp>
          </ns3:TrackPointExtension>
        </extensions>
      </trkpt>
      <trkpt lat="31.955923364" lon="34.959030021">
        <ele>152.80</ele>
        <time>2016-12-16T05:41:55.000Z</time>
        <extensions>
          <ns3:TrackPointExtension>
            <ns3:atemp>8.0</ns3:atemp>
          </ns3:TrackPointExtension>
        </extensions>
      </trkpt>
      <trkpt lat="31.955908109" lon="34.959064554">
        <ele>153.20</ele>
        <time>2016-12-16T05:42:05.000Z</time>
        <extensions>
          <ns3:TrackPointExtension>
            <ns3:atemp>8.0</ns3:atemp>
          </ns3:TrackPointExtension>
        </extensions>
      </trkpt>
      <trkpt lat="31.955890423" lon="34.959144685">
        <ele>153.00</ele>
        <time>2016-12-16T05:42:13.000Z</time>
        <extensions>
          <ns3:TrackPointExtension>
            <ns3:atemp>8.0</ns3:atemp>
          </ns3:TrackPointExtension>
        </extensions>
      </trkpt>
      <trkpt lat="31.955873743" lon="34.959203443">
        <ele>152.80</ele>
        <time>2016-12-16T05:42:20.000Z</time>
        <extensions>
          <ns3:TrackPointExtension>
            <ns3:atemp>8.0</ns3:atemp>
          </ns3:TrackPointExtension>
        </extensions>
      </trkpt>
      <trkpt lat="31.955876173" lon="34.959213752">
        <ele>152.80</ele>
        <time>2016-12-16T05:42:21.000Z</time>
        <extensions>
          <ns3:TrackPointExtension>
            <ns3:atemp>8.0</ns3:atemp>
          </ns3:TrackPointExtension>
        </extensions>
      </trkpt>
      <trkpt lat="31.955873156" lon="34.959286926">
        <ele>152.40</ele>
        <time>2016-12-16T05:42:29.000Z</time>
        <extensions>
          <ns3:TrackPointExtension>
            <ns3:atemp>8.0</ns3:atemp>
          </ns3:TrackPointExtension>
        </extensions>
      </trkpt>
      <trkpt lat="31.955867708" lon="34.959314754">
        <ele>152.00</ele>
        <time>2016-12-16T05:42:36.000Z</time>
        <extensions>
          <ns3:TrackPointExtension>
            <ns3:atemp>8.0</ns3:atemp>
          </ns3:TrackPointExtension>
        </extensions>
      </trkpt>
      <trkpt lat="31.955861924" lon="34.959367644">
        <ele>152.00</ele>
        <time>2016-12-16T05:42:41.000Z</time>
        <extensions>
          <ns3:TrackPointExtension>
            <ns3:atemp>8.0</ns3:atemp>
          </ns3:TrackPointExtension>
        </extensions>
      </trkpt>
      <trkpt lat="31.955872737" lon="34.959412822">
        <ele>152.00</ele>
        <time>2016-12-16T05:42:45.000Z</time>
        <extensions>
          <ns3:TrackPointExtension>
            <ns3:atemp>8.0</ns3:atemp>
          </ns3:TrackPointExtension>
        </extensions>
      </trkpt>
      <trkpt lat="31.955896793" lon="34.959437549">
        <ele>152.00</ele>
        <time>2016-12-16T05:42:48.000Z</time>
        <extensions>
          <ns3:TrackPointExtension>
            <ns3:atemp>8.0</ns3:atemp>
          </ns3:TrackPointExtension>
        </extensions>
      </trkpt>
      <trkpt lat="31.955919256" lon="34.959455319">
        <ele>151.60</ele>
        <time>2016-12-16T05:42:51.000Z</time>
        <extensions>
          <ns3:TrackPointExtension>
            <ns3:atemp>8.0</ns3:atemp>
          </ns3:TrackPointExtension>
        </extensions>
      </trkpt>
      <trkpt lat="31.955926465" lon="34.959486164">
        <ele>150.80</ele>
        <time>2016-12-16T05:42:54.000Z</time>
        <extensions>
          <ns3:TrackPointExtension>
            <ns3:atemp>8.0</ns3:atemp>
          </ns3:TrackPointExtension>
        </extensions>
      </trkpt>
      <trkpt lat="31.955941888" lon="34.959536707">
        <ele>149.80</ele>
        <time>2016-12-16T05:43:00.000Z</time>
        <extensions>
          <ns3:TrackPointExtension>
            <ns3:atemp>8.0</ns3:atemp>
          </ns3:TrackPointExtension>
        </extensions>
      </trkpt>
      <trkpt lat="31.955946917" lon="34.959544586">
        <ele>149.60</ele>
        <time>2016-12-16T05:43:01.000Z</time>
        <extensions>
          <ns3:TrackPointExtension>
            <ns3:atemp>8.0</ns3:atemp>
          </ns3:TrackPointExtension>
        </extensions>
      </trkpt>
      <trkpt lat="31.955964770" lon="34.959563278">
        <ele>149.00</ele>
        <time>2016-12-16T05:43:08.000Z</time>
        <extensions>
          <ns3:TrackPointExtension>
            <ns3:atemp>8.0</ns3:atemp>
          </ns3:TrackPointExtension>
        </extensions>
      </trkpt>
      <trkpt lat="31.955964938" lon="34.959562691">
        <ele>148.60</ele>
        <time>2016-12-16T05:43:12.000Z</time>
        <extensions>
          <ns3:TrackPointExtension>
            <ns3:atemp>8.0</ns3:atemp>
          </ns3:TrackPointExtension>
        </extensions>
      </trkpt>
      <trkpt lat="31.955972146" lon="34.959566630">
        <ele>148.40</ele>
        <time>2016-12-16T05:43:19.000Z</time>
        <extensions>
          <ns3:TrackPointExtension>
            <ns3:atemp>8.0</ns3:atemp>
          </ns3:TrackPointExtension>
        </extensions>
      </trkpt>
      <trkpt lat="31.956001315" lon="34.959569229">
        <ele>148.40</ele>
        <time>2016-12-16T05:43:24.000Z</time>
        <extensions>
          <ns3:TrackPointExtension>
            <ns3:atemp>8.0</ns3:atemp>
          </ns3:TrackPointExtension>
        </extensions>
      </trkpt>
      <trkpt lat="31.956008272" lon="34.959563110">
        <ele>147.80</ele>
        <time>2016-12-16T05:43:30.000Z</time>
        <extensions>
          <ns3:TrackPointExtension>
            <ns3:atemp>8.0</ns3:atemp>
          </ns3:TrackPointExtension>
        </extensions>
      </trkpt>
      <trkpt lat="31.956008272" lon="34.959562775">
        <ele>147.60</ele>
        <time>2016-12-16T05:43:34.000Z</time>
        <extensions>
          <ns3:TrackPointExtension>
            <ns3:atemp>8.0</ns3:atemp>
          </ns3:TrackPointExtension>
        </extensions>
      </trkpt>
      <trkpt lat="31.956010116" lon="34.959560176">
        <ele>147.20</ele>
        <time>2016-12-16T05:43:47.000Z</time>
        <extensions>
          <ns3:TrackPointExtension>
            <ns3:atemp>8.0</ns3:atemp>
          </ns3:TrackPointExtension>
        </extensions>
      </trkpt>
      <trkpt lat="31.956009781" lon="34.959558584">
        <ele>147.40</ele>
        <time>2016-12-16T05:44:01.000Z</time>
        <extensions>
          <ns3:TrackPointExtension>
            <ns3:atemp>8.0</ns3:atemp>
          </ns3:TrackPointExtension>
        </extensions>
      </trkpt>
      <trkpt lat="31.956008440" lon="34.959557662">
        <ele>147.20</ele>
        <time>2016-12-16T05:44:14.000Z</time>
        <extensions>
          <ns3:TrackPointExtension>
            <ns3:atemp>8.0</ns3:atemp>
          </ns3:TrackPointExtension>
        </extensions>
      </trkpt>
      <trkpt lat="31.956010535" lon="34.959558500">
        <ele>147.20</ele>
        <time>2016-12-16T05:44:22.000Z</time>
        <extensions>
          <ns3:TrackPointExtension>
            <ns3:atemp>8.0</ns3:atemp>
          </ns3:TrackPointExtension>
        </extensions>
      </trkpt>
      <trkpt lat="31.956010032" lon="34.959558668">
        <ele>147.20</ele>
        <time>2016-12-16T05:44:30.000Z</time>
        <extensions>
          <ns3:TrackPointExtension>
            <ns3:atemp>8.0</ns3:atemp>
          </ns3:TrackPointExtension>
        </extensions>
      </trkpt>
      <trkpt lat="31.956012296" lon="34.959564116">
        <ele>147.20</ele>
        <time>2016-12-16T05:44:40.000Z</time>
        <extensions>
          <ns3:TrackPointExtension>
            <ns3:atemp>8.0</ns3:atemp>
          </ns3:TrackPointExtension>
        </extensions>
      </trkpt>
      <trkpt lat="31.956012882" lon="34.959563278">
        <ele>147.20</ele>
        <time>2016-12-16T05:44:53.000Z</time>
        <extensions>
          <ns3:TrackPointExtension>
            <ns3:atemp>8.0</ns3:atemp>
          </ns3:TrackPointExtension>
        </extensions>
      </trkpt>
      <trkpt lat="31.956013553" lon="34.959561015">
        <ele>147.20</ele>
        <time>2016-12-16T05:45:08.000Z</time>
        <extensions>
          <ns3:TrackPointExtension>
            <ns3:atemp>8.0</ns3:atemp>
          </ns3:TrackPointExtension>
        </extensions>
      </trkpt>
      <trkpt lat="31.956013469" lon="34.959560344">
        <ele>147.00</ele>
        <time>2016-12-16T05:45:27.000Z</time>
        <extensions>
          <ns3:TrackPointExtension>
            <ns3:atemp>8.0</ns3:atemp>
          </ns3:TrackPointExtension>
        </extensions>
      </trkpt>
      <trkpt lat="31.956013469" lon="34.959560595">
        <ele>147.00</ele>
        <time>2016-12-16T05:45:38.000Z</time>
        <extensions>
          <ns3:TrackPointExtension>
            <ns3:atemp>9.0</ns3:atemp>
          </ns3:TrackPointExtension>
        </extensions>
      </trkpt>
      <trkpt lat="31.956014391" lon="34.959557075">
        <ele>147.00</ele>
        <time>2016-12-16T05:45:48.000Z</time>
        <extensions>
          <ns3:TrackPointExtension>
            <ns3:atemp>9.0</ns3:atemp>
          </ns3:TrackPointExtension>
        </extensions>
      </trkpt>
      <trkpt lat="31.956014810" lon="34.959558500">
        <ele>146.80</ele>
        <time>2016-12-16T05:45:56.000Z</time>
        <extensions>
          <ns3:TrackPointExtension>
            <ns3:atemp>9.0</ns3:atemp>
          </ns3:TrackPointExtension>
        </extensions>
      </trkpt>
      <trkpt lat="31.956015900" lon="34.959554560">
        <ele>146.80</ele>
        <time>2016-12-16T05:46:09.000Z</time>
        <extensions>
          <ns3:TrackPointExtension>
            <ns3:atemp>9.0</ns3:atemp>
          </ns3:TrackPointExtension>
        </extensions>
      </trkpt>
      <trkpt lat="31.956012966" lon="34.959557159">
        <ele>146.80</ele>
        <time>2016-12-16T05:46:22.000Z</time>
        <extensions>
          <ns3:TrackPointExtension>
            <ns3:atemp>9.0</ns3:atemp>
          </ns3:TrackPointExtension>
        </extensions>
      </trkpt>
      <trkpt lat="31.956011206" lon="34.959557410">
        <ele>146.80</ele>
        <time>2016-12-16T05:46:33.000Z</time>
        <extensions>
          <ns3:TrackPointExtension>
            <ns3:atemp>9.0</ns3:atemp>
          </ns3:TrackPointExtension>
        </extensions>
      </trkpt>
      <trkpt lat="31.956011709" lon="34.959554393">
        <ele>146.80</ele>
        <time>2016-12-16T05:46:48.000Z</time>
        <extensions>
          <ns3:TrackPointExtension>
            <ns3:atemp>9.0</ns3:atemp>
          </ns3:TrackPointExtension>
        </extensions>
      </trkpt>
      <trkpt lat="31.956020761" lon="34.959547604">
        <ele>146.80</ele>
        <time>2016-12-16T05:46:59.000Z</time>
        <extensions>
          <ns3:TrackPointExtension>
            <ns3:atemp>9.0</ns3:atemp>
          </ns3:TrackPointExtension>
        </extensions>
      </trkpt>
      <trkpt lat="31.956017073" lon="34.959552297">
        <ele>146.80</ele>
        <time>2016-12-16T05:47:08.000Z</time>
        <extensions>
          <ns3:TrackPointExtension>
            <ns3:atemp>9.0</ns3:atemp>
          </ns3:TrackPointExtension>
        </extensions>
      </trkpt>
      <trkpt lat="31.956016319" lon="34.959552130">
        <ele>146.80</ele>
        <time>2016-12-16T05:47:17.000Z</time>
        <extensions>
          <ns3:TrackPointExtension>
            <ns3:atemp>9.0</ns3:atemp>
          </ns3:TrackPointExtension>
        </extensions>
      </trkpt>
      <trkpt lat="31.956016319" lon="34.959552465">
        <ele>146.80</ele>
        <time>2016-12-16T05:47:35.000Z</time>
        <extensions>
          <ns3:TrackPointExtension>
            <ns3:atemp>9.0</ns3:atemp>
          </ns3:TrackPointExtension>
        </extensions>
      </trkpt>
      <trkpt lat="31.956018917" lon="34.959550705">
        <ele>146.60</ele>
        <time>2016-12-16T05:47:43.000Z</time>
        <extensions>
          <ns3:TrackPointExtension>
            <ns3:atemp>9.0</ns3:atemp>
          </ns3:TrackPointExtension>
        </extensions>
      </trkpt>
      <trkpt lat="31.956019923" lon="34.959549112">
        <ele>146.40</ele>
        <time>2016-12-16T05:47:50.000Z</time>
        <extensions>
          <ns3:TrackPointExtension>
            <ns3:atemp>9.0</ns3:atemp>
          </ns3:TrackPointExtension>
        </extensions>
      </trkpt>
      <trkpt lat="31.956020175" lon="34.959549196">
        <ele>146.40</ele>
        <time>2016-12-16T05:47:53.000Z</time>
        <extensions>
          <ns3:TrackPointExtension>
            <ns3:atemp>9.0</ns3:atemp>
          </ns3:TrackPointExtension>
        </extensions>
      </trkpt>
      <trkpt lat="31.956022270" lon="34.959552465">
        <ele>146.20</ele>
        <time>2016-12-16T05:48:00.000Z</time>
        <extensions>
          <ns3:TrackPointExtension>
            <ns3:atemp>9.0</ns3:atemp>
          </ns3:TrackPointExtension>
        </extensions>
      </trkpt>
      <trkpt lat="31.956022102" lon="34.959553638">
        <ele>146.20</ele>
        <time>2016-12-16T05:48:27.000Z</time>
        <extensions>
          <ns3:TrackPointExtension>
            <ns3:atemp>9.0</ns3:atemp>
          </ns3:TrackPointExtension>
        </extensions>
      </trkpt>
      <trkpt lat="31.956023527" lon="34.959551375">
        <ele>146.20</ele>
        <time>2016-12-16T05:48:37.000Z</time>
        <extensions>
          <ns3:TrackPointExtension>
            <ns3:atemp>9.0</ns3:atemp>
          </ns3:TrackPointExtension>
        </extensions>
      </trkpt>
      <trkpt lat="31.956023946" lon="34.959549280">
        <ele>146.20</ele>
        <time>2016-12-16T05:48:48.000Z</time>
        <extensions>
          <ns3:TrackPointExtension>
            <ns3:atemp>9.0</ns3:atemp>
          </ns3:TrackPointExtension>
        </extensions>
      </trkpt>
      <trkpt lat="31.956024449" lon="34.959549615">
        <ele>146.00</ele>
        <time>2016-12-16T05:49:05.000Z</time>
        <extensions>
          <ns3:TrackPointExtension>
            <ns3:atemp>9.0</ns3:atemp>
          </ns3:TrackPointExtension>
        </extensions>
      </trkpt>
      <trkpt lat="31.956023779" lon="34.959548777">
        <ele>145.80</ele>
        <time>2016-12-16T05:49:15.000Z</time>
        <extensions>
          <ns3:TrackPointExtension>
            <ns3:atemp>9.0</ns3:atemp>
          </ns3:TrackPointExtension>
        </extensions>
      </trkpt>
      <trkpt lat="31.956022605" lon="34.959548190">
        <ele>145.60</ele>
        <time>2016-12-16T05:49:29.000Z</time>
        <extensions>
          <ns3:TrackPointExtension>
            <ns3:atemp>9.0</ns3:atemp>
          </ns3:TrackPointExtension>
        </extensions>
      </trkpt>
      <trkpt lat="31.956027048" lon="34.959544083">
        <ele>145.60</ele>
        <time>2016-12-16T05:49:36.000Z</time>
        <extensions>
          <ns3:TrackPointExtension>
            <ns3:atemp>9.0</ns3:atemp>
          </ns3:TrackPointExtension>
        </extensions>
      </trkpt>
      <trkpt lat="31.956125703" lon="34.959506365">
        <ele>145.60</ele>
        <time>2016-12-16T05:49:41.000Z</time>
        <extensions>
          <ns3:TrackPointExtension>
            <ns3:atemp>9.0</ns3:atemp>
          </ns3:TrackPointExtension>
        </extensions>
      </trkpt>
      <trkpt lat="31.956236763" lon="34.959592447">
        <ele>145.40</ele>
        <time>2016-12-16T05:49:45.000Z</time>
        <extensions>
          <ns3:TrackPointExtension>
            <ns3:atemp>9.0</ns3:atemp>
          </ns3:TrackPointExtension>
        </extensions>
      </trkpt>
      <trkpt lat="31.956260484" lon="34.959618933">
        <ele>145.20</ele>
        <time>2016-12-16T05:49:46.000Z</time>
        <extensions>
          <ns3:TrackPointExtension>
            <ns3:atemp>9.0</ns3:atemp>
          </ns3:TrackPointExtension>
        </extensions>
      </trkpt>
      <trkpt lat="31.956320666" lon="34.959668722">
        <ele>144.60</ele>
        <time>2016-12-16T05:49:49.000Z</time>
        <extensions>
          <ns3:TrackPointExtension>
            <ns3:atemp>9.0</ns3:atemp>
          </ns3:TrackPointExtension>
        </extensions>
      </trkpt>
      <trkpt lat="31.956340699" lon="34.959669393">
        <ele>144.20</ele>
        <time>2016-12-16T05:49:50.000Z</time>
        <extensions>
          <ns3:TrackPointExtension>
            <ns3:atemp>9.0</ns3:atemp>
          </ns3:TrackPointExtension>
        </extensions>
      </trkpt>
      <trkpt lat="31.956364168" lon="34.959667884">
        <ele>144.00</ele>
        <time>2016-12-16T05:49:51.000Z</time>
        <extensions>
          <ns3:TrackPointExtension>
            <ns3:atemp>9.0</ns3:atemp>
          </ns3:TrackPointExtension>
        </extensions>
      </trkpt>
      <trkpt lat="31.956429882" lon="34.959672578">
        <ele>143.00</ele>
        <time>2016-12-16T05:49:53.000Z</time>
        <extensions>
          <ns3:TrackPointExtension>
            <ns3:atemp>9.0</ns3:atemp>
          </ns3:TrackPointExtension>
        </extensions>
      </trkpt>
      <trkpt lat="31.956464499" lon="34.959674338">
        <ele>142.60</ele>
        <time>2016-12-16T05:49:54.000Z</time>
        <extensions>
          <ns3:TrackPointExtension>
            <ns3:atemp>9.0</ns3:atemp>
          </ns3:TrackPointExtension>
        </extensions>
      </trkpt>
      <trkpt lat="31.956544379" lon="34.959666459">
        <ele>141.60</ele>
        <time>2016-12-16T05:49:56.000Z</time>
        <extensions>
          <ns3:TrackPointExtension>
            <ns3:atemp>9.0</ns3:atemp>
          </ns3:TrackPointExtension>
        </extensions>
      </trkpt>
      <trkpt lat="31.956688380" lon="34.959634105">
        <ele>140.20</ele>
        <time>2016-12-16T05:49:59.000Z</time>
        <extensions>
          <ns3:TrackPointExtension>
            <ns3:atemp>9.0</ns3:atemp>
          </ns3:TrackPointExtension>
        </extensions>
      </trkpt>
      <trkpt lat="31.956877811" lon="34.959583394">
        <ele>139.00</ele>
        <time>2016-12-16T05:50:03.000Z</time>
        <extensions>
          <ns3:TrackPointExtension>
            <ns3:atemp>9.0</ns3:atemp>
          </ns3:TrackPointExtension>
        </extensions>
      </trkpt>
      <trkpt lat="31.956960456" lon="34.959564283">
        <ele>137.80</ele>
        <time>2016-12-16T05:50:05.000Z</time>
        <extensions>
          <ns3:TrackPointExtension>
            <ns3:atemp>9.0</ns3:atemp>
          </ns3:TrackPointExtension>
        </extensions>
      </trkpt>
      <trkpt lat="31.956999516" lon="34.959556321">
        <ele>137.00</ele>
        <time>2016-12-16T05:50:06.000Z</time>
        <extensions>
          <ns3:TrackPointExtension>
            <ns3:atemp>9.0</ns3:atemp>
          </ns3:TrackPointExtension>
        </extensions>
      </trkpt>
      <trkpt lat="31.957035558" lon="34.959547687">
        <ele>136.40</ele>
        <time>2016-12-16T05:50:07.000Z</time>
        <extensions>
          <ns3:TrackPointExtension>
            <ns3:atemp>9.0</ns3:atemp>
          </ns3:TrackPointExtension>
        </extensions>
      </trkpt>
      <trkpt lat="31.957159778" lon="34.959495636">
        <ele>135.80</ele>
        <time>2016-12-16T05:50:11.000Z</time>
        <extensions>
          <ns3:TrackPointExtension>
            <ns3:atemp>9.0</ns3:atemp>
          </ns3:TrackPointExtension>
        </extensions>
      </trkpt>
      <trkpt lat="31.957272515" lon="34.959403183">
        <ele>136.00</ele>
        <time>2016-12-16T05:50:16.000Z</time>
        <extensions>
          <ns3:TrackPointExtension>
            <ns3:atemp>9.0</ns3:atemp>
          </ns3:TrackPointExtension>
        </extensions>
      </trkpt>
      <trkpt lat="31.957366979" lon="34.959322298">
        <ele>137.40</ele>
        <time>2016-12-16T05:50:21.000Z</time>
        <extensions>
          <ns3:TrackPointExtension>
            <ns3:atemp>9.0</ns3:atemp>
          </ns3:TrackPointExtension>
        </extensions>
      </trkpt>
      <trkpt lat="31.957431603" lon="34.959277874">
        <ele>138.40</ele>
        <time>2016-12-16T05:50:24.000Z</time>
        <extensions>
          <ns3:TrackPointExtension>
            <ns3:atemp>9.0</ns3:atemp>
          </ns3:TrackPointExtension>
        </extensions>
      </trkpt>
      <trkpt lat="31.957522463" lon="34.959225068">
        <ele>139.40</ele>
        <time>2016-12-16T05:50:29.000Z</time>
        <extensions>
          <ns3:TrackPointExtension>
            <ns3:atemp>9.0</ns3:atemp>
          </ns3:TrackPointExtension>
        </extensions>
      </trkpt>
      <trkpt lat="31.957598235" lon="34.959181733">
        <ele>140.40</ele>
        <time>2016-12-16T05:50:33.000Z</time>
        <extensions>
          <ns3:TrackPointExtension>
            <ns3:atemp>9.0</ns3:atemp>
          </ns3:TrackPointExtension>
        </extensions>
      </trkpt>
      <trkpt lat="31.957652634" lon="34.959152732">
        <ele>140.80</ele>
        <time>2016-12-16T05:50:36.000Z</time>
        <extensions>
          <ns3:TrackPointExtension>
            <ns3:atemp>9.0</ns3:atemp>
          </ns3:TrackPointExtension>
        </extensions>
      </trkpt>
      <trkpt lat="31.957801832" lon="34.959075116">
        <ele>141.20</ele>
        <time>2016-12-16T05:50:43.000Z</time>
        <extensions>
          <ns3:TrackPointExtension>
            <ns3:atemp>9.0</ns3:atemp>
          </ns3:TrackPointExtension>
        </extensions>
      </trkpt>
      <trkpt lat="31.957978690" lon="34.958966402">
        <ele>141.20</ele>
        <time>2016-12-16T05:50:48.000Z</time>
        <extensions>
          <ns3:TrackPointExtension>
            <ns3:atemp>9.0</ns3:atemp>
          </ns3:TrackPointExtension>
        </extensions>
      </trkpt>
      <trkpt lat="31.958185723" lon="34.958827682">
        <ele>141.00</ele>
        <time>2016-12-16T05:50:54.000Z</time>
        <extensions>
          <ns3:TrackPointExtension>
            <ns3:atemp>9.0</ns3:atemp>
          </ns3:TrackPointExtension>
        </extensions>
      </trkpt>
      <trkpt lat="31.958269291" lon="34.958751658">
        <ele>140.40</ele>
        <time>2016-12-16T05:50:58.000Z</time>
        <extensions>
          <ns3:TrackPointExtension>
            <ns3:atemp>9.0</ns3:atemp>
          </ns3:TrackPointExtension>
        </extensions>
      </trkpt>
      <trkpt lat="31.958327964" lon="34.958696170">
        <ele>139.40</ele>
        <time>2016-12-16T05:51:04.000Z</time>
        <extensions>
          <ns3:TrackPointExtension>
            <ns3:atemp>9.0</ns3:atemp>
          </ns3:TrackPointExtension>
        </extensions>
      </trkpt>
      <trkpt lat="31.958342046" lon="34.958686698">
        <ele>139.20</ele>
        <time>2016-12-16T05:51:05.000Z</time>
        <extensions>
          <ns3:TrackPointExtension>
            <ns3:atemp>9.0</ns3:atemp>
          </ns3:TrackPointExtension>
        </extensions>
      </trkpt>
      <trkpt lat="31.958418489" lon="34.958624421">
        <ele>139.00</ele>
        <time>2016-12-16T05:51:11.000Z</time>
        <extensions>
          <ns3:TrackPointExtension>
            <ns3:atemp>9.0</ns3:atemp>
          </ns3:TrackPointExtension>
        </extensions>
      </trkpt>
      <trkpt lat="31.958492920" lon="34.958539344">
        <ele>139.00</ele>
        <time>2016-12-16T05:51:18.000Z</time>
        <extensions>
          <ns3:TrackPointExtension>
            <ns3:atemp>9.0</ns3:atemp>
          </ns3:TrackPointExtension>
        </extensions>
      </trkpt>
      <trkpt lat="31.958500715" lon="34.958526688">
        <ele>139.20</ele>
        <time>2016-12-16T05:51:19.000Z</time>
        <extensions>
          <ns3:TrackPointExtension>
            <ns3:atemp>9.0</ns3:atemp>
          </ns3:TrackPointExtension>
        </extensions>
      </trkpt>
      <trkpt lat="31.958538769" lon="34.958478408">
        <ele>139.60</ele>
        <time>2016-12-16T05:51:23.000Z</time>
        <extensions>
          <ns3:TrackPointExtension>
            <ns3:atemp>9.0</ns3:atemp>
          </ns3:TrackPointExtension>
        </extensions>
      </trkpt>
      <trkpt lat="31.958550503" lon="34.958471870">
        <ele>139.60</ele>
        <time>2016-12-16T05:51:24.000Z</time>
        <extensions>
          <ns3:TrackPointExtension>
            <ns3:atemp>9.0</ns3:atemp>
          </ns3:TrackPointExtension>
        </extensions>
      </trkpt>
      <trkpt lat="31.958607836" lon="34.958429206">
        <ele>139.80</ele>
        <time>2016-12-16T05:51:31.000Z</time>
        <extensions>
          <ns3:TrackPointExtension>
            <ns3:atemp>9.0</ns3:atemp>
          </ns3:TrackPointExtension>
        </extensions>
      </trkpt>
      <trkpt lat="31.958663994" lon="34.958363995">
        <ele>139.80</ele>
        <time>2016-12-16T05:51:37.000Z</time>
        <extensions>
          <ns3:TrackPointExtension>
            <ns3:atemp>9.0</ns3:atemp>
          </ns3:TrackPointExtension>
        </extensions>
      </trkpt>
      <trkpt lat="31.958657457" lon="34.958365755">
        <ele>139.80</ele>
        <time>2016-12-16T05:51:38.000Z</time>
        <extensions>
          <ns3:TrackPointExtension>
            <ns3:atemp>9.0</ns3:atemp>
          </ns3:TrackPointExtension>
        </extensions>
      </trkpt>
      <trkpt lat="31.958631556" lon="34.958393667">
        <ele>140.00</ele>
        <time>2016-12-16T05:51:42.000Z</time>
        <extensions>
          <ns3:TrackPointExtension>
            <ns3:atemp>9.0</ns3:atemp>
          </ns3:TrackPointExtension>
        </extensions>
      </trkpt>
      <trkpt lat="31.958611775" lon="34.958428703">
        <ele>140.20</ele>
        <time>2016-12-16T05:51:48.000Z</time>
        <extensions>
          <ns3:TrackPointExtension>
            <ns3:atemp>9.0</ns3:atemp>
          </ns3:TrackPointExtension>
        </extensions>
      </trkpt>
      <trkpt lat="31.958612697" lon="34.958429961">
        <ele>140.20</ele>
        <time>2016-12-16T05:51:49.000Z</time>
        <extensions>
          <ns3:TrackPointExtension>
            <ns3:atemp>9.0</ns3:atemp>
          </ns3:TrackPointExtension>
        </extensions>
      </trkpt>
      <trkpt lat="31.958611188" lon="34.958434235">
        <ele>140.20</ele>
        <time>2016-12-16T05:51:55.000Z</time>
        <extensions>
          <ns3:TrackPointExtension>
            <ns3:atemp>9.0</ns3:atemp>
          </ns3:TrackPointExtension>
        </extensions>
      </trkpt>
      <trkpt lat="31.958622672" lon="34.958427697">
        <ele>140.20</ele>
        <time>2016-12-16T05:52:00.000Z</time>
        <extensions>
          <ns3:TrackPointExtension>
            <ns3:atemp>9.0</ns3:atemp>
          </ns3:TrackPointExtension>
        </extensions>
      </trkpt>
      <trkpt lat="31.958623007" lon="34.958425183">
        <ele>140.00</ele>
        <time>2016-12-16T05:52:06.000Z</time>
        <extensions>
          <ns3:TrackPointExtension>
            <ns3:atemp>9.0</ns3:atemp>
          </ns3:TrackPointExtension>
        </extensions>
      </trkpt>
      <trkpt lat="31.958619235" lon="34.958425350">
        <ele>140.00</ele>
        <time>2016-12-16T05:52:09.000Z</time>
        <extensions>
          <ns3:TrackPointExtension>
            <ns3:atemp>9.0</ns3:atemp>
          </ns3:TrackPointExtension>
        </extensions>
      </trkpt>
      <trkpt lat="31.958616804" lon="34.958422920">
        <ele>140.00</ele>
        <time>2016-12-16T05:52:11.000Z</time>
        <extensions>
          <ns3:TrackPointExtension>
            <ns3:atemp>9.0</ns3:atemp>
          </ns3:TrackPointExtension>
        </extensions>
      </trkpt>
      <trkpt lat="31.958617810" lon="34.958416047">
        <ele>139.80</ele>
        <time>2016-12-16T05:52:13.000Z</time>
        <extensions>
          <ns3:TrackPointExtension>
            <ns3:atemp>9.0</ns3:atemp>
          </ns3:TrackPointExtension>
        </extensions>
      </trkpt>
      <trkpt lat="31.958635999" lon="34.958381848">
        <ele>139.80</ele>
        <time>2016-12-16T05:52:20.000Z</time>
        <extensions>
          <ns3:TrackPointExtension>
            <ns3:atemp>9.0</ns3:atemp>
          </ns3:TrackPointExtension>
        </extensions>
      </trkpt>
      <trkpt lat="31.958635999" lon="34.958375646">
        <ele>139.80</ele>
        <time>2016-12-16T05:52:27.000Z</time>
        <extensions>
          <ns3:TrackPointExtension>
            <ns3:atemp>9.0</ns3:atemp>
          </ns3:TrackPointExtension>
        </extensions>
      </trkpt>
      <trkpt lat="31.958679082" lon="34.958314626">
        <ele>140.00</ele>
        <time>2016-12-16T05:52:34.000Z</time>
        <extensions>
          <ns3:TrackPointExtension>
            <ns3:atemp>9.0</ns3:atemp>
          </ns3:TrackPointExtension>
        </extensions>
      </trkpt>
      <trkpt lat="31.958787208" lon="34.958177079">
        <ele>140.40</ele>
        <time>2016-12-16T05:52:42.000Z</time>
        <extensions>
          <ns3:TrackPointExtension>
            <ns3:atemp>9.0</ns3:atemp>
          </ns3:TrackPointExtension>
        </extensions>
      </trkpt>
      <trkpt lat="31.958880750" lon="34.958031820">
        <ele>141.20</ele>
        <time>2016-12-16T05:52:50.000Z</time>
        <extensions>
          <ns3:TrackPointExtension>
            <ns3:atemp>9.0</ns3:atemp>
          </ns3:TrackPointExtension>
        </extensions>
      </trkpt>
      <trkpt lat="31.958890390" lon="34.958006926">
        <ele>141.20</ele>
        <time>2016-12-16T05:52:51.000Z</time>
        <extensions>
          <ns3:TrackPointExtension>
            <ns3:atemp>9.0</ns3:atemp>
          </ns3:TrackPointExtension>
        </extensions>
      </trkpt>
      <trkpt lat="31.958938502" lon="34.957876001">
        <ele>141.60</ele>
        <time>2016-12-16T05:52:57.000Z</time>
        <extensions>
          <ns3:TrackPointExtension>
            <ns3:atemp>9.0</ns3:atemp>
          </ns3:TrackPointExtension>
        </extensions>
      </trkpt>
      <trkpt lat="31.958981417" lon="34.957714397">
        <ele>141.80</ele>
        <time>2016-12-16T05:53:04.000Z</time>
        <extensions>
          <ns3:TrackPointExtension>
            <ns3:atemp>9.0</ns3:atemp>
          </ns3:TrackPointExtension>
        </extensions>
      </trkpt>
      <trkpt lat="31.959023746" lon="34.957501078">
        <ele>141.80</ele>
        <time>2016-12-16T05:53:11.000Z</time>
        <extensions>
          <ns3:TrackPointExtension>
            <ns3:atemp>9.0</ns3:atemp>
          </ns3:TrackPointExtension>
        </extensions>
      </trkpt>
      <trkpt lat="31.959130112" lon="34.957245849">
        <ele>141.60</ele>
        <time>2016-12-16T05:53:18.000Z</time>
        <extensions>
          <ns3:TrackPointExtension>
            <ns3:atemp>9.0</ns3:atemp>
          </ns3:TrackPointExtension>
        </extensions>
      </trkpt>
      <trkpt lat="31.959319878" lon="34.957003612">
        <ele>140.80</ele>
        <time>2016-12-16T05:53:25.000Z</time>
        <extensions>
          <ns3:TrackPointExtension>
            <ns3:atemp>9.0</ns3:atemp>
          </ns3:TrackPointExtension>
        </extensions>
      </trkpt>
      <trkpt lat="31.959425742" lon="34.956893474">
        <ele>140.20</ele>
        <time>2016-12-16T05:53:28.000Z</time>
        <extensions>
          <ns3:TrackPointExtension>
            <ns3:atemp>9.0</ns3:atemp>
          </ns3:TrackPointExtension>
        </extensions>
      </trkpt>
      <trkpt lat="31.959463796" lon="34.956870088">
        <ele>139.80</ele>
        <time>2016-12-16T05:53:29.000Z</time>
        <extensions>
          <ns3:TrackPointExtension>
            <ns3:atemp>9.0</ns3:atemp>
          </ns3:TrackPointExtension>
        </extensions>
      </trkpt>
      <trkpt lat="31.959503694" lon="34.956850978">
        <ele>139.60</ele>
        <time>2016-12-16T05:53:30.000Z</time>
        <extensions>
          <ns3:TrackPointExtension>
            <ns3:atemp>9.0</ns3:atemp>
          </ns3:TrackPointExtension>
        </extensions>
      </trkpt>
      <trkpt lat="31.959586674" lon="34.956814265">
        <ele>139.00</ele>
        <time>2016-12-16T05:53:32.000Z</time>
        <extensions>
          <ns3:TrackPointExtension>
            <ns3:atemp>9.0</ns3:atemp>
          </ns3:TrackPointExtension>
        </extensions>
      </trkpt>
      <trkpt lat="31.959623639" lon="34.956791550">
        <ele>138.40</ele>
        <time>2016-12-16T05:53:33.000Z</time>
        <extensions>
          <ns3:TrackPointExtension>
            <ns3:atemp>9.0</ns3:atemp>
          </ns3:TrackPointExtension>
        </extensions>
      </trkpt>
      <trkpt lat="31.959675439" lon="34.956742348">
        <ele>137.80</ele>
        <time>2016-12-16T05:53:35.000Z</time>
        <extensions>
          <ns3:TrackPointExtension>
            <ns3:atemp>9.0</ns3:atemp>
          </ns3:TrackPointExtension>
        </extensions>
      </trkpt>
      <trkpt lat="31.959697483" lon="34.956717705">
        <ele>137.40</ele>
        <time>2016-12-16T05:53:36.000Z</time>
        <extensions>
          <ns3:TrackPointExtension>
            <ns3:atemp>9.0</ns3:atemp>
          </ns3:TrackPointExtension>
        </extensions>
      </trkpt>
      <trkpt lat="31.959721539" lon="34.956693733">
        <ele>136.40</ele>
        <time>2016-12-16T05:53:37.000Z</time>
        <extensions>
          <ns3:TrackPointExtension>
            <ns3:atemp>9.0</ns3:atemp>
          </ns3:TrackPointExtension>
        </extensions>
      </trkpt>
      <trkpt lat="31.959781889" lon="34.956666073">
        <ele>135.00</ele>
        <time>2016-12-16T05:53:39.000Z</time>
        <extensions>
          <ns3:TrackPointExtension>
            <ns3:atemp>9.0</ns3:atemp>
          </ns3:TrackPointExtension>
        </extensions>
      </trkpt>
      <trkpt lat="31.959816003" lon="34.956652159">
        <ele>134.60</ele>
        <time>2016-12-16T05:53:40.000Z</time>
        <extensions>
          <ns3:TrackPointExtension>
            <ns3:atemp>9.0</ns3:atemp>
          </ns3:TrackPointExtension>
        </extensions>
      </trkpt>
      <trkpt lat="31.959924884" lon="34.956552833">
        <ele>134.20</ele>
        <time>2016-12-16T05:53:44.000Z</time>
        <extensions>
          <ns3:TrackPointExtension>
            <ns3:atemp>9.0</ns3:atemp>
          </ns3:TrackPointExtension>
        </extensions>
      </trkpt>
      <trkpt lat="31.960025216" lon="34.956438420">
        <ele>134.40</ele>
        <time>2016-12-16T05:53:50.000Z</time>
        <extensions>
          <ns3:TrackPointExtension>
            <ns3:atemp>9.0</ns3:atemp>
          </ns3:TrackPointExtension>
        </extensions>
      </trkpt>
      <trkpt lat="31.960107107" lon="34.956346806">
        <ele>135.40</ele>
        <time>2016-12-16T05:53:55.000Z</time>
        <extensions>
          <ns3:TrackPointExtension>
            <ns3:atemp>9.0</ns3:atemp>
          </ns3:TrackPointExtension>
        </extensions>
      </trkpt>
      <trkpt lat="31.960155135" lon="34.956243709">
        <ele>136.20</ele>
        <time>2016-12-16T05:53:59.000Z</time>
        <extensions>
          <ns3:TrackPointExtension>
            <ns3:atemp>9.0</ns3:atemp>
          </ns3:TrackPointExtension>
        </extensions>
      </trkpt>
      <trkpt lat="31.960163182" lon="34.956219736">
        <ele>136.40</ele>
        <time>2016-12-16T05:54:00.000Z</time>
        <extensions>
          <ns3:TrackPointExtension>
            <ns3:atemp>9.0</ns3:atemp>
          </ns3:TrackPointExtension>
        </extensions>
      </trkpt>
      <trkpt lat="31.960191345" lon="34.956108425">
        <ele>137.40</ele>
        <time>2016-12-16T05:54:05.000Z</time>
        <extensions>
          <ns3:TrackPointExtension>
            <ns3:atemp>9.0</ns3:atemp>
          </ns3:TrackPointExtension>
        </extensions>
      </trkpt>
      <trkpt lat="31.960198721" lon="34.956089649">
        <ele>137.60</ele>
        <time>2016-12-16T05:54:06.000Z</time>
        <extensions>
          <ns3:TrackPointExtension>
            <ns3:atemp>9.0</ns3:atemp>
          </ns3:TrackPointExtension>
        </extensions>
      </trkpt>
      <trkpt lat="31.960225627" lon="34.956034496">
        <ele>138.40</ele>
        <time>2016-12-16T05:54:09.000Z</time>
        <extensions>
          <ns3:TrackPointExtension>
            <ns3:atemp>9.0</ns3:atemp>
          </ns3:TrackPointExtension>
        </extensions>
      </trkpt>
      <trkpt lat="31.960272733" lon="34.955969537">
        <ele>138.80</ele>
        <time>2016-12-16T05:54:13.000Z</time>
        <extensions>
          <ns3:TrackPointExtension>
            <ns3:atemp>9.0</ns3:atemp>
          </ns3:TrackPointExtension>
        </extensions>
      </trkpt>
      <trkpt lat="31.960315565" lon="34.955819082">
        <ele>139.20</ele>
        <time>2016-12-16T05:54:20.000Z</time>
        <extensions>
          <ns3:TrackPointExtension>
            <ns3:atemp>9.0</ns3:atemp>
          </ns3:TrackPointExtension>
        </extensions>
      </trkpt>
      <trkpt lat="31.960336436" lon="34.955718582">
        <ele>139.40</ele>
        <time>2016-12-16T05:54:24.000Z</time>
        <extensions>
          <ns3:TrackPointExtension>
            <ns3:atemp>9.0</ns3:atemp>
          </ns3:TrackPointExtension>
        </extensions>
      </trkpt>
      <trkpt lat="31.960336687" lon="34.955643564">
        <ele>139.40</ele>
        <time>2016-12-16T05:54:27.000Z</time>
        <extensions>
          <ns3:TrackPointExtension>
            <ns3:atemp>9.0</ns3:atemp>
          </ns3:TrackPointExtension>
        </extensions>
      </trkpt>
      <trkpt lat="31.960296119" lon="34.955503419">
        <ele>139.40</ele>
        <time>2016-12-16T05:54:33.000Z</time>
        <extensions>
          <ns3:TrackPointExtension>
            <ns3:atemp>9.0</ns3:atemp>
          </ns3:TrackPointExtension>
        </extensions>
      </trkpt>
      <trkpt lat="31.960291844" lon="34.955468215">
        <ele>139.40</ele>
        <time>2016-12-16T05:54:35.000Z</time>
        <extensions>
          <ns3:TrackPointExtension>
            <ns3:atemp>9.0</ns3:atemp>
          </ns3:TrackPointExtension>
        </extensions>
      </trkpt>
      <trkpt lat="31.960315816" lon="34.955428485">
        <ele>139.20</ele>
        <time>2016-12-16T05:54:38.000Z</time>
        <extensions>
          <ns3:TrackPointExtension>
            <ns3:atemp>9.0</ns3:atemp>
          </ns3:TrackPointExtension>
        </extensions>
      </trkpt>
      <trkpt lat="31.960352194" lon="34.955412140">
        <ele>138.80</ele>
        <time>2016-12-16T05:54:41.000Z</time>
        <extensions>
          <ns3:TrackPointExtension>
            <ns3:atemp>9.0</ns3:atemp>
          </ns3:TrackPointExtension>
        </extensions>
      </trkpt>
      <trkpt lat="31.960410615" lon="34.955383223">
        <ele>138.80</ele>
        <time>2016-12-16T05:54:44.000Z</time>
        <extensions>
          <ns3:TrackPointExtension>
            <ns3:atemp>9.0</ns3:atemp>
          </ns3:TrackPointExtension>
        </extensions>
      </trkpt>
      <trkpt lat="31.960603818" lon="34.955274258">
        <ele>138.20</ele>
        <time>2016-12-16T05:54:52.000Z</time>
        <extensions>
          <ns3:TrackPointExtension>
            <ns3:atemp>9.0</ns3:atemp>
          </ns3:TrackPointExtension>
        </extensions>
      </trkpt>
      <trkpt lat="31.960628629" lon="34.955261769">
        <ele>138.20</ele>
        <time>2016-12-16T05:54:53.000Z</time>
        <extensions>
          <ns3:TrackPointExtension>
            <ns3:atemp>9.0</ns3:atemp>
          </ns3:TrackPointExtension>
        </extensions>
      </trkpt>
      <trkpt lat="31.960765421" lon="34.955169568">
        <ele>137.60</ele>
        <time>2016-12-16T05:54:59.000Z</time>
        <extensions>
          <ns3:TrackPointExtension>
            <ns3:atemp>9.0</ns3:atemp>
          </ns3:TrackPointExtension>
        </extensions>
      </trkpt>
      <trkpt lat="31.960885366" lon="34.955132939">
        <ele>137.00</ele>
        <time>2016-12-16T05:55:03.000Z</time>
        <extensions>
          <ns3:TrackPointExtension>
            <ns3:atemp>9.0</ns3:atemp>
          </ns3:TrackPointExtension>
        </extensions>
      </trkpt>
      <trkpt lat="31.960950326" lon="34.955139225">
        <ele>136.60</ele>
        <time>2016-12-16T05:55:05.000Z</time>
        <extensions>
          <ns3:TrackPointExtension>
            <ns3:atemp>9.0</ns3:atemp>
          </ns3:TrackPointExtension>
        </extensions>
      </trkpt>
      <trkpt lat="31.961131459" lon="34.955123803">
        <ele>136.00</ele>
        <time>2016-12-16T05:55:11.000Z</time>
        <extensions>
          <ns3:TrackPointExtension>
            <ns3:atemp>9.0</ns3:atemp>
          </ns3:TrackPointExtension>
        </extensions>
      </trkpt>
      <trkpt lat="31.961161047" lon="34.955122126">
        <ele>136.00</ele>
        <time>2016-12-16T05:55:12.000Z</time>
        <extensions>
          <ns3:TrackPointExtension>
            <ns3:atemp>9.0</ns3:atemp>
          </ns3:TrackPointExtension>
        </extensions>
      </trkpt>
      <trkpt lat="31.961330278" lon="34.955065548">
        <ele>136.00</ele>
        <time>2016-12-16T05:55:18.000Z</time>
        <extensions>
          <ns3:TrackPointExtension>
            <ns3:atemp>9.0</ns3:atemp>
          </ns3:TrackPointExtension>
        </extensions>
      </trkpt>
      <trkpt lat="31.961468495" lon="34.954946609">
        <ele>135.80</ele>
        <time>2016-12-16T05:55:23.000Z</time>
        <extensions>
          <ns3:TrackPointExtension>
            <ns3:atemp>9.0</ns3:atemp>
          </ns3:TrackPointExtension>
        </extensions>
      </trkpt>
      <trkpt lat="31.961713582" lon="34.954814008">
        <ele>135.40</ele>
        <time>2016-12-16T05:55:30.000Z</time>
        <extensions>
          <ns3:TrackPointExtension>
            <ns3:atemp>9.0</ns3:atemp>
          </ns3:TrackPointExtension>
        </extensions>
      </trkpt>
      <trkpt lat="31.961902343" lon="34.954758687">
        <ele>135.40</ele>
        <time>2016-12-16T05:55:35.000Z</time>
        <extensions>
          <ns3:TrackPointExtension>
            <ns3:atemp>9.0</ns3:atemp>
          </ns3:TrackPointExtension>
        </extensions>
      </trkpt>
      <trkpt lat="31.961955149" lon="34.954744438">
        <ele>135.40</ele>
        <time>2016-12-16T05:55:37.000Z</time>
        <extensions>
          <ns3:TrackPointExtension>
            <ns3:atemp>9.0</ns3:atemp>
          </ns3:TrackPointExtension>
        </extensions>
      </trkpt>
      <trkpt lat="31.962005021" lon="34.954765812">
        <ele>135.40</ele>
        <time>2016-12-16T05:55:39.000Z</time>
        <extensions>
          <ns3:TrackPointExtension>
            <ns3:atemp>9.0</ns3:atemp>
          </ns3:TrackPointExtension>
        </extensions>
      </trkpt>
      <trkpt lat="31.962055899" lon="34.954807302">
        <ele>135.40</ele>
        <time>2016-12-16T05:55:41.000Z</time>
        <extensions>
          <ns3:TrackPointExtension>
            <ns3:atemp>9.0</ns3:atemp>
          </ns3:TrackPointExtension>
        </extensions>
      </trkpt>
      <trkpt lat="31.962137204" lon="34.954863125">
        <ele>135.40</ele>
        <time>2016-12-16T05:55:44.000Z</time>
        <extensions>
          <ns3:TrackPointExtension>
            <ns3:atemp>9.0</ns3:atemp>
          </ns3:TrackPointExtension>
        </extensions>
      </trkpt>
      <trkpt lat="31.962344237" lon="34.954995308">
        <ele>135.80</ele>
        <time>2016-12-16T05:55:52.000Z</time>
        <extensions>
          <ns3:TrackPointExtension>
            <ns3:atemp>9.0</ns3:atemp>
          </ns3:TrackPointExtension>
        </extensions>
      </trkpt>
      <trkpt lat="31.962420009" lon="34.955053478">
        <ele>136.20</ele>
        <time>2016-12-16T05:55:58.000Z</time>
        <extensions>
          <ns3:TrackPointExtension>
            <ns3:atemp>9.0</ns3:atemp>
          </ns3:TrackPointExtension>
        </extensions>
      </trkpt>
      <trkpt lat="31.962421518" lon="34.955053646">
        <ele>136.20</ele>
        <time>2016-12-16T05:56:13.000Z</time>
        <extensions>
          <ns3:TrackPointExtension>
            <ns3:atemp>9.0</ns3:atemp>
          </ns3:TrackPointExtension>
        </extensions>
      </trkpt>
      <trkpt lat="31.962423949" lon="34.955065465">
        <ele>136.40</ele>
        <time>2016-12-16T05:56:29.000Z</time>
        <extensions>
          <ns3:TrackPointExtension>
            <ns3:atemp>9.0</ns3:atemp>
          </ns3:TrackPointExtension>
        </extensions>
      </trkpt>
      <trkpt lat="31.962433839" lon="34.955102345">
        <ele>136.40</ele>
        <time>2016-12-16T05:56:32.000Z</time>
        <extensions>
          <ns3:TrackPointExtension>
            <ns3:atemp>9.0</ns3:atemp>
          </ns3:TrackPointExtension>
        </extensions>
      </trkpt>
      <trkpt lat="31.962432833" lon="34.955133442">
        <ele>136.40</ele>
        <time>2016-12-16T05:56:34.000Z</time>
        <extensions>
          <ns3:TrackPointExtension>
            <ns3:atemp>9.0</ns3:atemp>
          </ns3:TrackPointExtension>
        </extensions>
      </trkpt>
      <trkpt lat="31.962433420" lon="34.955144338">
        <ele>136.20</ele>
        <time>2016-12-16T05:56:39.000Z</time>
        <extensions>
          <ns3:TrackPointExtension>
            <ns3:atemp>9.0</ns3:atemp>
          </ns3:TrackPointExtension>
        </extensions>
      </trkpt>
      <trkpt lat="31.962432247" lon="34.955148194">
        <ele>136.20</ele>
        <time>2016-12-16T05:56:55.000Z</time>
        <extensions>
          <ns3:TrackPointExtension>
            <ns3:atemp>9.0</ns3:atemp>
          </ns3:TrackPointExtension>
        </extensions>
      </trkpt>
      <trkpt lat="31.962432330" lon="34.955148110">
        <ele>136.20</ele>
        <time>2016-12-16T05:57:20.000Z</time>
        <extensions>
          <ns3:TrackPointExtension>
            <ns3:atemp>9.0</ns3:atemp>
          </ns3:TrackPointExtension>
        </extensions>
      </trkpt>
      <trkpt lat="31.962432917" lon="34.955148026">
        <ele>136.20</ele>
        <time>2016-12-16T05:57:47.000Z</time>
        <extensions>
          <ns3:TrackPointExtension>
            <ns3:atemp>9.0</ns3:atemp>
          </ns3:TrackPointExtension>
        </extensions>
      </trkpt>
      <trkpt lat="31.962475665" lon="34.955137130">
        <ele>136.20</ele>
        <time>2016-12-16T05:57:50.000Z</time>
        <extensions>
          <ns3:TrackPointExtension>
            <ns3:atemp>9.0</ns3:atemp>
          </ns3:TrackPointExtension>
        </extensions>
      </trkpt>
      <trkpt lat="31.962491339" lon="34.955119360">
        <ele>136.20</ele>
        <time>2016-12-16T05:57:51.000Z</time>
        <extensions>
          <ns3:TrackPointExtension>
            <ns3:atemp>9.0</ns3:atemp>
          </ns3:TrackPointExtension>
        </extensions>
      </trkpt>
      <trkpt lat="31.962490585" lon="34.955026070">
        <ele>136.20</ele>
        <time>2016-12-16T05:57:55.000Z</time>
        <extensions>
          <ns3:TrackPointExtension>
            <ns3:atemp>9.0</ns3:atemp>
          </ns3:TrackPointExtension>
        </extensions>
      </trkpt>
      <trkpt lat="31.962419841" lon="34.954913333">
        <ele>136.00</ele>
        <time>2016-12-16T05:58:01.000Z</time>
        <extensions>
          <ns3:TrackPointExtension>
            <ns3:atemp>9.0</ns3:atemp>
          </ns3:TrackPointExtension>
        </extensions>
      </trkpt>
      <trkpt lat="31.962342812" lon="34.954920206">
        <ele>136.00</ele>
        <time>2016-12-16T05:58:05.000Z</time>
        <extensions>
          <ns3:TrackPointExtension>
            <ns3:atemp>9.0</ns3:atemp>
          </ns3:TrackPointExtension>
        </extensions>
      </trkpt>
      <trkpt lat="31.962324623" lon="34.954925654">
        <ele>136.00</ele>
        <time>2016-12-16T05:58:06.000Z</time>
        <extensions>
          <ns3:TrackPointExtension>
            <ns3:atemp>9.0</ns3:atemp>
          </ns3:TrackPointExtension>
        </extensions>
      </trkpt>
      <trkpt lat="31.962259077" lon="34.954933450">
        <ele>136.00</ele>
        <time>2016-12-16T05:58:09.000Z</time>
        <extensions>
          <ns3:TrackPointExtension>
            <ns3:atemp>9.0</ns3:atemp>
          </ns3:TrackPointExtension>
        </extensions>
      </trkpt>
      <trkpt lat="31.962218676" lon="34.954909813">
        <ele>136.00</ele>
        <time>2016-12-16T05:58:11.000Z</time>
        <extensions>
          <ns3:TrackPointExtension>
            <ns3:atemp>9.0</ns3:atemp>
          </ns3:TrackPointExtension>
        </extensions>
      </trkpt>
      <trkpt lat="31.962065119" lon="34.954811996">
        <ele>136.60</ele>
        <time>2016-12-16T05:58:18.000Z</time>
        <extensions>
          <ns3:TrackPointExtension>
            <ns3:atemp>9.0</ns3:atemp>
          </ns3:TrackPointExtension>
        </extensions>
      </trkpt>
      <trkpt lat="31.961967973" lon="34.954728093">
        <ele>136.60</ele>
        <time>2016-12-16T05:58:24.000Z</time>
        <extensions>
          <ns3:TrackPointExtension>
            <ns3:atemp>9.0</ns3:atemp>
          </ns3:TrackPointExtension>
        </extensions>
      </trkpt>
      <trkpt lat="31.961963279" lon="34.954718454">
        <ele>135.80</ele>
        <time>2016-12-16T05:58:32.000Z</time>
        <extensions>
          <ns3:TrackPointExtension>
            <ns3:atemp>9.0</ns3:atemp>
          </ns3:TrackPointExtension>
        </extensions>
      </trkpt>
      <trkpt lat="31.961964201" lon="34.954699259">
        <ele>135.80</ele>
        <time>2016-12-16T05:58:33.000Z</time>
        <extensions>
          <ns3:TrackPointExtension>
            <ns3:atemp>9.0</ns3:atemp>
          </ns3:TrackPointExtension>
        </extensions>
      </trkpt>
      <trkpt lat="31.962006362" lon="34.954636144">
        <ele>135.60</ele>
        <time>2016-12-16T05:58:36.000Z</time>
        <extensions>
          <ns3:TrackPointExtension>
            <ns3:atemp>9.0</ns3:atemp>
          </ns3:TrackPointExtension>
        </extensions>
      </trkpt>
      <trkpt lat="31.962063359" lon="34.954555258">
        <ele>135.60</ele>
        <time>2016-12-16T05:58:39.000Z</time>
        <extensions>
          <ns3:TrackPointExtension>
            <ns3:atemp>9.0</ns3:atemp>
          </ns3:TrackPointExtension>
        </extensions>
      </trkpt>
      <trkpt lat="31.962091690" lon="34.954486527">
        <ele>135.40</ele>
        <time>2016-12-16T05:58:41.000Z</time>
        <extensions>
          <ns3:TrackPointExtension>
            <ns3:atemp>9.0</ns3:atemp>
          </ns3:TrackPointExtension>
        </extensions>
      </trkpt>
      <trkpt lat="31.962113483" lon="34.954359708">
        <ele>135.20</ele>
        <time>2016-12-16T05:58:46.000Z</time>
        <extensions>
          <ns3:TrackPointExtension>
            <ns3:atemp>9.0</ns3:atemp>
          </ns3:TrackPointExtension>
        </extensions>
      </trkpt>
      <trkpt lat="31.962134270" lon="34.954258706">
        <ele>134.80</ele>
        <time>2016-12-16T05:58:50.000Z</time>
        <extensions>
          <ns3:TrackPointExtension>
            <ns3:atemp>9.0</ns3:atemp>
          </ns3:TrackPointExtension>
        </extensions>
      </trkpt>
      <trkpt lat="31.962118596" lon="34.954199363">
        <ele>134.60</ele>
        <time>2016-12-16T05:58:52.000Z</time>
        <extensions>
          <ns3:TrackPointExtension>
            <ns3:atemp>9.0</ns3:atemp>
          </ns3:TrackPointExtension>
        </extensions>
      </trkpt>
      <trkpt lat="31.962097557" lon="34.954174217">
        <ele>134.60</ele>
        <time>2016-12-16T05:58:53.000Z</time>
        <extensions>
          <ns3:TrackPointExtension>
            <ns3:atemp>9.0</ns3:atemp>
          </ns3:TrackPointExtension>
        </extensions>
      </trkpt>
      <trkpt lat="31.962004518" lon="34.954101965">
        <ele>134.40</ele>
        <time>2016-12-16T05:58:56.000Z</time>
        <extensions>
          <ns3:TrackPointExtension>
            <ns3:atemp>9.0</ns3:atemp>
          </ns3:TrackPointExtension>
        </extensions>
      </trkpt>
      <trkpt lat="31.961934362" lon="34.954056283">
        <ele>134.20</ele>
        <time>2016-12-16T05:58:58.000Z</time>
        <extensions>
          <ns3:TrackPointExtension>
            <ns3:atemp>9.0</ns3:atemp>
          </ns3:TrackPointExtension>
        </extensions>
      </trkpt>
      <trkpt lat="31.961786337" lon="34.953994341">
        <ele>134.20</ele>
        <time>2016-12-16T05:59:01.000Z</time>
        <extensions>
          <ns3:TrackPointExtension>
            <ns3:atemp>9.0</ns3:atemp>
          </ns3:TrackPointExtension>
        </extensions>
      </trkpt>
      <trkpt lat="31.961470339" lon="34.953884790">
        <ele>133.60</ele>
        <time>2016-12-16T05:59:06.000Z</time>
        <extensions>
          <ns3:TrackPointExtension>
            <ns3:atemp>9.0</ns3:atemp>
          </ns3:TrackPointExtension>
        </extensions>
      </trkpt>
      <trkpt lat="31.961403368" lon="34.953868864">
        <ele>133.20</ele>
        <time>2016-12-16T05:59:07.000Z</time>
        <extensions>
          <ns3:TrackPointExtension>
            <ns3:atemp>9.0</ns3:atemp>
          </ns3:TrackPointExtension>
        </extensions>
      </trkpt>
      <trkpt lat="31.961218379" lon="34.953873642">
        <ele>132.00</ele>
        <time>2016-12-16T05:59:10.000Z</time>
        <extensions>
          <ns3:TrackPointExtension>
            <ns3:atemp>9.0</ns3:atemp>
          </ns3:TrackPointExtension>
        </extensions>
      </trkpt>
      <trkpt lat="31.961160628" lon="34.953881269">
        <ele>131.00</ele>
        <time>2016-12-16T05:59:11.000Z</time>
        <extensions>
          <ns3:TrackPointExtension>
            <ns3:atemp>9.0</ns3:atemp>
          </ns3:TrackPointExtension>
        </extensions>
      </trkpt>
      <trkpt lat="31.961102290" lon="34.953890154">
        <ele>130.60</ele>
        <time>2016-12-16T05:59:12.000Z</time>
        <extensions>
          <ns3:TrackPointExtension>
            <ns3:atemp>9.0</ns3:atemp>
          </ns3:TrackPointExtension>
        </extensions>
      </trkpt>
      <trkpt lat="31.961044371" lon="34.953901805">
        <ele>130.20</ele>
        <time>2016-12-16T05:59:13.000Z</time>
        <extensions>
          <ns3:TrackPointExtension>
            <ns3:atemp>9.0</ns3:atemp>
          </ns3:TrackPointExtension>
        </extensions>
      </trkpt>
      <trkpt lat="31.960875308" lon="34.953952599">
        <ele>129.60</ele>
        <time>2016-12-16T05:59:16.000Z</time>
        <extensions>
          <ns3:TrackPointExtension>
            <ns3:atemp>9.0</ns3:atemp>
          </ns3:TrackPointExtension>
        </extensions>
      </trkpt>
      <trkpt lat="31.960827364" lon="34.953953354">
        <ele>129.20</ele>
        <time>2016-12-16T05:59:17.000Z</time>
        <extensions>
          <ns3:TrackPointExtension>
            <ns3:atemp>9.0</ns3:atemp>
          </ns3:TrackPointExtension>
        </extensions>
      </trkpt>
      <trkpt lat="31.960552773" lon="34.953974476">
        <ele>128.60</ele>
        <time>2016-12-16T05:59:22.000Z</time>
        <extensions>
          <ns3:TrackPointExtension>
            <ns3:atemp>9.0</ns3:atemp>
          </ns3:TrackPointExtension>
        </extensions>
      </trkpt>
      <trkpt lat="31.960445736" lon="34.953980427">
        <ele>127.80</ele>
        <time>2016-12-16T05:59:24.000Z</time>
        <extensions>
          <ns3:TrackPointExtension>
            <ns3:atemp>9.0</ns3:atemp>
          </ns3:TrackPointExtension>
        </extensions>
      </trkpt>
      <trkpt lat="31.960239122" lon="34.953970453">
        <ele>127.60</ele>
        <time>2016-12-16T05:59:28.000Z</time>
        <extensions>
          <ns3:TrackPointExtension>
            <ns3:atemp>9.0</ns3:atemp>
          </ns3:TrackPointExtension>
        </extensions>
      </trkpt>
      <trkpt lat="31.960193608" lon="34.953957293">
        <ele>127.40</ele>
        <time>2016-12-16T05:59:29.000Z</time>
        <extensions>
          <ns3:TrackPointExtension>
            <ns3:atemp>9.0</ns3:atemp>
          </ns3:TrackPointExtension>
        </extensions>
      </trkpt>
      <trkpt lat="31.960103167" lon="34.953934411">
        <ele>127.40</ele>
        <time>2016-12-16T05:59:31.000Z</time>
        <extensions>
          <ns3:TrackPointExtension>
            <ns3:atemp>9.0</ns3:atemp>
          </ns3:TrackPointExtension>
        </extensions>
      </trkpt>
      <trkpt lat="31.959921867" lon="34.953912031">
        <ele>127.20</ele>
        <time>2016-12-16T05:59:35.000Z</time>
        <extensions>
          <ns3:TrackPointExtension>
            <ns3:atemp>9.0</ns3:atemp>
          </ns3:TrackPointExtension>
        </extensions>
      </trkpt>
      <trkpt lat="31.959676361" lon="34.953908511">
        <ele>127.00</ele>
        <time>2016-12-16T05:59:40.000Z</time>
        <extensions>
          <ns3:TrackPointExtension>
            <ns3:atemp>9.0</ns3:atemp>
          </ns3:TrackPointExtension>
        </extensions>
      </trkpt>
      <trkpt lat="31.959630763" lon="34.953916222">
        <ele>126.80</ele>
        <time>2016-12-16T05:59:41.000Z</time>
        <extensions>
          <ns3:TrackPointExtension>
            <ns3:atemp>9.0</ns3:atemp>
          </ns3:TrackPointExtension>
        </extensions>
      </trkpt>
      <trkpt lat="31.959306635" lon="34.953979505">
        <ele>126.80</ele>
        <time>2016-12-16T05:59:48.000Z</time>
        <extensions>
          <ns3:TrackPointExtension>
            <ns3:atemp>9.0</ns3:atemp>
          </ns3:TrackPointExtension>
        </extensions>
      </trkpt>
      <trkpt lat="31.959104883" lon="34.953953438">
        <ele>126.60</ele>
        <time>2016-12-16T05:59:53.000Z</time>
        <extensions>
          <ns3:TrackPointExtension>
            <ns3:atemp>9.0</ns3:atemp>
          </ns3:TrackPointExtension>
        </extensions>
      </trkpt>
      <trkpt lat="31.959069595" lon="34.953934997">
        <ele>126.60</ele>
        <time>2016-12-16T05:59:54.000Z</time>
        <extensions>
          <ns3:TrackPointExtension>
            <ns3:atemp>9.0</ns3:atemp>
          </ns3:TrackPointExtension>
        </extensions>
      </trkpt>
      <trkpt lat="31.958922660" lon="34.953825530">
        <ele>126.60</ele>
        <time>2016-12-16T05:59:59.000Z</time>
        <extensions>
          <ns3:TrackPointExtension>
            <ns3:atemp>9.0</ns3:atemp>
          </ns3:TrackPointExtension>
        </extensions>
      </trkpt>
      <trkpt lat="31.958760554" lon="34.953741794">
        <ele>126.80</ele>
        <time>2016-12-16T06:00:05.000Z</time>
        <extensions>
          <ns3:TrackPointExtension>
            <ns3:atemp>9.0</ns3:atemp>
          </ns3:TrackPointExtension>
        </extensions>
      </trkpt>
      <trkpt lat="31.958602471" lon="34.953683037">
        <ele>127.20</ele>
        <time>2016-12-16T06:00:11.000Z</time>
        <extensions>
          <ns3:TrackPointExtension>
            <ns3:atemp>9.0</ns3:atemp>
          </ns3:TrackPointExtension>
        </extensions>
      </trkpt>
      <trkpt lat="31.958404323" lon="34.953597290">
        <ele>128.40</ele>
        <time>2016-12-16T06:00:17.000Z</time>
        <extensions>
          <ns3:TrackPointExtension>
            <ns3:atemp>9.0</ns3:atemp>
          </ns3:TrackPointExtension>
        </extensions>
      </trkpt>
      <trkpt lat="31.958369873" lon="34.953577928">
        <ele>128.60</ele>
        <time>2016-12-16T06:00:18.000Z</time>
        <extensions>
          <ns3:TrackPointExtension>
            <ns3:atemp>9.0</ns3:atemp>
          </ns3:TrackPointExtension>
        </extensions>
      </trkpt>
      <trkpt lat="31.958267028" lon="34.953479944">
        <ele>129.40</ele>
        <time>2016-12-16T06:00:22.000Z</time>
        <extensions>
          <ns3:TrackPointExtension>
            <ns3:atemp>9.0</ns3:atemp>
          </ns3:TrackPointExtension>
        </extensions>
      </trkpt>
      <trkpt lat="31.958246743" lon="34.953446081">
        <ele>129.60</ele>
        <time>2016-12-16T06:00:23.000Z</time>
        <extensions>
          <ns3:TrackPointExtension>
            <ns3:atemp>9.0</ns3:atemp>
          </ns3:TrackPointExtension>
        </extensions>
      </trkpt>
      <trkpt lat="31.958192596" lon="34.953338876">
        <ele>130.80</ele>
        <time>2016-12-16T06:00:26.000Z</time>
        <extensions>
          <ns3:TrackPointExtension>
            <ns3:atemp>9.0</ns3:atemp>
          </ns3:TrackPointExtension>
        </extensions>
      </trkpt>
      <trkpt lat="31.958176419" lon="34.953294955">
        <ele>131.20</ele>
        <time>2016-12-16T06:00:27.000Z</time>
        <extensions>
          <ns3:TrackPointExtension>
            <ns3:atemp>9.0</ns3:atemp>
          </ns3:TrackPointExtension>
        </extensions>
      </trkpt>
      <trkpt lat="31.958148843" lon="34.953200575">
        <ele>132.00</ele>
        <time>2016-12-16T06:00:29.000Z</time>
        <extensions>
          <ns3:TrackPointExtension>
            <ns3:atemp>9.0</ns3:atemp>
          </ns3:TrackPointExtension>
        </extensions>
      </trkpt>
      <trkpt lat="31.958139539" lon="34.953152463">
        <ele>132.20</ele>
        <time>2016-12-16T06:00:30.000Z</time>
        <extensions>
          <ns3:TrackPointExtension>
            <ns3:atemp>9.0</ns3:atemp>
          </ns3:TrackPointExtension>
        </extensions>
      </trkpt>
      <trkpt lat="31.958123362" lon="34.953011144">
        <ele>133.00</ele>
        <time>2016-12-16T06:00:33.000Z</time>
        <extensions>
          <ns3:TrackPointExtension>
            <ns3:atemp>9.0</ns3:atemp>
          </ns3:TrackPointExtension>
        </extensions>
      </trkpt>
      <trkpt lat="31.958110118" lon="34.952920787">
        <ele>134.00</ele>
        <time>2016-12-16T06:00:35.000Z</time>
        <extensions>
          <ns3:TrackPointExtension>
            <ns3:atemp>9.0</ns3:atemp>
          </ns3:TrackPointExtension>
        </extensions>
      </trkpt>
      <trkpt lat="31.958056893" lon="34.952757172">
        <ele>135.20</ele>
        <time>2016-12-16T06:00:39.000Z</time>
        <extensions>
          <ns3:TrackPointExtension>
            <ns3:atemp>9.0</ns3:atemp>
          </ns3:TrackPointExtension>
        </extensions>
      </trkpt>
      <trkpt lat="31.957935020" lon="34.952663127">
        <ele>136.20</ele>
        <time>2016-12-16T06:00:43.000Z</time>
        <extensions>
          <ns3:TrackPointExtension>
            <ns3:atemp>9.0</ns3:atemp>
          </ns3:TrackPointExtension>
        </extensions>
      </trkpt>
      <trkpt lat="31.957736369" lon="34.952658350">
        <ele>136.80</ele>
        <time>2016-12-16T06:00:48.000Z</time>
        <extensions>
          <ns3:TrackPointExtension>
            <ns3:atemp>9.0</ns3:atemp>
          </ns3:TrackPointExtension>
        </extensions>
      </trkpt>
      <trkpt lat="31.957657998" lon="34.952675616">
        <ele>136.80</ele>
        <time>2016-12-16T06:00:50.000Z</time>
        <extensions>
          <ns3:TrackPointExtension>
            <ns3:atemp>9.0</ns3:atemp>
          </ns3:TrackPointExtension>
        </extensions>
      </trkpt>
      <trkpt lat="31.957455156" lon="34.952701265">
        <ele>137.20</ele>
        <time>2016-12-16T06:00:56.000Z</time>
        <extensions>
          <ns3:TrackPointExtension>
            <ns3:atemp>9.0</ns3:atemp>
          </ns3:TrackPointExtension>
        </extensions>
      </trkpt>
      <trkpt lat="31.957394639" lon="34.952706881">
        <ele>137.40</ele>
        <time>2016-12-16T06:00:58.000Z</time>
        <extensions>
          <ns3:TrackPointExtension>
            <ns3:atemp>9.0</ns3:atemp>
          </ns3:TrackPointExtension>
        </extensions>
      </trkpt>
      <trkpt lat="31.957283244" lon="34.952697661">
        <ele>137.40</ele>
        <time>2016-12-16T06:01:02.000Z</time>
        <extensions>
          <ns3:TrackPointExtension>
            <ns3:atemp>9.0</ns3:atemp>
          </ns3:TrackPointExtension>
        </extensions>
      </trkpt>
      <trkpt lat="31.957214596" lon="34.952684334">
        <ele>137.60</ele>
        <time>2016-12-16T06:01:05.000Z</time>
        <extensions>
          <ns3:TrackPointExtension>
            <ns3:atemp>9.0</ns3:atemp>
          </ns3:TrackPointExtension>
        </extensions>
      </trkpt>
      <trkpt lat="31.957203532" lon="34.952699086">
        <ele>137.60</ele>
        <time>2016-12-16T06:01:06.000Z</time>
        <extensions>
          <ns3:TrackPointExtension>
            <ns3:atemp>9.0</ns3:atemp>
          </ns3:TrackPointExtension>
        </extensions>
      </trkpt>
      <trkpt lat="31.957231779" lon="34.952722974">
        <ele>137.60</ele>
        <time>2016-12-16T06:01:09.000Z</time>
        <extensions>
          <ns3:TrackPointExtension>
            <ns3:atemp>9.0</ns3:atemp>
          </ns3:TrackPointExtension>
        </extensions>
      </trkpt>
      <trkpt lat="31.957293469" lon="34.952710317">
        <ele>137.80</ele>
        <time>2016-12-16T06:01:13.000Z</time>
        <extensions>
          <ns3:TrackPointExtension>
            <ns3:atemp>9.0</ns3:atemp>
          </ns3:TrackPointExtension>
        </extensions>
      </trkpt>
      <trkpt lat="31.957282238" lon="34.952730602">
        <ele>137.80</ele>
        <time>2016-12-16T06:01:16.000Z</time>
        <extensions>
          <ns3:TrackPointExtension>
            <ns3:atemp>9.0</ns3:atemp>
          </ns3:TrackPointExtension>
        </extensions>
      </trkpt>
      <trkpt lat="31.957168998" lon="34.952676790">
        <ele>137.80</ele>
        <time>2016-12-16T06:01:21.000Z</time>
        <extensions>
          <ns3:TrackPointExtension>
            <ns3:atemp>9.0</ns3:atemp>
          </ns3:TrackPointExtension>
        </extensions>
      </trkpt>
      <trkpt lat="31.957141925" lon="34.952670671">
        <ele>137.80</ele>
        <time>2016-12-16T06:01:22.000Z</time>
        <extensions>
          <ns3:TrackPointExtension>
            <ns3:atemp>9.0</ns3:atemp>
          </ns3:TrackPointExtension>
        </extensions>
      </trkpt>
      <trkpt lat="31.957000522" lon="34.952582242">
        <ele>137.80</ele>
        <time>2016-12-16T06:01:27.000Z</time>
        <extensions>
          <ns3:TrackPointExtension>
            <ns3:atemp>9.0</ns3:atemp>
          </ns3:TrackPointExtension>
        </extensions>
      </trkpt>
      <trkpt lat="31.956966324" lon="34.952556090">
        <ele>137.80</ele>
        <time>2016-12-16T06:01:28.000Z</time>
        <extensions>
          <ns3:TrackPointExtension>
            <ns3:atemp>9.0</ns3:atemp>
          </ns3:TrackPointExtension>
        </extensions>
      </trkpt>
      <trkpt lat="31.956818299" lon="34.952404713">
        <ele>137.80</ele>
        <time>2016-12-16T06:01:32.000Z</time>
        <extensions>
          <ns3:TrackPointExtension>
            <ns3:atemp>9.0</ns3:atemp>
          </ns3:TrackPointExtension>
        </extensions>
      </trkpt>
      <trkpt lat="31.956475899" lon="34.952067090">
        <ele>137.20</ele>
        <time>2016-12-16T06:01:39.000Z</time>
        <extensions>
          <ns3:TrackPointExtension>
            <ns3:atemp>9.0</ns3:atemp>
          </ns3:TrackPointExtension>
        </extensions>
      </trkpt>
      <trkpt lat="31.956217820" lon="34.951818567">
        <ele>136.20</ele>
        <time>2016-12-16T06:01:44.000Z</time>
        <extensions>
          <ns3:TrackPointExtension>
            <ns3:atemp>9.0</ns3:atemp>
          </ns3:TrackPointExtension>
        </extensions>
      </trkpt>
      <trkpt lat="31.956108185" lon="34.951750590">
        <ele>136.00</ele>
        <time>2016-12-16T06:01:46.000Z</time>
        <extensions>
          <ns3:TrackPointExtension>
            <ns3:atemp>9.0</ns3:atemp>
          </ns3:TrackPointExtension>
        </extensions>
      </trkpt>
      <trkpt lat="31.956002237" lon="34.951697029">
        <ele>135.60</ele>
        <time>2016-12-16T06:01:48.000Z</time>
        <extensions>
          <ns3:TrackPointExtension>
            <ns3:atemp>9.0</ns3:atemp>
          </ns3:TrackPointExtension>
        </extensions>
      </trkpt>
      <trkpt lat="31.955856979" lon="34.951637350">
        <ele>135.20</ele>
        <time>2016-12-16T06:01:51.000Z</time>
        <extensions>
          <ns3:TrackPointExtension>
            <ns3:atemp>9.0</ns3:atemp>
          </ns3:TrackPointExtension>
        </extensions>
      </trkpt>
      <trkpt lat="31.955815656" lon="34.951620670">
        <ele>135.20</ele>
        <time>2016-12-16T06:01:52.000Z</time>
        <extensions>
          <ns3:TrackPointExtension>
            <ns3:atemp>9.0</ns3:atemp>
          </ns3:TrackPointExtension>
        </extensions>
      </trkpt>
      <trkpt lat="31.955536706" lon="34.951550011">
        <ele>135.00</ele>
        <time>2016-12-16T06:01:59.000Z</time>
        <extensions>
          <ns3:TrackPointExtension>
            <ns3:atemp>9.0</ns3:atemp>
          </ns3:TrackPointExtension>
        </extensions>
      </trkpt>
      <trkpt lat="31.955369487" lon="34.951403998">
        <ele>134.80</ele>
        <time>2016-12-16T06:02:05.000Z</time>
        <extensions>
          <ns3:TrackPointExtension>
            <ns3:atemp>9.0</ns3:atemp>
          </ns3:TrackPointExtension>
        </extensions>
      </trkpt>
      <trkpt lat="31.955210147" lon="34.951237952">
        <ele>134.80</ele>
        <time>2016-12-16T06:02:11.000Z</time>
        <extensions>
          <ns3:TrackPointExtension>
            <ns3:atemp>9.0</ns3:atemp>
          </ns3:TrackPointExtension>
        </extensions>
      </trkpt>
      <trkpt lat="31.955109145" lon="34.951165868">
        <ele>134.80</ele>
        <time>2016-12-16T06:02:14.000Z</time>
        <extensions>
          <ns3:TrackPointExtension>
            <ns3:atemp>9.0</ns3:atemp>
          </ns3:TrackPointExtension>
        </extensions>
      </trkpt>
      <trkpt lat="31.954986686" lon="34.951110547">
        <ele>134.60</ele>
        <time>2016-12-16T06:02:17.000Z</time>
        <extensions>
          <ns3:TrackPointExtension>
            <ns3:atemp>9.0</ns3:atemp>
          </ns3:TrackPointExtension>
        </extensions>
      </trkpt>
      <trkpt lat="31.954657109" lon="34.951029494">
        <ele>134.40</ele>
        <time>2016-12-16T06:02:24.000Z</time>
        <extensions>
          <ns3:TrackPointExtension>
            <ns3:atemp>9.0</ns3:atemp>
          </ns3:TrackPointExtension>
        </extensions>
      </trkpt>
      <trkpt lat="31.954321917" lon="34.950982807">
        <ele>134.60</ele>
        <time>2016-12-16T06:02:32.000Z</time>
        <extensions>
          <ns3:TrackPointExtension>
            <ns3:atemp>9.0</ns3:atemp>
          </ns3:TrackPointExtension>
        </extensions>
      </trkpt>
      <trkpt lat="31.954165176" lon="34.951040307">
        <ele>135.00</ele>
        <time>2016-12-16T06:02:37.000Z</time>
        <extensions>
          <ns3:TrackPointExtension>
            <ns3:atemp>9.0</ns3:atemp>
          </ns3:TrackPointExtension>
        </extensions>
      </trkpt>
      <trkpt lat="31.953999046" lon="34.951172909">
        <ele>136.20</ele>
        <time>2016-12-16T06:02:43.000Z</time>
        <extensions>
          <ns3:TrackPointExtension>
            <ns3:atemp>9.0</ns3:atemp>
          </ns3:TrackPointExtension>
        </extensions>
      </trkpt>
      <trkpt lat="31.953977002" lon="34.951209119">
        <ele>136.40</ele>
        <time>2016-12-16T06:02:44.000Z</time>
        <extensions>
          <ns3:TrackPointExtension>
            <ns3:atemp>9.0</ns3:atemp>
          </ns3:TrackPointExtension>
        </extensions>
      </trkpt>
      <trkpt lat="31.953894608" lon="34.951410871">
        <ele>137.60</ele>
        <time>2016-12-16T06:02:49.000Z</time>
        <extensions>
          <ns3:TrackPointExtension>
            <ns3:atemp>8.0</ns3:atemp>
          </ns3:TrackPointExtension>
        </extensions>
      </trkpt>
      <trkpt lat="31.953848843" lon="34.951593596">
        <ele>138.80</ele>
        <time>2016-12-16T06:02:53.000Z</time>
        <extensions>
          <ns3:TrackPointExtension>
            <ns3:atemp>8.0</ns3:atemp>
          </ns3:TrackPointExtension>
        </extensions>
      </trkpt>
      <trkpt lat="31.953826547" lon="34.951736676">
        <ele>139.40</ele>
        <time>2016-12-16T06:02:56.000Z</time>
        <extensions>
          <ns3:TrackPointExtension>
            <ns3:atemp>8.0</ns3:atemp>
          </ns3:TrackPointExtension>
        </extensions>
      </trkpt>
      <trkpt lat="31.953803245" lon="34.951872798">
        <ele>139.80</ele>
        <time>2016-12-16T06:02:59.000Z</time>
        <extensions>
          <ns3:TrackPointExtension>
            <ns3:atemp>8.0</ns3:atemp>
          </ns3:TrackPointExtension>
        </extensions>
      </trkpt>
      <trkpt lat="31.953764940" lon="34.952095924">
        <ele>141.00</ele>
        <time>2016-12-16T06:03:04.000Z</time>
        <extensions>
          <ns3:TrackPointExtension>
            <ns3:atemp>8.0</ns3:atemp>
          </ns3:TrackPointExtension>
        </extensions>
      </trkpt>
      <trkpt lat="31.953739375" lon="34.952267418">
        <ele>142.00</ele>
        <time>2016-12-16T06:03:08.000Z</time>
        <extensions>
          <ns3:TrackPointExtension>
            <ns3:atemp>8.0</ns3:atemp>
          </ns3:TrackPointExtension>
        </extensions>
      </trkpt>
      <trkpt lat="31.953715570" lon="34.952430613">
        <ele>142.80</ele>
        <time>2016-12-16T06:03:12.000Z</time>
        <extensions>
          <ns3:TrackPointExtension>
            <ns3:atemp>8.0</ns3:atemp>
          </ns3:TrackPointExtension>
        </extensions>
      </trkpt>
      <trkpt lat="31.953701237" lon="34.952514432">
        <ele>143.20</ele>
        <time>2016-12-16T06:03:14.000Z</time>
        <extensions>
          <ns3:TrackPointExtension>
            <ns3:atemp>8.0</ns3:atemp>
          </ns3:TrackPointExtension>
        </extensions>
      </trkpt>
      <trkpt lat="31.953673242" lon="34.952721549">
        <ele>144.60</ele>
        <time>2016-12-16T06:03:19.000Z</time>
        <extensions>
          <ns3:TrackPointExtension>
            <ns3:atemp>8.0</ns3:atemp>
          </ns3:TrackPointExtension>
        </extensions>
      </trkpt>
      <trkpt lat="31.953665195" lon="34.952798076">
        <ele>145.00</ele>
        <time>2016-12-16T06:03:21.000Z</time>
        <extensions>
          <ns3:TrackPointExtension>
            <ns3:atemp>8.0</ns3:atemp>
          </ns3:TrackPointExtension>
        </extensions>
      </trkpt>
      <trkpt lat="31.953653544" lon="34.952919111">
        <ele>145.60</ele>
        <time>2016-12-16T06:03:24.000Z</time>
        <extensions>
          <ns3:TrackPointExtension>
            <ns3:atemp>8.0</ns3:atemp>
          </ns3:TrackPointExtension>
        </extensions>
      </trkpt>
      <trkpt lat="31.953636948" lon="34.953037631">
        <ele>146.80</ele>
        <time>2016-12-16T06:03:27.000Z</time>
        <extensions>
          <ns3:TrackPointExtension>
            <ns3:atemp>8.0</ns3:atemp>
          </ns3:TrackPointExtension>
        </extensions>
      </trkpt>
      <trkpt lat="31.953610629" lon="34.953181380">
        <ele>148.00</ele>
        <time>2016-12-16T06:03:31.000Z</time>
        <extensions>
          <ns3:TrackPointExtension>
            <ns3:atemp>8.0</ns3:atemp>
          </ns3:TrackPointExtension>
        </extensions>
      </trkpt>
      <trkpt lat="31.953582969" lon="34.953333847">
        <ele>149.00</ele>
        <time>2016-12-16T06:03:35.000Z</time>
        <extensions>
          <ns3:TrackPointExtension>
            <ns3:atemp>8.0</ns3:atemp>
          </ns3:TrackPointExtension>
        </extensions>
      </trkpt>
      <trkpt lat="31.953578023" lon="34.953439878">
        <ele>150.00</ele>
        <time>2016-12-16T06:03:38.000Z</time>
        <extensions>
          <ns3:TrackPointExtension>
            <ns3:atemp>8.0</ns3:atemp>
          </ns3:TrackPointExtension>
        </extensions>
      </trkpt>
      <trkpt lat="31.953571150" lon="34.953538366">
        <ele>150.20</ele>
        <time>2016-12-16T06:03:41.000Z</time>
        <extensions>
          <ns3:TrackPointExtension>
            <ns3:atemp>8.0</ns3:atemp>
          </ns3:TrackPointExtension>
        </extensions>
      </trkpt>
      <trkpt lat="31.953580705" lon="34.953718660">
        <ele>150.80</ele>
        <time>2016-12-16T06:03:46.000Z</time>
        <extensions>
          <ns3:TrackPointExtension>
            <ns3:atemp>8.0</ns3:atemp>
          </ns3:TrackPointExtension>
        </extensions>
      </trkpt>
      <trkpt lat="31.953582717" lon="34.953786554">
        <ele>151.20</ele>
        <time>2016-12-16T06:03:48.000Z</time>
        <extensions>
          <ns3:TrackPointExtension>
            <ns3:atemp>8.0</ns3:atemp>
          </ns3:TrackPointExtension>
        </extensions>
      </trkpt>
      <trkpt lat="31.953563690" lon="34.953904068">
        <ele>151.80</ele>
        <time>2016-12-16T06:03:52.000Z</time>
        <extensions>
          <ns3:TrackPointExtension>
            <ns3:atemp>8.0</ns3:atemp>
          </ns3:TrackPointExtension>
        </extensions>
      </trkpt>
      <trkpt lat="31.953550363" lon="34.953993419">
        <ele>152.40</ele>
        <time>2016-12-16T06:03:55.000Z</time>
        <extensions>
          <ns3:TrackPointExtension>
            <ns3:atemp>8.0</ns3:atemp>
          </ns3:TrackPointExtension>
        </extensions>
      </trkpt>
      <trkpt lat="31.953522200" lon="34.954150664">
        <ele>153.20</ele>
        <time>2016-12-16T06:04:00.000Z</time>
        <extensions>
          <ns3:TrackPointExtension>
            <ns3:atemp>8.0</ns3:atemp>
          </ns3:TrackPointExtension>
        </extensions>
      </trkpt>
      <trkpt lat="31.953510884" lon="34.954215456">
        <ele>153.40</ele>
        <time>2016-12-16T06:04:02.000Z</time>
        <extensions>
          <ns3:TrackPointExtension>
            <ns3:atemp>8.0</ns3:atemp>
          </ns3:TrackPointExtension>
        </extensions>
      </trkpt>
      <trkpt lat="31.953452798" lon="34.954411173">
        <ele>154.40</ele>
        <time>2016-12-16T06:04:08.000Z</time>
        <extensions>
          <ns3:TrackPointExtension>
            <ns3:atemp>8.0</ns3:atemp>
          </ns3:TrackPointExtension>
        </extensions>
      </trkpt>
      <trkpt lat="31.953442236" lon="34.954442522">
        <ele>154.60</ele>
        <time>2016-12-16T06:04:09.000Z</time>
        <extensions>
          <ns3:TrackPointExtension>
            <ns3:atemp>8.0</ns3:atemp>
          </ns3:TrackPointExtension>
        </extensions>
      </trkpt>
      <trkpt lat="31.953388173" lon="34.954617033">
        <ele>155.60</ele>
        <time>2016-12-16T06:04:15.000Z</time>
        <extensions>
          <ns3:TrackPointExtension>
            <ns3:atemp>8.0</ns3:atemp>
          </ns3:TrackPointExtension>
        </extensions>
      </trkpt>
      <trkpt lat="31.953342995" lon="34.954784671">
        <ele>156.40</ele>
        <time>2016-12-16T06:04:21.000Z</time>
        <extensions>
          <ns3:TrackPointExtension>
            <ns3:atemp>8.0</ns3:atemp>
          </ns3:TrackPointExtension>
        </extensions>
      </trkpt>
      <trkpt lat="31.953302929" lon="34.954920877">
        <ele>156.80</ele>
        <time>2016-12-16T06:04:26.000Z</time>
        <extensions>
          <ns3:TrackPointExtension>
            <ns3:atemp>8.0</ns3:atemp>
          </ns3:TrackPointExtension>
        </extensions>
      </trkpt>
      <trkpt lat="31.953268480" lon="34.954991033">
        <ele>157.20</ele>
        <time>2016-12-16T06:04:29.000Z</time>
        <extensions>
          <ns3:TrackPointExtension>
            <ns3:atemp>8.0</ns3:atemp>
          </ns3:TrackPointExtension>
        </extensions>
      </trkpt>
      <trkpt lat="31.953166723" lon="34.955042498">
        <ele>157.80</ele>
        <time>2016-12-16T06:04:34.000Z</time>
        <extensions>
          <ns3:TrackPointExtension>
            <ns3:atemp>8.0</ns3:atemp>
          </ns3:TrackPointExtension>
        </extensions>
      </trkpt>
      <trkpt lat="31.953142248" lon="34.955035038">
        <ele>158.00</ele>
        <time>2016-12-16T06:04:35.000Z</time>
        <extensions>
          <ns3:TrackPointExtension>
            <ns3:atemp>8.0</ns3:atemp>
          </ns3:TrackPointExtension>
        </extensions>
      </trkpt>
      <trkpt lat="31.953069745" lon="34.954951219">
        <ele>158.40</ele>
        <time>2016-12-16T06:04:38.000Z</time>
        <extensions>
          <ns3:TrackPointExtension>
            <ns3:atemp>8.0</ns3:atemp>
          </ns3:TrackPointExtension>
        </extensions>
      </trkpt>
      <trkpt lat="31.952866651" lon="34.954673192">
        <ele>158.40</ele>
        <time>2016-12-16T06:04:45.000Z</time>
        <extensions>
          <ns3:TrackPointExtension>
            <ns3:atemp>8.0</ns3:atemp>
          </ns3:TrackPointExtension>
        </extensions>
      </trkpt>
      <trkpt lat="31.952758525" lon="34.954581410">
        <ele>158.40</ele>
        <time>2016-12-16T06:04:48.000Z</time>
        <extensions>
          <ns3:TrackPointExtension>
            <ns3:atemp>8.0</ns3:atemp>
          </ns3:TrackPointExtension>
        </extensions>
      </trkpt>
      <trkpt lat="31.952642519" lon="34.954514941">
        <ele>158.40</ele>
        <time>2016-12-16T06:04:51.000Z</time>
        <extensions>
          <ns3:TrackPointExtension>
            <ns3:atemp>8.0</ns3:atemp>
          </ns3:TrackPointExtension>
        </extensions>
      </trkpt>
      <trkpt lat="31.952333478" lon="34.954356775">
        <ele>158.60</ele>
        <time>2016-12-16T06:04:59.000Z</time>
        <extensions>
          <ns3:TrackPointExtension>
            <ns3:atemp>8.0</ns3:atemp>
          </ns3:TrackPointExtension>
        </extensions>
      </trkpt>
      <trkpt lat="31.952207750" lon="34.954316122">
        <ele>158.60</ele>
        <time>2016-12-16T06:05:02.000Z</time>
        <extensions>
          <ns3:TrackPointExtension>
            <ns3:atemp>8.0</ns3:atemp>
          </ns3:TrackPointExtension>
        </extensions>
      </trkpt>
      <trkpt lat="31.952088224" lon="34.954250408">
        <ele>158.80</ele>
        <time>2016-12-16T06:05:05.000Z</time>
        <extensions>
          <ns3:TrackPointExtension>
            <ns3:atemp>8.0</ns3:atemp>
          </ns3:TrackPointExtension>
        </extensions>
      </trkpt>
      <trkpt lat="31.952045057" lon="34.954230627">
        <ele>158.80</ele>
        <time>2016-12-16T06:05:06.000Z</time>
        <extensions>
          <ns3:TrackPointExtension>
            <ns3:atemp>8.0</ns3:atemp>
          </ns3:TrackPointExtension>
        </extensions>
      </trkpt>
      <trkpt lat="31.951950844" lon="34.954208583">
        <ele>159.00</ele>
        <time>2016-12-16T06:05:08.000Z</time>
        <extensions>
          <ns3:TrackPointExtension>
            <ns3:atemp>8.0</ns3:atemp>
          </ns3:TrackPointExtension>
        </extensions>
      </trkpt>
      <trkpt lat="31.951870965" lon="34.954156363">
        <ele>159.20</ele>
        <time>2016-12-16T06:05:10.000Z</time>
        <extensions>
          <ns3:TrackPointExtension>
            <ns3:atemp>8.0</ns3:atemp>
          </ns3:TrackPointExtension>
        </extensions>
      </trkpt>
      <trkpt lat="31.951827127" lon="34.954132475">
        <ele>159.40</ele>
        <time>2016-12-16T06:05:11.000Z</time>
        <extensions>
          <ns3:TrackPointExtension>
            <ns3:atemp>8.0</ns3:atemp>
          </ns3:TrackPointExtension>
        </extensions>
      </trkpt>
      <trkpt lat="31.951740626" lon="34.954094589">
        <ele>159.40</ele>
        <time>2016-12-16T06:05:13.000Z</time>
        <extensions>
          <ns3:TrackPointExtension>
            <ns3:atemp>8.0</ns3:atemp>
          </ns3:TrackPointExtension>
        </extensions>
      </trkpt>
      <trkpt lat="31.951602660" lon="34.954059888">
        <ele>159.60</ele>
        <time>2016-12-16T06:05:16.000Z</time>
        <extensions>
          <ns3:TrackPointExtension>
            <ns3:atemp>8.0</ns3:atemp>
          </ns3:TrackPointExtension>
        </extensions>
      </trkpt>
      <trkpt lat="31.951516997" lon="34.954051841">
        <ele>159.60</ele>
        <time>2016-12-16T06:05:18.000Z</time>
        <extensions>
          <ns3:TrackPointExtension>
            <ns3:atemp>8.0</ns3:atemp>
          </ns3:TrackPointExtension>
        </extensions>
      </trkpt>
      <trkpt lat="31.951371487" lon="34.954048069">
        <ele>159.80</ele>
        <time>2016-12-16T06:05:22.000Z</time>
        <extensions>
          <ns3:TrackPointExtension>
            <ns3:atemp>8.0</ns3:atemp>
          </ns3:TrackPointExtension>
        </extensions>
      </trkpt>
      <trkpt lat="31.951344414" lon="34.954042705">
        <ele>159.80</ele>
        <time>2016-12-16T06:05:23.000Z</time>
        <extensions>
          <ns3:TrackPointExtension>
            <ns3:atemp>8.0</ns3:atemp>
          </ns3:TrackPointExtension>
        </extensions>
      </trkpt>
      <trkpt lat="31.951305689" lon="34.954046393">
        <ele>160.00</ele>
        <time>2016-12-16T06:05:25.000Z</time>
        <extensions>
          <ns3:TrackPointExtension>
            <ns3:atemp>8.0</ns3:atemp>
          </ns3:TrackPointExtension>
        </extensions>
      </trkpt>
      <trkpt lat="31.951290099" lon="34.954057625">
        <ele>160.20</ele>
        <time>2016-12-16T06:05:26.000Z</time>
        <extensions>
          <ns3:TrackPointExtension>
            <ns3:atemp>8.0</ns3:atemp>
          </ns3:TrackPointExtension>
        </extensions>
      </trkpt>
      <trkpt lat="31.951225139" lon="34.954082100">
        <ele>161.00</ele>
        <time>2016-12-16T06:05:30.000Z</time>
        <extensions>
          <ns3:TrackPointExtension>
            <ns3:atemp>8.0</ns3:atemp>
          </ns3:TrackPointExtension>
        </extensions>
      </trkpt>
      <trkpt lat="31.951194210" lon="34.954090482">
        <ele>161.20</ele>
        <time>2016-12-16T06:05:32.000Z</time>
        <extensions>
          <ns3:TrackPointExtension>
            <ns3:atemp>8.0</ns3:atemp>
          </ns3:TrackPointExtension>
        </extensions>
      </trkpt>
      <trkpt lat="31.951164119" lon="34.954105066">
        <ele>161.60</ele>
        <time>2016-12-16T06:05:37.000Z</time>
        <extensions>
          <ns3:TrackPointExtension>
            <ns3:atemp>8.0</ns3:atemp>
          </ns3:TrackPointExtension>
        </extensions>
      </trkpt>
      <trkpt lat="31.951178703" lon="34.954109844">
        <ele>162.00</ele>
        <time>2016-12-16T06:05:43.000Z</time>
        <extensions>
          <ns3:TrackPointExtension>
            <ns3:atemp>8.0</ns3:atemp>
          </ns3:TrackPointExtension>
        </extensions>
      </trkpt>
      <trkpt lat="31.951298648" lon="34.954052763">
        <ele>162.20</ele>
        <time>2016-12-16T06:05:48.000Z</time>
        <extensions>
          <ns3:TrackPointExtension>
            <ns3:atemp>8.0</ns3:atemp>
          </ns3:TrackPointExtension>
        </extensions>
      </trkpt>
      <trkpt lat="31.951331506" lon="34.954026276">
        <ele>162.20</ele>
        <time>2016-12-16T06:05:49.000Z</time>
        <extensions>
          <ns3:TrackPointExtension>
            <ns3:atemp>8.0</ns3:atemp>
          </ns3:TrackPointExtension>
        </extensions>
      </trkpt>
      <trkpt lat="31.951376516" lon="34.953951929">
        <ele>162.00</ele>
        <time>2016-12-16T06:05:51.000Z</time>
        <extensions>
          <ns3:TrackPointExtension>
            <ns3:atemp>8.0</ns3:atemp>
          </ns3:TrackPointExtension>
        </extensions>
      </trkpt>
      <trkpt lat="31.951375175" lon="34.953906247">
        <ele>161.80</ele>
        <time>2016-12-16T06:05:54.000Z</time>
        <extensions>
          <ns3:TrackPointExtension>
            <ns3:atemp>8.0</ns3:atemp>
          </ns3:TrackPointExtension>
        </extensions>
      </trkpt>
      <trkpt lat="31.951350700" lon="34.953962993">
        <ele>161.20</ele>
        <time>2016-12-16T06:05:58.000Z</time>
        <extensions>
          <ns3:TrackPointExtension>
            <ns3:atemp>8.0</ns3:atemp>
          </ns3:TrackPointExtension>
        </extensions>
      </trkpt>
      <trkpt lat="31.951255566" lon="34.954059385">
        <ele>161.20</ele>
        <time>2016-12-16T06:06:03.000Z</time>
        <extensions>
          <ns3:TrackPointExtension>
            <ns3:atemp>8.0</ns3:atemp>
          </ns3:TrackPointExtension>
        </extensions>
      </trkpt>
      <trkpt lat="31.951229163" lon="34.954071958">
        <ele>161.20</ele>
        <time>2016-12-16T06:06:04.000Z</time>
        <extensions>
          <ns3:TrackPointExtension>
            <ns3:atemp>8.0</ns3:atemp>
          </ns3:TrackPointExtension>
        </extensions>
      </trkpt>
      <trkpt lat="31.951040654" lon="34.954182683">
        <ele>161.60</ele>
        <time>2016-12-16T06:06:11.000Z</time>
        <extensions>
          <ns3:TrackPointExtension>
            <ns3:atemp>8.0</ns3:atemp>
          </ns3:TrackPointExtension>
        </extensions>
      </trkpt>
      <trkpt lat="31.950860610" lon="34.954371694">
        <ele>163.00</ele>
        <time>2016-12-16T06:06:18.000Z</time>
        <extensions>
          <ns3:TrackPointExtension>
            <ns3:atemp>8.0</ns3:atemp>
          </ns3:TrackPointExtension>
        </extensions>
      </trkpt>
      <trkpt lat="31.950774612" lon="34.954528436">
        <ele>164.20</ele>
        <time>2016-12-16T06:06:22.000Z</time>
        <extensions>
          <ns3:TrackPointExtension>
            <ns3:atemp>8.0</ns3:atemp>
          </ns3:TrackPointExtension>
        </extensions>
      </trkpt>
      <trkpt lat="31.950721554" lon="34.954665145">
        <ele>165.40</ele>
        <time>2016-12-16T06:06:25.000Z</time>
        <extensions>
          <ns3:TrackPointExtension>
            <ns3:atemp>8.0</ns3:atemp>
          </ns3:TrackPointExtension>
        </extensions>
      </trkpt>
      <trkpt lat="31.950698253" lon="34.954764303">
        <ele>166.00</ele>
        <time>2016-12-16T06:06:27.000Z</time>
        <extensions>
          <ns3:TrackPointExtension>
            <ns3:atemp>8.0</ns3:atemp>
          </ns3:TrackPointExtension>
        </extensions>
      </trkpt>
      <trkpt lat="31.950694900" lon="34.954866813">
        <ele>166.60</ele>
        <time>2016-12-16T06:06:29.000Z</time>
        <extensions>
          <ns3:TrackPointExtension>
            <ns3:atemp>8.0</ns3:atemp>
          </ns3:TrackPointExtension>
        </extensions>
      </trkpt>
      <trkpt lat="31.950694984" lon="34.954917105">
        <ele>167.00</ele>
        <time>2016-12-16T06:06:30.000Z</time>
        <extensions>
          <ns3:TrackPointExtension>
            <ns3:atemp>8.0</ns3:atemp>
          </ns3:TrackPointExtension>
        </extensions>
      </trkpt>
      <trkpt lat="31.950694397" lon="34.954964379">
        <ele>167.40</ele>
        <time>2016-12-16T06:06:31.000Z</time>
        <extensions>
          <ns3:TrackPointExtension>
            <ns3:atemp>8.0</ns3:atemp>
          </ns3:TrackPointExtension>
        </extensions>
      </trkpt>
      <trkpt lat="31.950692385" lon="34.955053562">
        <ele>167.80</ele>
        <time>2016-12-16T06:06:33.000Z</time>
        <extensions>
          <ns3:TrackPointExtension>
            <ns3:atemp>8.0</ns3:atemp>
          </ns3:TrackPointExtension>
        </extensions>
      </trkpt>
      <trkpt lat="31.950694313" lon="34.955213070">
        <ele>169.00</ele>
        <time>2016-12-16T06:06:37.000Z</time>
        <extensions>
          <ns3:TrackPointExtension>
            <ns3:atemp>8.0</ns3:atemp>
          </ns3:TrackPointExtension>
        </extensions>
      </trkpt>
      <trkpt lat="31.950679813" lon="34.955379870">
        <ele>170.00</ele>
        <time>2016-12-16T06:06:42.000Z</time>
        <extensions>
          <ns3:TrackPointExtension>
            <ns3:atemp>8.0</ns3:atemp>
          </ns3:TrackPointExtension>
        </extensions>
      </trkpt>
      <trkpt lat="31.950651566" lon="34.955423288">
        <ele>170.40</ele>
        <time>2016-12-16T06:06:44.000Z</time>
        <extensions>
          <ns3:TrackPointExtension>
            <ns3:atemp>8.0</ns3:atemp>
          </ns3:TrackPointExtension>
        </extensions>
      </trkpt>
      <trkpt lat="31.950535476" lon="34.955474166">
        <ele>171.00</ele>
        <time>2016-12-16T06:06:49.000Z</time>
        <extensions>
          <ns3:TrackPointExtension>
            <ns3:atemp>8.0</ns3:atemp>
          </ns3:TrackPointExtension>
        </extensions>
      </trkpt>
      <trkpt lat="31.950505637" lon="34.955475926">
        <ele>171.00</ele>
        <time>2016-12-16T06:06:50.000Z</time>
        <extensions>
          <ns3:TrackPointExtension>
            <ns3:atemp>8.0</ns3:atemp>
          </ns3:TrackPointExtension>
        </extensions>
      </trkpt>
      <trkpt lat="31.950315954" lon="34.955494199">
        <ele>171.40</ele>
        <time>2016-12-16T06:06:56.000Z</time>
        <extensions>
          <ns3:TrackPointExtension>
            <ns3:atemp>8.0</ns3:atemp>
          </ns3:TrackPointExtension>
        </extensions>
      </trkpt>
      <trkpt lat="31.950085536" lon="34.955504173">
        <ele>171.40</ele>
        <time>2016-12-16T06:07:03.000Z</time>
        <extensions>
          <ns3:TrackPointExtension>
            <ns3:atemp>8.0</ns3:atemp>
          </ns3:TrackPointExtension>
        </extensions>
      </trkpt>
      <trkpt lat="31.949829385" lon="34.955572151">
        <ele>171.40</ele>
        <time>2016-12-16T06:07:11.000Z</time>
        <extensions>
          <ns3:TrackPointExtension>
            <ns3:atemp>8.0</ns3:atemp>
          </ns3:TrackPointExtension>
        </extensions>
      </trkpt>
      <trkpt lat="31.949630063" lon="34.955672398">
        <ele>171.20</ele>
        <time>2016-12-16T06:07:17.000Z</time>
        <extensions>
          <ns3:TrackPointExtension>
            <ns3:atemp>8.0</ns3:atemp>
          </ns3:TrackPointExtension>
        </extensions>
      </trkpt>
      <trkpt lat="31.949418923" lon="34.955821009">
        <ele>171.20</ele>
        <time>2016-12-16T06:07:24.000Z</time>
        <extensions>
          <ns3:TrackPointExtension>
            <ns3:atemp>8.0</ns3:atemp>
          </ns3:TrackPointExtension>
        </extensions>
      </trkpt>
      <trkpt lat="31.949224463" lon="34.955991413">
        <ele>172.20</ele>
        <time>2016-12-16T06:07:32.000Z</time>
        <extensions>
          <ns3:TrackPointExtension>
            <ns3:atemp>8.0</ns3:atemp>
          </ns3:TrackPointExtension>
        </extensions>
      </trkpt>
      <trkpt lat="31.949106446" lon="34.956128541">
        <ele>173.20</ele>
        <time>2016-12-16T06:07:38.000Z</time>
        <extensions>
          <ns3:TrackPointExtension>
            <ns3:atemp>8.0</ns3:atemp>
          </ns3:TrackPointExtension>
        </extensions>
      </trkpt>
      <trkpt lat="31.949070487" lon="34.956174642">
        <ele>173.60</ele>
        <time>2016-12-16T06:07:40.000Z</time>
        <extensions>
          <ns3:TrackPointExtension>
            <ns3:atemp>8.0</ns3:atemp>
          </ns3:TrackPointExtension>
        </extensions>
      </trkpt>
      <trkpt lat="31.949011395" lon="34.956269022">
        <ele>174.20</ele>
        <time>2016-12-16T06:07:44.000Z</time>
        <extensions>
          <ns3:TrackPointExtension>
            <ns3:atemp>8.0</ns3:atemp>
          </ns3:TrackPointExtension>
        </extensions>
      </trkpt>
      <trkpt lat="31.948968228" lon="34.956331048">
        <ele>175.00</ele>
        <time>2016-12-16T06:07:47.000Z</time>
        <extensions>
          <ns3:TrackPointExtension>
            <ns3:atemp>8.0</ns3:atemp>
          </ns3:TrackPointExtension>
        </extensions>
      </trkpt>
      <trkpt lat="31.948950626" lon="34.956384776">
        <ele>175.40</ele>
        <time>2016-12-16T06:07:49.000Z</time>
        <extensions>
          <ns3:TrackPointExtension>
            <ns3:atemp>8.0</ns3:atemp>
          </ns3:TrackPointExtension>
        </extensions>
      </trkpt>
      <trkpt lat="31.948948363" lon="34.956470607">
        <ele>176.20</ele>
        <time>2016-12-16T06:07:52.000Z</time>
        <extensions>
          <ns3:TrackPointExtension>
            <ns3:atemp>8.0</ns3:atemp>
          </ns3:TrackPointExtension>
        </extensions>
      </trkpt>
      <trkpt lat="31.948952721" lon="34.956498938">
        <ele>176.60</ele>
        <time>2016-12-16T06:07:53.000Z</time>
        <extensions>
          <ns3:TrackPointExtension>
            <ns3:atemp>8.0</ns3:atemp>
          </ns3:TrackPointExtension>
        </extensions>
      </trkpt>
      <trkpt lat="31.948976694" lon="34.956655176">
        <ele>177.40</ele>
        <time>2016-12-16T06:07:59.000Z</time>
        <extensions>
          <ns3:TrackPointExtension>
            <ns3:atemp>8.0</ns3:atemp>
          </ns3:TrackPointExtension>
        </extensions>
      </trkpt>
      <trkpt lat="31.948979041" lon="34.956694320">
        <ele>177.60</ele>
        <time>2016-12-16T06:08:01.000Z</time>
        <extensions>
          <ns3:TrackPointExtension>
            <ns3:atemp>8.0</ns3:atemp>
          </ns3:TrackPointExtension>
        </extensions>
      </trkpt>
      <trkpt lat="31.948980633" lon="34.956704546">
        <ele>177.80</ele>
        <time>2016-12-16T06:08:04.000Z</time>
        <extensions>
          <ns3:TrackPointExtension>
            <ns3:atemp>8.0</ns3:atemp>
          </ns3:TrackPointExtension>
        </extensions>
      </trkpt>
      <trkpt lat="31.948984824" lon="34.956707731">
        <ele>178.00</ele>
        <time>2016-12-16T06:08:13.000Z</time>
        <extensions>
          <ns3:TrackPointExtension>
            <ns3:atemp>8.0</ns3:atemp>
          </ns3:TrackPointExtension>
        </extensions>
      </trkpt>
      <trkpt lat="31.948984405" lon="34.956707731">
        <ele>177.60</ele>
        <time>2016-12-16T06:09:02.000Z</time>
        <extensions>
          <ns3:TrackPointExtension>
            <ns3:atemp>8.0</ns3:atemp>
          </ns3:TrackPointExtension>
        </extensions>
      </trkpt>
      <trkpt lat="31.948984656" lon="34.956707815">
        <ele>177.80</ele>
        <time>2016-12-16T06:09:39.000Z</time>
        <extensions>
          <ns3:TrackPointExtension>
            <ns3:atemp>8.0</ns3:atemp>
          </ns3:TrackPointExtension>
        </extensions>
      </trkpt>
      <trkpt lat="31.948975520" lon="34.956705635">
        <ele>177.80</ele>
        <time>2016-12-16T06:09:55.000Z</time>
        <extensions>
          <ns3:TrackPointExtension>
            <ns3:atemp>8.0</ns3:atemp>
          </ns3:TrackPointExtension>
        </extensions>
      </trkpt>
      <trkpt lat="31.948983399" lon="34.956712592">
        <ele>177.80</ele>
        <time>2016-12-16T06:10:00.000Z</time>
        <extensions>
          <ns3:TrackPointExtension>
            <ns3:atemp>8.0</ns3:atemp>
          </ns3:TrackPointExtension>
        </extensions>
      </trkpt>
      <trkpt lat="31.948984237" lon="34.956712844">
        <ele>177.60</ele>
        <time>2016-12-16T06:10:29.000Z</time>
        <extensions>
          <ns3:TrackPointExtension>
            <ns3:atemp>8.0</ns3:atemp>
          </ns3:TrackPointExtension>
        </extensions>
      </trkpt>
      <trkpt lat="31.948983902" lon="34.956712676">
        <ele>177.60</ele>
        <time>2016-12-16T06:11:04.000Z</time>
        <extensions>
          <ns3:TrackPointExtension>
            <ns3:atemp>8.0</ns3:atemp>
          </ns3:TrackPointExtension>
        </extensions>
      </trkpt>
      <trkpt lat="31.948983567" lon="34.956713179">
        <ele>177.40</ele>
        <time>2016-12-16T06:11:42.000Z</time>
        <extensions>
          <ns3:TrackPointExtension>
            <ns3:atemp>8.0</ns3:atemp>
          </ns3:TrackPointExtension>
        </extensions>
      </trkpt>
      <trkpt lat="31.948984070" lon="34.956712928">
        <ele>177.40</ele>
        <time>2016-12-16T06:12:33.000Z</time>
        <extensions>
          <ns3:TrackPointExtension>
            <ns3:atemp>8.0</ns3:atemp>
          </ns3:TrackPointExtension>
        </extensions>
      </trkpt>
      <trkpt lat="31.948983651" lon="34.956712592">
        <ele>177.20</ele>
        <time>2016-12-16T06:14:05.000Z</time>
        <extensions>
          <ns3:TrackPointExtension>
            <ns3:atemp>8.0</ns3:atemp>
          </ns3:TrackPointExtension>
        </extensions>
      </trkpt>
      <trkpt lat="31.948983818" lon="34.956712844">
        <ele>177.20</ele>
        <time>2016-12-16T06:15:09.000Z</time>
        <extensions>
          <ns3:TrackPointExtension>
            <ns3:atemp>8.0</ns3:atemp>
          </ns3:TrackPointExtension>
        </extensions>
      </trkpt>
      <trkpt lat="31.948984070" lon="34.956712509">
        <ele>177.00</ele>
        <time>2016-12-16T06:15:28.000Z</time>
        <extensions>
          <ns3:TrackPointExtension>
            <ns3:atemp>8.0</ns3:atemp>
          </ns3:TrackPointExtension>
        </extensions>
      </trkpt>
      <trkpt lat="31.948984070" lon="34.956712844">
        <ele>176.80</ele>
        <time>2016-12-16T06:16:26.000Z</time>
        <extensions>
          <ns3:TrackPointExtension>
            <ns3:atemp>8.0</ns3:atemp>
          </ns3:TrackPointExtension>
        </extensions>
      </trkpt>
      <trkpt lat="31.948993960" lon="34.956709910">
        <ele>176.80</ele>
        <time>2016-12-16T06:16:36.000Z</time>
        <extensions>
          <ns3:TrackPointExtension>
            <ns3:atemp>8.0</ns3:atemp>
          </ns3:TrackPointExtension>
        </extensions>
      </trkpt>
      <trkpt lat="31.948994463" lon="34.956681579">
        <ele>176.60</ele>
        <time>2016-12-16T06:16:48.000Z</time>
        <extensions>
          <ns3:TrackPointExtension>
            <ns3:atemp>8.0</ns3:atemp>
          </ns3:TrackPointExtension>
        </extensions>
      </trkpt>
      <trkpt lat="31.948983232" lon="34.956680406">
        <ele>176.60</ele>
        <time>2016-12-16T06:16:57.000Z</time>
        <extensions>
          <ns3:TrackPointExtension>
            <ns3:atemp>9.0</ns3:atemp>
          </ns3:TrackPointExtension>
        </extensions>
      </trkpt>
      <trkpt lat="31.948985578" lon="34.956671773">
        <ele>176.40</ele>
        <time>2016-12-16T06:17:07.000Z</time>
        <extensions>
          <ns3:TrackPointExtension>
            <ns3:atemp>9.0</ns3:atemp>
          </ns3:TrackPointExtension>
        </extensions>
      </trkpt>
      <trkpt lat="31.948985662" lon="34.956673030">
        <ele>176.20</ele>
        <time>2016-12-16T06:17:08.000Z</time>
        <extensions>
          <ns3:TrackPointExtension>
            <ns3:atemp>9.0</ns3:atemp>
          </ns3:TrackPointExtension>
        </extensions>
      </trkpt>
      <trkpt lat="31.948983567" lon="34.956674203">
        <ele>176.20</ele>
        <time>2016-12-16T06:17:22.000Z</time>
        <extensions>
          <ns3:TrackPointExtension>
            <ns3:atemp>9.0</ns3:atemp>
          </ns3:TrackPointExtension>
        </extensions>
      </trkpt>
      <trkpt lat="31.948986752" lon="34.956672108">
        <ele>176.20</ele>
        <time>2016-12-16T06:17:32.000Z</time>
        <extensions>
          <ns3:TrackPointExtension>
            <ns3:atemp>9.0</ns3:atemp>
          </ns3:TrackPointExtension>
        </extensions>
      </trkpt>
      <trkpt lat="31.948988009" lon="34.956672946">
        <ele>176.20</ele>
        <time>2016-12-16T06:17:44.000Z</time>
        <extensions>
          <ns3:TrackPointExtension>
            <ns3:atemp>9.0</ns3:atemp>
          </ns3:TrackPointExtension>
        </extensions>
      </trkpt>
      <trkpt lat="31.948990608" lon="34.956696583">
        <ele>176.20</ele>
        <time>2016-12-16T06:17:55.000Z</time>
        <extensions>
          <ns3:TrackPointExtension>
            <ns3:atemp>9.0</ns3:atemp>
          </ns3:TrackPointExtension>
        </extensions>
      </trkpt>
      <trkpt lat="31.949006030" lon="34.956724662">
        <ele>176.20</ele>
        <time>2016-12-16T06:18:03.000Z</time>
        <extensions>
          <ns3:TrackPointExtension>
            <ns3:atemp>9.0</ns3:atemp>
          </ns3:TrackPointExtension>
        </extensions>
      </trkpt>
      <trkpt lat="31.949019022" lon="34.956786353">
        <ele>176.20</ele>
        <time>2016-12-16T06:18:13.000Z</time>
        <extensions>
          <ns3:TrackPointExtension>
            <ns3:atemp>9.0</ns3:atemp>
          </ns3:TrackPointExtension>
        </extensions>
      </trkpt>
      <trkpt lat="31.949025644" lon="34.956770008">
        <ele>176.20</ele>
        <time>2016-12-16T06:18:23.000Z</time>
        <extensions>
          <ns3:TrackPointExtension>
            <ns3:atemp>9.0</ns3:atemp>
          </ns3:TrackPointExtension>
        </extensions>
      </trkpt>
      <trkpt lat="31.949020866" lon="34.956723657">
        <ele>176.40</ele>
        <time>2016-12-16T06:18:33.000Z</time>
        <extensions>
          <ns3:TrackPointExtension>
            <ns3:atemp>9.0</ns3:atemp>
          </ns3:TrackPointExtension>
        </extensions>
      </trkpt>
      <trkpt lat="31.949021788" lon="34.956721561">
        <ele>176.20</ele>
        <time>2016-12-16T06:18:44.000Z</time>
        <extensions>
          <ns3:TrackPointExtension>
            <ns3:atemp>9.0</ns3:atemp>
          </ns3:TrackPointExtension>
        </extensions>
      </trkpt>
      <trkpt lat="31.949022962" lon="34.956718795">
        <ele>176.40</ele>
        <time>2016-12-16T06:18:57.000Z</time>
        <extensions>
          <ns3:TrackPointExtension>
            <ns3:atemp>9.0</ns3:atemp>
          </ns3:TrackPointExtension>
        </extensions>
      </trkpt>
      <trkpt lat="31.949017262" lon="34.956726758">
        <ele>176.20</ele>
        <time>2016-12-16T06:19:06.000Z</time>
        <extensions>
          <ns3:TrackPointExtension>
            <ns3:atemp>9.0</ns3:atemp>
          </ns3:TrackPointExtension>
        </extensions>
      </trkpt>
      <trkpt lat="31.949019693" lon="34.956721226">
        <ele>176.00</ele>
        <time>2016-12-16T06:19:19.000Z</time>
        <extensions>
          <ns3:TrackPointExtension>
            <ns3:atemp>9.0</ns3:atemp>
          </ns3:TrackPointExtension>
        </extensions>
      </trkpt>
      <trkpt lat="31.949024303" lon="34.956704378">
        <ele>176.20</ele>
        <time>2016-12-16T06:19:29.000Z</time>
        <extensions>
          <ns3:TrackPointExtension>
            <ns3:atemp>9.0</ns3:atemp>
          </ns3:TrackPointExtension>
        </extensions>
      </trkpt>
      <trkpt lat="31.949013658" lon="34.956695074">
        <ele>176.20</ele>
        <time>2016-12-16T06:19:38.000Z</time>
        <extensions>
          <ns3:TrackPointExtension>
            <ns3:atemp>9.0</ns3:atemp>
          </ns3:TrackPointExtension>
        </extensions>
      </trkpt>
      <trkpt lat="31.949010305" lon="34.956692895">
        <ele>176.20</ele>
        <time>2016-12-16T06:19:40.000Z</time>
        <extensions>
          <ns3:TrackPointExtension>
            <ns3:atemp>9.0</ns3:atemp>
          </ns3:TrackPointExtension>
        </extensions>
      </trkpt>
      <trkpt lat="31.949019441" lon="34.956687028">
        <ele>176.20</ele>
        <time>2016-12-16T06:19:49.000Z</time>
        <extensions>
          <ns3:TrackPointExtension>
            <ns3:atemp>9.0</ns3:atemp>
          </ns3:TrackPointExtension>
        </extensions>
      </trkpt>
      <trkpt lat="31.949022459" lon="34.956657272">
        <ele>176.20</ele>
        <time>2016-12-16T06:20:03.000Z</time>
        <extensions>
          <ns3:TrackPointExtension>
            <ns3:atemp>9.0</ns3:atemp>
          </ns3:TrackPointExtension>
        </extensions>
      </trkpt>
      <trkpt lat="31.949018938" lon="34.956656098">
        <ele>176.20</ele>
        <time>2016-12-16T06:20:11.000Z</time>
        <extensions>
          <ns3:TrackPointExtension>
            <ns3:atemp>9.0</ns3:atemp>
          </ns3:TrackPointExtension>
        </extensions>
      </trkpt>
      <trkpt lat="31.949019358" lon="34.956666576">
        <ele>176.00</ele>
        <time>2016-12-16T06:20:22.000Z</time>
        <extensions>
          <ns3:TrackPointExtension>
            <ns3:atemp>9.0</ns3:atemp>
          </ns3:TrackPointExtension>
        </extensions>
      </trkpt>
      <trkpt lat="31.949020112" lon="34.956669090">
        <ele>176.20</ele>
        <time>2016-12-16T06:20:34.000Z</time>
        <extensions>
          <ns3:TrackPointExtension>
            <ns3:atemp>10.0</ns3:atemp>
          </ns3:TrackPointExtension>
        </extensions>
      </trkpt>
      <trkpt lat="31.949008796" lon="34.956657356">
        <ele>176.20</ele>
        <time>2016-12-16T06:20:42.000Z</time>
        <extensions>
          <ns3:TrackPointExtension>
            <ns3:atemp>10.0</ns3:atemp>
          </ns3:TrackPointExtension>
        </extensions>
      </trkpt>
      <trkpt lat="31.949009635" lon="34.956656937">
        <ele>175.80</ele>
        <time>2016-12-16T06:20:52.000Z</time>
        <extensions>
          <ns3:TrackPointExtension>
            <ns3:atemp>10.0</ns3:atemp>
          </ns3:TrackPointExtension>
        </extensions>
      </trkpt>
      <trkpt lat="31.949004522" lon="34.956659870">
        <ele>175.60</ele>
        <time>2016-12-16T06:21:03.000Z</time>
        <extensions>
          <ns3:TrackPointExtension>
            <ns3:atemp>10.0</ns3:atemp>
          </ns3:TrackPointExtension>
        </extensions>
      </trkpt>
      <trkpt lat="31.949004270" lon="34.956675125">
        <ele>176.40</ele>
        <time>2016-12-16T06:21:16.000Z</time>
        <extensions>
          <ns3:TrackPointExtension>
            <ns3:atemp>10.0</ns3:atemp>
          </ns3:TrackPointExtension>
        </extensions>
      </trkpt>
      <trkpt lat="31.949004270" lon="34.956667917">
        <ele>176.40</ele>
        <time>2016-12-16T06:21:24.000Z</time>
        <extensions>
          <ns3:TrackPointExtension>
            <ns3:atemp>10.0</ns3:atemp>
          </ns3:TrackPointExtension>
        </extensions>
      </trkpt>
      <trkpt lat="31.949001588" lon="34.956666408">
        <ele>175.80</ele>
        <time>2016-12-16T06:21:35.000Z</time>
        <extensions>
          <ns3:TrackPointExtension>
            <ns3:atemp>10.0</ns3:atemp>
          </ns3:TrackPointExtension>
        </extensions>
      </trkpt>
      <trkpt lat="31.948999912" lon="34.956662217">
        <ele>175.60</ele>
        <time>2016-12-16T06:21:46.000Z</time>
        <extensions>
          <ns3:TrackPointExtension>
            <ns3:atemp>10.0</ns3:atemp>
          </ns3:TrackPointExtension>
        </extensions>
      </trkpt>
      <trkpt lat="31.949004773" lon="34.956673197">
        <ele>175.60</ele>
        <time>2016-12-16T06:21:55.000Z</time>
        <extensions>
          <ns3:TrackPointExtension>
            <ns3:atemp>10.0</ns3:atemp>
          </ns3:TrackPointExtension>
        </extensions>
      </trkpt>
      <trkpt lat="31.948998235" lon="34.956657775">
        <ele>175.60</ele>
        <time>2016-12-16T06:22:06.000Z</time>
        <extensions>
          <ns3:TrackPointExtension>
            <ns3:atemp>10.0</ns3:atemp>
          </ns3:TrackPointExtension>
        </extensions>
      </trkpt>
      <trkpt lat="31.949001253" lon="34.956641179">
        <ele>175.60</ele>
        <time>2016-12-16T06:22:15.000Z</time>
        <extensions>
          <ns3:TrackPointExtension>
            <ns3:atemp>10.0</ns3:atemp>
          </ns3:TrackPointExtension>
        </extensions>
      </trkpt>
      <trkpt lat="31.948992535" lon="34.956644531">
        <ele>176.00</ele>
        <time>2016-12-16T06:22:28.000Z</time>
        <extensions>
          <ns3:TrackPointExtension>
            <ns3:atemp>10.0</ns3:atemp>
          </ns3:TrackPointExtension>
        </extensions>
      </trkpt>
      <trkpt lat="31.948990189" lon="34.956644112">
        <ele>176.00</ele>
        <time>2016-12-16T06:22:45.000Z</time>
        <extensions>
          <ns3:TrackPointExtension>
            <ns3:atemp>10.0</ns3:atemp>
          </ns3:TrackPointExtension>
        </extensions>
      </trkpt>
      <trkpt lat="31.948990356" lon="34.956643945">
        <ele>176.00</ele>
        <time>2016-12-16T06:22:46.000Z</time>
        <extensions>
          <ns3:TrackPointExtension>
            <ns3:atemp>10.0</ns3:atemp>
          </ns3:TrackPointExtension>
        </extensions>
      </trkpt>
      <trkpt lat="31.948987590" lon="34.956651991">
        <ele>176.00</ele>
        <time>2016-12-16T06:22:55.000Z</time>
        <extensions>
          <ns3:TrackPointExtension>
            <ns3:atemp>10.0</ns3:atemp>
          </ns3:TrackPointExtension>
        </extensions>
      </trkpt>
      <trkpt lat="31.948988428" lon="34.956666911">
        <ele>175.80</ele>
        <time>2016-12-16T06:23:07.000Z</time>
        <extensions>
          <ns3:TrackPointExtension>
            <ns3:atemp>10.0</ns3:atemp>
          </ns3:TrackPointExtension>
        </extensions>
      </trkpt>
      <trkpt lat="31.948992703" lon="34.956647297">
        <ele>175.60</ele>
        <time>2016-12-16T06:23:18.000Z</time>
        <extensions>
          <ns3:TrackPointExtension>
            <ns3:atemp>10.0</ns3:atemp>
          </ns3:TrackPointExtension>
        </extensions>
      </trkpt>
      <trkpt lat="31.948991111" lon="34.956645789">
        <ele>175.60</ele>
        <time>2016-12-16T06:23:32.000Z</time>
        <extensions>
          <ns3:TrackPointExtension>
            <ns3:atemp>10.0</ns3:atemp>
          </ns3:TrackPointExtension>
        </extensions>
      </trkpt>
      <trkpt lat="31.948990608" lon="34.956644280">
        <ele>175.40</ele>
        <time>2016-12-16T06:23:44.000Z</time>
        <extensions>
          <ns3:TrackPointExtension>
            <ns3:atemp>10.0</ns3:atemp>
          </ns3:TrackPointExtension>
        </extensions>
      </trkpt>
      <trkpt lat="31.948990691" lon="34.956646962">
        <ele>175.40</ele>
        <time>2016-12-16T06:23:55.000Z</time>
        <extensions>
          <ns3:TrackPointExtension>
            <ns3:atemp>11.0</ns3:atemp>
          </ns3:TrackPointExtension>
        </extensions>
      </trkpt>
      <trkpt lat="31.948993793" lon="34.956643945">
        <ele>175.20</ele>
        <time>2016-12-16T06:24:09.000Z</time>
        <extensions>
          <ns3:TrackPointExtension>
            <ns3:atemp>11.0</ns3:atemp>
          </ns3:TrackPointExtension>
        </extensions>
      </trkpt>
      <trkpt lat="31.948992368" lon="34.956641514">
        <ele>175.20</ele>
        <time>2016-12-16T06:24:23.000Z</time>
        <extensions>
          <ns3:TrackPointExtension>
            <ns3:atemp>11.0</ns3:atemp>
          </ns3:TrackPointExtension>
        </extensions>
      </trkpt>
      <trkpt lat="31.948992033" lon="34.956644028">
        <ele>175.20</ele>
        <time>2016-12-16T06:24:32.000Z</time>
        <extensions>
          <ns3:TrackPointExtension>
            <ns3:atemp>11.0</ns3:atemp>
          </ns3:TrackPointExtension>
        </extensions>
      </trkpt>
      <trkpt lat="31.948995134" lon="34.956642436">
        <ele>175.20</ele>
        <time>2016-12-16T06:24:42.000Z</time>
        <extensions>
          <ns3:TrackPointExtension>
            <ns3:atemp>11.0</ns3:atemp>
          </ns3:TrackPointExtension>
        </extensions>
      </trkpt>
      <trkpt lat="31.948995218" lon="34.956642771">
        <ele>175.20</ele>
        <time>2016-12-16T06:24:51.000Z</time>
        <extensions>
          <ns3:TrackPointExtension>
            <ns3:atemp>11.0</ns3:atemp>
          </ns3:TrackPointExtension>
        </extensions>
      </trkpt>
      <trkpt lat="31.948995972" lon="34.956643190">
        <ele>175.00</ele>
        <time>2016-12-16T06:24:54.000Z</time>
        <extensions>
          <ns3:TrackPointExtension>
            <ns3:atemp>11.0</ns3:atemp>
          </ns3:TrackPointExtension>
        </extensions>
      </trkpt>
      <trkpt lat="31.948990859" lon="34.956639418">
        <ele>175.00</ele>
        <time>2016-12-16T06:25:03.000Z</time>
        <extensions>
          <ns3:TrackPointExtension>
            <ns3:atemp>11.0</ns3:atemp>
          </ns3:TrackPointExtension>
        </extensions>
      </trkpt>
      <trkpt lat="31.948985662" lon="34.956633970">
        <ele>175.20</ele>
        <time>2016-12-16T06:25:18.000Z</time>
        <extensions>
          <ns3:TrackPointExtension>
            <ns3:atemp>11.0</ns3:atemp>
          </ns3:TrackPointExtension>
        </extensions>
      </trkpt>
      <trkpt lat="31.948983064" lon="34.956632042">
        <ele>175.00</ele>
        <time>2016-12-16T06:25:28.000Z</time>
        <extensions>
          <ns3:TrackPointExtension>
            <ns3:atemp>11.0</ns3:atemp>
          </ns3:TrackPointExtension>
        </extensions>
      </trkpt>
      <trkpt lat="31.948980214" lon="34.956620894">
        <ele>175.20</ele>
        <time>2016-12-16T06:25:43.000Z</time>
        <extensions>
          <ns3:TrackPointExtension>
            <ns3:atemp>11.0</ns3:atemp>
          </ns3:TrackPointExtension>
        </extensions>
      </trkpt>
      <trkpt lat="31.948942915" lon="34.956591055">
        <ele>175.20</ele>
        <time>2016-12-16T06:25:51.000Z</time>
        <extensions>
          <ns3:TrackPointExtension>
            <ns3:atemp>11.0</ns3:atemp>
          </ns3:TrackPointExtension>
        </extensions>
      </trkpt>
      <trkpt lat="31.948958002" lon="34.956638999">
        <ele>175.20</ele>
        <time>2016-12-16T06:25:57.000Z</time>
        <extensions>
          <ns3:TrackPointExtension>
            <ns3:atemp>11.0</ns3:atemp>
          </ns3:TrackPointExtension>
        </extensions>
      </trkpt>
      <trkpt lat="31.948968396" lon="34.956677807">
        <ele>175.00</ele>
        <time>2016-12-16T06:26:06.000Z</time>
        <extensions>
          <ns3:TrackPointExtension>
            <ns3:atemp>11.0</ns3:atemp>
          </ns3:TrackPointExtension>
        </extensions>
      </trkpt>
      <trkpt lat="31.948973089" lon="34.956710329">
        <ele>175.00</ele>
        <time>2016-12-16T06:26:11.000Z</time>
        <extensions>
          <ns3:TrackPointExtension>
            <ns3:atemp>11.0</ns3:atemp>
          </ns3:TrackPointExtension>
        </extensions>
      </trkpt>
      <trkpt lat="31.948976777" lon="34.956714604">
        <ele>175.00</ele>
        <time>2016-12-16T06:26:16.000Z</time>
        <extensions>
          <ns3:TrackPointExtension>
            <ns3:atemp>11.0</ns3:atemp>
          </ns3:TrackPointExtension>
        </extensions>
      </trkpt>
      <trkpt lat="31.948982393" lon="34.956697673">
        <ele>175.20</ele>
        <time>2016-12-16T06:26:32.000Z</time>
        <extensions>
          <ns3:TrackPointExtension>
            <ns3:atemp>11.0</ns3:atemp>
          </ns3:TrackPointExtension>
        </extensions>
      </trkpt>
      <trkpt lat="31.948992619" lon="34.956676802">
        <ele>175.20</ele>
        <time>2016-12-16T06:26:39.000Z</time>
        <extensions>
          <ns3:TrackPointExtension>
            <ns3:atemp>11.0</ns3:atemp>
          </ns3:TrackPointExtension>
        </extensions>
      </trkpt>
      <trkpt lat="31.948994547" lon="34.956677724">
        <ele>175.00</ele>
        <time>2016-12-16T06:26:53.000Z</time>
        <extensions>
          <ns3:TrackPointExtension>
            <ns3:atemp>11.0</ns3:atemp>
          </ns3:TrackPointExtension>
        </extensions>
      </trkpt>
      <trkpt lat="31.948993793" lon="34.956678143">
        <ele>175.20</ele>
        <time>2016-12-16T06:27:05.000Z</time>
        <extensions>
          <ns3:TrackPointExtension>
            <ns3:atemp>11.0</ns3:atemp>
          </ns3:TrackPointExtension>
        </extensions>
      </trkpt>
      <trkpt lat="31.948992535" lon="34.956678059">
        <ele>175.00</ele>
        <time>2016-12-16T06:27:31.000Z</time>
        <extensions>
          <ns3:TrackPointExtension>
            <ns3:atemp>11.0</ns3:atemp>
          </ns3:TrackPointExtension>
        </extensions>
      </trkpt>
      <trkpt lat="31.949001756" lon="34.956605388">
        <ele>174.80</ele>
        <time>2016-12-16T06:27:38.000Z</time>
        <extensions>
          <ns3:TrackPointExtension>
            <ns3:atemp>11.0</ns3:atemp>
          </ns3:TrackPointExtension>
        </extensions>
      </trkpt>
      <trkpt lat="31.949000079" lon="34.956582170">
        <ele>174.80</ele>
        <time>2016-12-16T06:27:39.000Z</time>
        <extensions>
          <ns3:TrackPointExtension>
            <ns3:atemp>11.0</ns3:atemp>
          </ns3:TrackPointExtension>
        </extensions>
      </trkpt>
      <trkpt lat="31.948968563" lon="34.956505224">
        <ele>174.80</ele>
        <time>2016-12-16T06:27:42.000Z</time>
        <extensions>
          <ns3:TrackPointExtension>
            <ns3:atemp>11.0</ns3:atemp>
          </ns3:TrackPointExtension>
        </extensions>
      </trkpt>
      <trkpt lat="31.948947525" lon="34.956497010">
        <ele>174.80</ele>
        <time>2016-12-16T06:27:43.000Z</time>
        <extensions>
          <ns3:TrackPointExtension>
            <ns3:atemp>11.0</ns3:atemp>
          </ns3:TrackPointExtension>
        </extensions>
      </trkpt>
      <trkpt lat="31.948913578" lon="34.956521317">
        <ele>174.60</ele>
        <time>2016-12-16T06:27:45.000Z</time>
        <extensions>
          <ns3:TrackPointExtension>
            <ns3:atemp>11.0</ns3:atemp>
          </ns3:TrackPointExtension>
        </extensions>
      </trkpt>
      <trkpt lat="31.948907208" lon="34.956582002">
        <ele>174.60</ele>
        <time>2016-12-16T06:27:48.000Z</time>
        <extensions>
          <ns3:TrackPointExtension>
            <ns3:atemp>11.0</ns3:atemp>
          </ns3:TrackPointExtension>
        </extensions>
      </trkpt>
      <trkpt lat="31.948899832" lon="34.956622571">
        <ele>174.60</ele>
        <time>2016-12-16T06:27:50.000Z</time>
        <extensions>
          <ns3:TrackPointExtension>
            <ns3:atemp>11.0</ns3:atemp>
          </ns3:TrackPointExtension>
        </extensions>
      </trkpt>
      <trkpt lat="31.948867561" lon="34.956820719">
        <ele>174.60</ele>
        <time>2016-12-16T06:27:58.000Z</time>
        <extensions>
          <ns3:TrackPointExtension>
            <ns3:atemp>11.0</ns3:atemp>
          </ns3:TrackPointExtension>
        </extensions>
      </trkpt>
      <trkpt lat="31.948882733" lon="34.956986345">
        <ele>174.80</ele>
        <time>2016-12-16T06:28:05.000Z</time>
        <extensions>
          <ns3:TrackPointExtension>
            <ns3:atemp>11.0</ns3:atemp>
          </ns3:TrackPointExtension>
        </extensions>
      </trkpt>
      <trkpt lat="31.948851300" lon="34.957094304">
        <ele>175.00</ele>
        <time>2016-12-16T06:28:10.000Z</time>
        <extensions>
          <ns3:TrackPointExtension>
            <ns3:atemp>11.0</ns3:atemp>
          </ns3:TrackPointExtension>
        </extensions>
      </trkpt>
      <trkpt lat="31.948777623" lon="34.957320280">
        <ele>175.00</ele>
        <time>2016-12-16T06:28:16.000Z</time>
        <extensions>
          <ns3:TrackPointExtension>
            <ns3:atemp>11.0</ns3:atemp>
          </ns3:TrackPointExtension>
        </extensions>
      </trkpt>
      <trkpt lat="31.948680729" lon="34.957627309">
        <ele>174.40</ele>
        <time>2016-12-16T06:28:24.000Z</time>
        <extensions>
          <ns3:TrackPointExtension>
            <ns3:atemp>11.0</ns3:atemp>
          </ns3:TrackPointExtension>
        </extensions>
      </trkpt>
      <trkpt lat="31.948546367" lon="34.957795870">
        <ele>173.80</ele>
        <time>2016-12-16T06:28:30.000Z</time>
        <extensions>
          <ns3:TrackPointExtension>
            <ns3:atemp>11.0</ns3:atemp>
          </ns3:TrackPointExtension>
        </extensions>
      </trkpt>
      <trkpt lat="31.948392224" lon="34.957920592">
        <ele>173.60</ele>
        <time>2016-12-16T06:28:35.000Z</time>
        <extensions>
          <ns3:TrackPointExtension>
            <ns3:atemp>11.0</ns3:atemp>
          </ns3:TrackPointExtension>
        </extensions>
      </trkpt>
      <trkpt lat="31.948316200" lon="34.957987648">
        <ele>173.60</ele>
        <time>2016-12-16T06:28:37.000Z</time>
        <extensions>
          <ns3:TrackPointExtension>
            <ns3:atemp>11.0</ns3:atemp>
          </ns3:TrackPointExtension>
        </extensions>
      </trkpt>
      <trkpt lat="31.948273452" lon="34.958022181">
        <ele>173.60</ele>
        <time>2016-12-16T06:28:38.000Z</time>
        <extensions>
          <ns3:TrackPointExtension>
            <ns3:atemp>11.0</ns3:atemp>
          </ns3:TrackPointExtension>
        </extensions>
      </trkpt>
      <trkpt lat="31.948142694" lon="34.958139192">
        <ele>172.80</ele>
        <time>2016-12-16T06:28:41.000Z</time>
        <extensions>
          <ns3:TrackPointExtension>
            <ns3:atemp>11.0</ns3:atemp>
          </ns3:TrackPointExtension>
        </extensions>
      </trkpt>
      <trkpt lat="31.948104054" lon="34.958188310">
        <ele>172.40</ele>
        <time>2016-12-16T06:28:42.000Z</time>
        <extensions>
          <ns3:TrackPointExtension>
            <ns3:atemp>11.0</ns3:atemp>
          </ns3:TrackPointExtension>
        </extensions>
      </trkpt>
      <trkpt lat="31.948037585" lon="34.958372125">
        <ele>171.60</ele>
        <time>2016-12-16T06:28:45.000Z</time>
        <extensions>
          <ns3:TrackPointExtension>
            <ns3:atemp>11.0</ns3:atemp>
          </ns3:TrackPointExtension>
        </extensions>
      </trkpt>
      <trkpt lat="31.948026353" lon="34.958443958">
        <ele>170.80</ele>
        <time>2016-12-16T06:28:46.000Z</time>
        <extensions>
          <ns3:TrackPointExtension>
            <ns3:atemp>11.0</ns3:atemp>
          </ns3:TrackPointExtension>
        </extensions>
      </trkpt>
      <trkpt lat="31.947987294" lon="34.958664989">
        <ele>169.20</ele>
        <time>2016-12-16T06:28:49.000Z</time>
        <extensions>
          <ns3:TrackPointExtension>
            <ns3:atemp>11.0</ns3:atemp>
          </ns3:TrackPointExtension>
        </extensions>
      </trkpt>
      <trkpt lat="31.947961561" lon="34.958816199">
        <ele>167.80</ele>
        <time>2016-12-16T06:28:51.000Z</time>
        <extensions>
          <ns3:TrackPointExtension>
            <ns3:atemp>11.0</ns3:atemp>
          </ns3:TrackPointExtension>
        </extensions>
      </trkpt>
      <trkpt lat="31.947957119" lon="34.958893061">
        <ele>167.40</ele>
        <time>2016-12-16T06:28:52.000Z</time>
        <extensions>
          <ns3:TrackPointExtension>
            <ns3:atemp>11.0</ns3:atemp>
          </ns3:TrackPointExtension>
        </extensions>
      </trkpt>
      <trkpt lat="31.947958125" lon="34.958971180">
        <ele>166.80</ele>
        <time>2016-12-16T06:28:53.000Z</time>
        <extensions>
          <ns3:TrackPointExtension>
            <ns3:atemp>11.0</ns3:atemp>
          </ns3:TrackPointExtension>
        </extensions>
      </trkpt>
      <trkpt lat="31.947965249" lon="34.959109062">
        <ele>164.80</ele>
        <time>2016-12-16T06:28:55.000Z</time>
        <extensions>
          <ns3:TrackPointExtension>
            <ns3:atemp>11.0</ns3:atemp>
          </ns3:TrackPointExtension>
        </extensions>
      </trkpt>
      <trkpt lat="31.947960388" lon="34.959167736">
        <ele>164.00</ele>
        <time>2016-12-16T06:28:56.000Z</time>
        <extensions>
          <ns3:TrackPointExtension>
            <ns3:atemp>11.0</ns3:atemp>
          </ns3:TrackPointExtension>
        </extensions>
      </trkpt>
      <trkpt lat="31.947942702" lon="34.959214004">
        <ele>163.20</ele>
        <time>2016-12-16T06:28:57.000Z</time>
        <extensions>
          <ns3:TrackPointExtension>
            <ns3:atemp>11.0</ns3:atemp>
          </ns3:TrackPointExtension>
        </extensions>
      </trkpt>
      <trkpt lat="31.947875312" lon="34.959276784">
        <ele>161.20</ele>
        <time>2016-12-16T06:28:59.000Z</time>
        <extensions>
          <ns3:TrackPointExtension>
            <ns3:atemp>11.0</ns3:atemp>
          </ns3:TrackPointExtension>
        </extensions>
      </trkpt>
      <trkpt lat="31.947775567" lon="34.959301678">
        <ele>159.20</ele>
        <time>2016-12-16T06:29:01.000Z</time>
        <extensions>
          <ns3:TrackPointExtension>
            <ns3:atemp>11.0</ns3:atemp>
          </ns3:TrackPointExtension>
        </extensions>
      </trkpt>
      <trkpt lat="31.947723515" lon="34.959326573">
        <ele>158.20</ele>
        <time>2016-12-16T06:29:02.000Z</time>
        <extensions>
          <ns3:TrackPointExtension>
            <ns3:atemp>11.0</ns3:atemp>
          </ns3:TrackPointExtension>
        </extensions>
      </trkpt>
      <trkpt lat="31.947674649" lon="34.959365800">
        <ele>157.40</ele>
        <time>2016-12-16T06:29:03.000Z</time>
        <extensions>
          <ns3:TrackPointExtension>
            <ns3:atemp>11.0</ns3:atemp>
          </ns3:TrackPointExtension>
        </extensions>
      </trkpt>
      <trkpt lat="31.947570965" lon="34.959429335">
        <ele>156.00</ele>
        <time>2016-12-16T06:29:05.000Z</time>
        <extensions>
          <ns3:TrackPointExtension>
            <ns3:atemp>11.0</ns3:atemp>
          </ns3:TrackPointExtension>
        </extensions>
      </trkpt>
      <trkpt lat="31.947515225" lon="34.959444087">
        <ele>155.40</ele>
        <time>2016-12-16T06:29:06.000Z</time>
        <extensions>
          <ns3:TrackPointExtension>
            <ns3:atemp>11.0</ns3:atemp>
          </ns3:TrackPointExtension>
        </extensions>
      </trkpt>
      <trkpt lat="31.947402572" lon="34.959452385">
        <ele>154.60</ele>
        <time>2016-12-16T06:29:08.000Z</time>
        <extensions>
          <ns3:TrackPointExtension>
            <ns3:atemp>11.0</ns3:atemp>
          </ns3:TrackPointExtension>
        </extensions>
      </trkpt>
      <trkpt lat="31.947347084" lon="34.959450541">
        <ele>154.00</ele>
        <time>2016-12-16T06:29:09.000Z</time>
        <extensions>
          <ns3:TrackPointExtension>
            <ns3:atemp>11.0</ns3:atemp>
          </ns3:TrackPointExtension>
        </extensions>
      </trkpt>
      <trkpt lat="31.947228564" lon="34.959445344">
        <ele>153.40</ele>
        <time>2016-12-16T06:29:11.000Z</time>
        <extensions>
          <ns3:TrackPointExtension>
            <ns3:atemp>11.0</ns3:atemp>
          </ns3:TrackPointExtension>
        </extensions>
      </trkpt>
      <trkpt lat="31.946807457" lon="34.959422881">
        <ele>152.60</ele>
        <time>2016-12-16T06:29:17.000Z</time>
        <extensions>
          <ns3:TrackPointExtension>
            <ns3:atemp>10.0</ns3:atemp>
          </ns3:TrackPointExtension>
        </extensions>
      </trkpt>
      <trkpt lat="31.946735708" lon="34.959415002">
        <ele>152.00</ele>
        <time>2016-12-16T06:29:18.000Z</time>
        <extensions>
          <ns3:TrackPointExtension>
            <ns3:atemp>10.0</ns3:atemp>
          </ns3:TrackPointExtension>
        </extensions>
      </trkpt>
      <trkpt lat="31.946591791" lon="34.959389856">
        <ele>150.80</ele>
        <time>2016-12-16T06:29:20.000Z</time>
        <extensions>
          <ns3:TrackPointExtension>
            <ns3:atemp>10.0</ns3:atemp>
          </ns3:TrackPointExtension>
        </extensions>
      </trkpt>
      <trkpt lat="31.946443850" lon="34.959373595">
        <ele>150.00</ele>
        <time>2016-12-16T06:29:22.000Z</time>
        <extensions>
          <ns3:TrackPointExtension>
            <ns3:atemp>10.0</ns3:atemp>
          </ns3:TrackPointExtension>
        </extensions>
      </trkpt>
      <trkpt lat="31.946289204" lon="34.959365800">
        <ele>149.60</ele>
        <time>2016-12-16T06:29:24.000Z</time>
        <extensions>
          <ns3:TrackPointExtension>
            <ns3:atemp>10.0</ns3:atemp>
          </ns3:TrackPointExtension>
        </extensions>
      </trkpt>
      <trkpt lat="31.945972368" lon="34.959357837">
        <ele>148.60</ele>
        <time>2016-12-16T06:29:28.000Z</time>
        <extensions>
          <ns3:TrackPointExtension>
            <ns3:atemp>10.0</ns3:atemp>
          </ns3:TrackPointExtension>
        </extensions>
      </trkpt>
      <trkpt lat="31.945891818" lon="34.959366806">
        <ele>148.00</ele>
        <time>2016-12-16T06:29:29.000Z</time>
        <extensions>
          <ns3:TrackPointExtension>
            <ns3:atemp>10.0</ns3:atemp>
          </ns3:TrackPointExtension>
        </extensions>
      </trkpt>
      <trkpt lat="31.945812609" lon="34.959382648">
        <ele>146.80</ele>
        <time>2016-12-16T06:29:30.000Z</time>
        <extensions>
          <ns3:TrackPointExtension>
            <ns3:atemp>10.0</ns3:atemp>
          </ns3:TrackPointExtension>
        </extensions>
      </trkpt>
      <trkpt lat="31.945654191" lon="34.959406033">
        <ele>146.00</ele>
        <time>2016-12-16T06:29:32.000Z</time>
        <extensions>
          <ns3:TrackPointExtension>
            <ns3:atemp>10.0</ns3:atemp>
          </ns3:TrackPointExtension>
        </extensions>
      </trkpt>
      <trkpt lat="31.945574647" lon="34.959417768">
        <ele>145.60</ele>
        <time>2016-12-16T06:29:33.000Z</time>
        <extensions>
          <ns3:TrackPointExtension>
            <ns3:atemp>10.0</ns3:atemp>
          </ns3:TrackPointExtension>
        </extensions>
      </trkpt>
      <trkpt lat="31.945495605" lon="34.959435454">
        <ele>145.20</ele>
        <time>2016-12-16T06:29:34.000Z</time>
        <extensions>
          <ns3:TrackPointExtension>
            <ns3:atemp>10.0</ns3:atemp>
          </ns3:TrackPointExtension>
        </extensions>
      </trkpt>
      <trkpt lat="31.945334841" lon="34.959462946">
        <ele>144.40</ele>
        <time>2016-12-16T06:29:36.000Z</time>
        <extensions>
          <ns3:TrackPointExtension>
            <ns3:atemp>10.0</ns3:atemp>
          </ns3:TrackPointExtension>
        </extensions>
      </trkpt>
      <trkpt lat="31.945095453" lon="34.959487505">
        <ele>143.20</ele>
        <time>2016-12-16T06:29:39.000Z</time>
        <extensions>
          <ns3:TrackPointExtension>
            <ns3:atemp>10.0</ns3:atemp>
          </ns3:TrackPointExtension>
        </extensions>
      </trkpt>
      <trkpt lat="31.945019262" lon="34.959497396">
        <ele>142.60</ele>
        <time>2016-12-16T06:29:40.000Z</time>
        <extensions>
          <ns3:TrackPointExtension>
            <ns3:atemp>10.0</ns3:atemp>
          </ns3:TrackPointExtension>
        </extensions>
      </trkpt>
      <trkpt lat="31.944946004" lon="34.959511058">
        <ele>141.80</ele>
        <time>2016-12-16T06:29:41.000Z</time>
        <extensions>
          <ns3:TrackPointExtension>
            <ns3:atemp>10.0</ns3:atemp>
          </ns3:TrackPointExtension>
        </extensions>
      </trkpt>
      <trkpt lat="31.944735534" lon="34.959575012">
        <ele>140.60</ele>
        <time>2016-12-16T06:29:44.000Z</time>
        <extensions>
          <ns3:TrackPointExtension>
            <ns3:atemp>10.0</ns3:atemp>
          </ns3:TrackPointExtension>
        </extensions>
      </trkpt>
      <trkpt lat="31.944667306" lon="34.959594877">
        <ele>140.20</ele>
        <time>2016-12-16T06:29:45.000Z</time>
        <extensions>
          <ns3:TrackPointExtension>
            <ns3:atemp>10.0</ns3:atemp>
          </ns3:TrackPointExtension>
        </extensions>
      </trkpt>
      <trkpt lat="31.944599664" lon="34.959611390">
        <ele>139.60</ele>
        <time>2016-12-16T06:29:46.000Z</time>
        <extensions>
          <ns3:TrackPointExtension>
            <ns3:atemp>10.0</ns3:atemp>
          </ns3:TrackPointExtension>
        </extensions>
      </trkpt>
      <trkpt lat="31.944395145" lon="34.959647181">
        <ele>138.40</ele>
        <time>2016-12-16T06:29:49.000Z</time>
        <extensions>
          <ns3:TrackPointExtension>
            <ns3:atemp>10.0</ns3:atemp>
          </ns3:TrackPointExtension>
        </extensions>
      </trkpt>
      <trkpt lat="31.944185598" lon="34.959651288">
        <ele>137.00</ele>
        <time>2016-12-16T06:29:52.000Z</time>
        <extensions>
          <ns3:TrackPointExtension>
            <ns3:atemp>10.0</ns3:atemp>
          </ns3:TrackPointExtension>
        </extensions>
      </trkpt>
      <trkpt lat="31.943948977" lon="34.959625807">
        <ele>135.80</ele>
        <time>2016-12-16T06:29:56.000Z</time>
        <extensions>
          <ns3:TrackPointExtension>
            <ns3:atemp>10.0</ns3:atemp>
          </ns3:TrackPointExtension>
        </extensions>
      </trkpt>
      <trkpt lat="31.943881921" lon="34.959609965">
        <ele>135.00</ele>
        <time>2016-12-16T06:29:58.000Z</time>
        <extensions>
          <ns3:TrackPointExtension>
            <ns3:atemp>10.0</ns3:atemp>
          </ns3:TrackPointExtension>
        </extensions>
      </trkpt>
      <trkpt lat="31.943824841" lon="34.959595213">
        <ele>134.20</ele>
        <time>2016-12-16T06:30:00.000Z</time>
        <extensions>
          <ns3:TrackPointExtension>
            <ns3:atemp>10.0</ns3:atemp>
          </ns3:TrackPointExtension>
        </extensions>
      </trkpt>
      <trkpt lat="31.943801790" lon="34.959587753">
        <ele>133.80</ele>
        <time>2016-12-16T06:30:01.000Z</time>
        <extensions>
          <ns3:TrackPointExtension>
            <ns3:atemp>10.0</ns3:atemp>
          </ns3:TrackPointExtension>
        </extensions>
      </trkpt>
      <trkpt lat="31.943757869" lon="34.959570151">
        <ele>132.60</ele>
        <time>2016-12-16T06:30:03.000Z</time>
        <extensions>
          <ns3:TrackPointExtension>
            <ns3:atemp>10.0</ns3:atemp>
          </ns3:TrackPointExtension>
        </extensions>
      </trkpt>
      <trkpt lat="31.943717301" lon="34.959549112">
        <ele>131.40</ele>
        <time>2016-12-16T06:30:05.000Z</time>
        <extensions>
          <ns3:TrackPointExtension>
            <ns3:atemp>10.0</ns3:atemp>
          </ns3:TrackPointExtension>
        </extensions>
      </trkpt>
      <trkpt lat="31.943686707" lon="34.959536036">
        <ele>131.20</ele>
        <time>2016-12-16T06:30:07.000Z</time>
        <extensions>
          <ns3:TrackPointExtension>
            <ns3:atemp>10.0</ns3:atemp>
          </ns3:TrackPointExtension>
        </extensions>
      </trkpt>
      <trkpt lat="31.943675475" lon="34.959537964">
        <ele>131.00</ele>
        <time>2016-12-16T06:30:08.000Z</time>
        <extensions>
          <ns3:TrackPointExtension>
            <ns3:atemp>10.0</ns3:atemp>
          </ns3:TrackPointExtension>
        </extensions>
      </trkpt>
      <trkpt lat="31.943667429" lon="34.959569229">
        <ele>130.80</ele>
        <time>2016-12-16T06:30:11.000Z</time>
        <extensions>
          <ns3:TrackPointExtension>
            <ns3:atemp>10.0</ns3:atemp>
          </ns3:TrackPointExtension>
        </extensions>
      </trkpt>
      <trkpt lat="31.943730544" lon="34.959581131">
        <ele>130.80</ele>
        <time>2016-12-16T06:30:15.000Z</time>
        <extensions>
          <ns3:TrackPointExtension>
            <ns3:atemp>10.0</ns3:atemp>
          </ns3:TrackPointExtension>
        </extensions>
      </trkpt>
      <trkpt lat="31.943876557" lon="34.959591860">
        <ele>130.80</ele>
        <time>2016-12-16T06:30:21.000Z</time>
        <extensions>
          <ns3:TrackPointExtension>
            <ns3:atemp>10.0</ns3:atemp>
          </ns3:TrackPointExtension>
        </extensions>
      </trkpt>
      <trkpt lat="31.943901535" lon="34.959596470">
        <ele>130.80</ele>
        <time>2016-12-16T06:30:22.000Z</time>
        <extensions>
          <ns3:TrackPointExtension>
            <ns3:atemp>10.0</ns3:atemp>
          </ns3:TrackPointExtension>
        </extensions>
      </trkpt>
      <trkpt lat="31.944067329" lon="34.959624466">
        <ele>131.00</ele>
        <time>2016-12-16T06:30:28.000Z</time>
        <extensions>
          <ns3:TrackPointExtension>
            <ns3:atemp>10.0</ns3:atemp>
          </ns3:TrackPointExtension>
        </extensions>
      </trkpt>
      <trkpt lat="31.944301184" lon="34.959626226">
        <ele>131.80</ele>
        <time>2016-12-16T06:30:36.000Z</time>
        <extensions>
          <ns3:TrackPointExtension>
            <ns3:atemp>10.0</ns3:atemp>
          </ns3:TrackPointExtension>
        </extensions>
      </trkpt>
      <trkpt lat="31.944499584" lon="34.959618347">
        <ele>132.60</ele>
        <time>2016-12-16T06:30:43.000Z</time>
        <extensions>
          <ns3:TrackPointExtension>
            <ns3:atemp>9.0</ns3:atemp>
          </ns3:TrackPointExtension>
        </extensions>
      </trkpt>
      <trkpt lat="31.944526490" lon="34.959611306">
        <ele>132.80</ele>
        <time>2016-12-16T06:30:44.000Z</time>
        <extensions>
          <ns3:TrackPointExtension>
            <ns3:atemp>9.0</ns3:atemp>
          </ns3:TrackPointExtension>
        </extensions>
      </trkpt>
      <trkpt lat="31.944598742" lon="34.959591860">
        <ele>133.60</ele>
        <time>2016-12-16T06:30:47.000Z</time>
        <extensions>
          <ns3:TrackPointExtension>
            <ns3:atemp>9.0</ns3:atemp>
          </ns3:TrackPointExtension>
        </extensions>
      </trkpt>
      <trkpt lat="31.944687674" lon="34.959563361">
        <ele>134.40</ele>
        <time>2016-12-16T06:30:51.000Z</time>
        <extensions>
          <ns3:TrackPointExtension>
            <ns3:atemp>9.0</ns3:atemp>
          </ns3:TrackPointExtension>
        </extensions>
      </trkpt>
      <trkpt lat="31.944708461" lon="34.959560763">
        <ele>134.60</ele>
        <time>2016-12-16T06:30:52.000Z</time>
        <extensions>
          <ns3:TrackPointExtension>
            <ns3:atemp>9.0</ns3:atemp>
          </ns3:TrackPointExtension>
        </extensions>
      </trkpt>
      <trkpt lat="31.944790855" lon="34.959588423">
        <ele>135.00</ele>
        <time>2016-12-16T06:30:57.000Z</time>
        <extensions>
          <ns3:TrackPointExtension>
            <ns3:atemp>9.0</ns3:atemp>
          </ns3:TrackPointExtension>
        </extensions>
      </trkpt>
      <trkpt lat="31.944839638" lon="34.959710715">
        <ele>135.40</ele>
        <time>2016-12-16T06:31:03.000Z</time>
        <extensions>
          <ns3:TrackPointExtension>
            <ns3:atemp>9.0</ns3:atemp>
          </ns3:TrackPointExtension>
        </extensions>
      </trkpt>
      <trkpt lat="31.944857994" lon="34.959734771">
        <ele>135.80</ele>
        <time>2016-12-16T06:31:05.000Z</time>
        <extensions>
          <ns3:TrackPointExtension>
            <ns3:atemp>9.0</ns3:atemp>
          </ns3:TrackPointExtension>
        </extensions>
      </trkpt>
      <trkpt lat="31.944881212" lon="34.959781626">
        <ele>136.40</ele>
        <time>2016-12-16T06:31:09.000Z</time>
        <extensions>
          <ns3:TrackPointExtension>
            <ns3:atemp>9.0</ns3:atemp>
          </ns3:TrackPointExtension>
        </extensions>
      </trkpt>
      <trkpt lat="31.944890348" lon="34.959831666">
        <ele>137.20</ele>
        <time>2016-12-16T06:31:12.000Z</time>
        <extensions>
          <ns3:TrackPointExtension>
            <ns3:atemp>9.0</ns3:atemp>
          </ns3:TrackPointExtension>
        </extensions>
      </trkpt>
      <trkpt lat="31.944921613" lon="34.959887657">
        <ele>138.20</ele>
        <time>2016-12-16T06:31:16.000Z</time>
        <extensions>
          <ns3:TrackPointExtension>
            <ns3:atemp>9.0</ns3:atemp>
          </ns3:TrackPointExtension>
        </extensions>
      </trkpt>
      <trkpt lat="31.944929827" lon="34.959899979">
        <ele>138.40</ele>
        <time>2016-12-16T06:31:17.000Z</time>
        <extensions>
          <ns3:TrackPointExtension>
            <ns3:atemp>9.0</ns3:atemp>
          </ns3:TrackPointExtension>
        </extensions>
      </trkpt>
      <trkpt lat="31.944956062" lon="34.959952701">
        <ele>139.40</ele>
        <time>2016-12-16T06:31:21.000Z</time>
        <extensions>
          <ns3:TrackPointExtension>
            <ns3:atemp>9.0</ns3:atemp>
          </ns3:TrackPointExtension>
        </extensions>
      </trkpt>
      <trkpt lat="31.944973413" lon="34.960012380">
        <ele>140.40</ele>
        <time>2016-12-16T06:31:25.000Z</time>
        <extensions>
          <ns3:TrackPointExtension>
            <ns3:atemp>9.0</ns3:atemp>
          </ns3:TrackPointExtension>
        </extensions>
      </trkpt>
      <trkpt lat="31.944979364" lon="34.960027048">
        <ele>140.60</ele>
        <time>2016-12-16T06:31:26.000Z</time>
        <extensions>
          <ns3:TrackPointExtension>
            <ns3:atemp>9.0</ns3:atemp>
          </ns3:TrackPointExtension>
        </extensions>
      </trkpt>
      <trkpt lat="31.945012053" lon="34.960073736">
        <ele>141.40</ele>
        <time>2016-12-16T06:31:30.000Z</time>
        <extensions>
          <ns3:TrackPointExtension>
            <ns3:atemp>9.0</ns3:atemp>
          </ns3:TrackPointExtension>
        </extensions>
      </trkpt>
      <trkpt lat="31.945020854" lon="34.960087230">
        <ele>141.60</ele>
        <time>2016-12-16T06:31:31.000Z</time>
        <extensions>
          <ns3:TrackPointExtension>
            <ns3:atemp>9.0</ns3:atemp>
          </ns3:TrackPointExtension>
        </extensions>
      </trkpt>
      <trkpt lat="31.945043067" lon="34.960144898">
        <ele>142.60</ele>
        <time>2016-12-16T06:31:35.000Z</time>
        <extensions>
          <ns3:TrackPointExtension>
            <ns3:atemp>9.0</ns3:atemp>
          </ns3:TrackPointExtension>
        </extensions>
      </trkpt>
      <trkpt lat="31.945064440" lon="34.960195608">
        <ele>143.60</ele>
        <time>2016-12-16T06:31:39.000Z</time>
        <extensions>
          <ns3:TrackPointExtension>
            <ns3:atemp>9.0</ns3:atemp>
          </ns3:TrackPointExtension>
        </extensions>
      </trkpt>
      <trkpt lat="31.945068799" lon="34.960208097">
        <ele>143.80</ele>
        <time>2016-12-16T06:31:40.000Z</time>
        <extensions>
          <ns3:TrackPointExtension>
            <ns3:atemp>9.0</ns3:atemp>
          </ns3:TrackPointExtension>
        </extensions>
      </trkpt>
      <trkpt lat="31.945089251" lon="34.960255623">
        <ele>145.00</ele>
        <time>2016-12-16T06:31:44.000Z</time>
        <extensions>
          <ns3:TrackPointExtension>
            <ns3:atemp>9.0</ns3:atemp>
          </ns3:TrackPointExtension>
        </extensions>
      </trkpt>
      <trkpt lat="31.945115402" lon="34.960319409">
        <ele>146.20</ele>
        <time>2016-12-16T06:31:49.000Z</time>
        <extensions>
          <ns3:TrackPointExtension>
            <ns3:atemp>9.0</ns3:atemp>
          </ns3:TrackPointExtension>
        </extensions>
      </trkpt>
      <trkpt lat="31.945140213" lon="34.960386548">
        <ele>147.40</ele>
        <time>2016-12-16T06:31:54.000Z</time>
        <extensions>
          <ns3:TrackPointExtension>
            <ns3:atemp>9.0</ns3:atemp>
          </ns3:TrackPointExtension>
        </extensions>
      </trkpt>
      <trkpt lat="31.945154965" lon="34.960411107">
        <ele>147.80</ele>
        <time>2016-12-16T06:31:56.000Z</time>
        <extensions>
          <ns3:TrackPointExtension>
            <ns3:atemp>9.0</ns3:atemp>
          </ns3:TrackPointExtension>
        </extensions>
      </trkpt>
      <trkpt lat="31.945173657" lon="34.960444467">
        <ele>148.60</ele>
        <time>2016-12-16T06:31:59.000Z</time>
        <extensions>
          <ns3:TrackPointExtension>
            <ns3:atemp>9.0</ns3:atemp>
          </ns3:TrackPointExtension>
        </extensions>
      </trkpt>
      <trkpt lat="31.945211124" lon="34.960503895">
        <ele>149.80</ele>
        <time>2016-12-16T06:32:04.000Z</time>
        <extensions>
          <ns3:TrackPointExtension>
            <ns3:atemp>9.0</ns3:atemp>
          </ns3:TrackPointExtension>
        </extensions>
      </trkpt>
      <trkpt lat="31.945248423" lon="34.960587127">
        <ele>150.80</ele>
        <time>2016-12-16T06:32:10.000Z</time>
        <extensions>
          <ns3:TrackPointExtension>
            <ns3:atemp>9.0</ns3:atemp>
          </ns3:TrackPointExtension>
        </extensions>
      </trkpt>
      <trkpt lat="31.945254626" lon="34.960600203">
        <ele>150.80</ele>
        <time>2016-12-16T06:32:11.000Z</time>
        <extensions>
          <ns3:TrackPointExtension>
            <ns3:atemp>9.0</ns3:atemp>
          </ns3:TrackPointExtension>
        </extensions>
      </trkpt>
      <trkpt lat="31.945269210" lon="34.960624930">
        <ele>151.00</ele>
        <time>2016-12-16T06:32:13.000Z</time>
        <extensions>
          <ns3:TrackPointExtension>
            <ns3:atemp>9.0</ns3:atemp>
          </ns3:TrackPointExtension>
        </extensions>
      </trkpt>
      <trkpt lat="31.945310701" lon="34.960672539">
        <ele>151.80</ele>
        <time>2016-12-16T06:32:18.000Z</time>
        <extensions>
          <ns3:TrackPointExtension>
            <ns3:atemp>9.0</ns3:atemp>
          </ns3:TrackPointExtension>
        </extensions>
      </trkpt>
      <trkpt lat="31.945329644" lon="34.960725177">
        <ele>152.80</ele>
        <time>2016-12-16T06:32:22.000Z</time>
        <extensions>
          <ns3:TrackPointExtension>
            <ns3:atemp>9.0</ns3:atemp>
          </ns3:TrackPointExtension>
        </extensions>
      </trkpt>
      <trkpt lat="31.945337942" lon="34.960736241">
        <ele>153.20</ele>
        <time>2016-12-16T06:32:23.000Z</time>
        <extensions>
          <ns3:TrackPointExtension>
            <ns3:atemp>9.0</ns3:atemp>
          </ns3:TrackPointExtension>
        </extensions>
      </trkpt>
      <trkpt lat="31.945367195" lon="34.960783767">
        <ele>154.00</ele>
        <time>2016-12-16T06:32:27.000Z</time>
        <extensions>
          <ns3:TrackPointExtension>
            <ns3:atemp>9.0</ns3:atemp>
          </ns3:TrackPointExtension>
        </extensions>
      </trkpt>
      <trkpt lat="31.945376163" lon="34.960809499">
        <ele>154.20</ele>
        <time>2016-12-16T06:32:29.000Z</time>
        <extensions>
          <ns3:TrackPointExtension>
            <ns3:atemp>9.0</ns3:atemp>
          </ns3:TrackPointExtension>
        </extensions>
      </trkpt>
      <trkpt lat="31.945403572" lon="34.960870016">
        <ele>155.40</ele>
        <time>2016-12-16T06:32:34.000Z</time>
        <extensions>
          <ns3:TrackPointExtension>
            <ns3:atemp>9.0</ns3:atemp>
          </ns3:TrackPointExtension>
        </extensions>
      </trkpt>
      <trkpt lat="31.945417318" lon="34.960909411">
        <ele>156.60</ele>
        <time>2016-12-16T06:32:37.000Z</time>
        <extensions>
          <ns3:TrackPointExtension>
            <ns3:atemp>9.0</ns3:atemp>
          </ns3:TrackPointExtension>
        </extensions>
      </trkpt>
      <trkpt lat="31.945434585" lon="34.960948303">
        <ele>157.60</ele>
        <time>2016-12-16T06:32:40.000Z</time>
        <extensions>
          <ns3:TrackPointExtension>
            <ns3:atemp>9.0</ns3:atemp>
          </ns3:TrackPointExtension>
        </extensions>
      </trkpt>
      <trkpt lat="31.945450678" lon="34.960970934">
        <ele>158.00</ele>
        <time>2016-12-16T06:32:42.000Z</time>
        <extensions>
          <ns3:TrackPointExtension>
            <ns3:atemp>9.0</ns3:atemp>
          </ns3:TrackPointExtension>
        </extensions>
      </trkpt>
      <trkpt lat="31.945461407" lon="34.960997924">
        <ele>158.80</ele>
        <time>2016-12-16T06:32:44.000Z</time>
        <extensions>
          <ns3:TrackPointExtension>
            <ns3:atemp>9.0</ns3:atemp>
          </ns3:TrackPointExtension>
        </extensions>
      </trkpt>
      <trkpt lat="31.945489822" lon="34.961045450">
        <ele>159.80</ele>
        <time>2016-12-16T06:32:48.000Z</time>
        <extensions>
          <ns3:TrackPointExtension>
            <ns3:atemp>9.0</ns3:atemp>
          </ns3:TrackPointExtension>
        </extensions>
      </trkpt>
      <trkpt lat="31.945499629" lon="34.961056095">
        <ele>160.20</ele>
        <time>2016-12-16T06:32:49.000Z</time>
        <extensions>
          <ns3:TrackPointExtension>
            <ns3:atemp>9.0</ns3:atemp>
          </ns3:TrackPointExtension>
        </extensions>
      </trkpt>
      <trkpt lat="31.945529971" lon="34.961088113">
        <ele>161.00</ele>
        <time>2016-12-16T06:32:52.000Z</time>
        <extensions>
          <ns3:TrackPointExtension>
            <ns3:atemp>9.0</ns3:atemp>
          </ns3:TrackPointExtension>
        </extensions>
      </trkpt>
      <trkpt lat="31.945561906" lon="34.961142009">
        <ele>162.00</ele>
        <time>2016-12-16T06:32:56.000Z</time>
        <extensions>
          <ns3:TrackPointExtension>
            <ns3:atemp>9.0</ns3:atemp>
          </ns3:TrackPointExtension>
        </extensions>
      </trkpt>
      <trkpt lat="31.945570707" lon="34.961156510">
        <ele>162.40</ele>
        <time>2016-12-16T06:32:57.000Z</time>
        <extensions>
          <ns3:TrackPointExtension>
            <ns3:atemp>9.0</ns3:atemp>
          </ns3:TrackPointExtension>
        </extensions>
      </trkpt>
      <trkpt lat="31.945599625" lon="34.961223146">
        <ele>163.60</ele>
        <time>2016-12-16T06:33:01.000Z</time>
        <extensions>
          <ns3:TrackPointExtension>
            <ns3:atemp>9.0</ns3:atemp>
          </ns3:TrackPointExtension>
        </extensions>
      </trkpt>
      <trkpt lat="31.945619741" lon="34.961266145">
        <ele>164.20</ele>
        <time>2016-12-16T06:33:04.000Z</time>
        <extensions>
          <ns3:TrackPointExtension>
            <ns3:atemp>9.0</ns3:atemp>
          </ns3:TrackPointExtension>
        </extensions>
      </trkpt>
      <trkpt lat="31.945634494" lon="34.961295649">
        <ele>164.80</ele>
        <time>2016-12-16T06:33:06.000Z</time>
        <extensions>
          <ns3:TrackPointExtension>
            <ns3:atemp>9.0</ns3:atemp>
          </ns3:TrackPointExtension>
        </extensions>
      </trkpt>
      <trkpt lat="31.945656706" lon="34.961354742">
        <ele>165.60</ele>
        <time>2016-12-16T06:33:10.000Z</time>
        <extensions>
          <ns3:TrackPointExtension>
            <ns3:atemp>9.0</ns3:atemp>
          </ns3:TrackPointExtension>
        </extensions>
      </trkpt>
      <trkpt lat="31.945673972" lon="34.961400423">
        <ele>166.40</ele>
        <time>2016-12-16T06:33:13.000Z</time>
        <extensions>
          <ns3:TrackPointExtension>
            <ns3:atemp>9.0</ns3:atemp>
          </ns3:TrackPointExtension>
        </extensions>
      </trkpt>
      <trkpt lat="31.945698531" lon="34.961441997">
        <ele>167.00</ele>
        <time>2016-12-16T06:33:16.000Z</time>
        <extensions>
          <ns3:TrackPointExtension>
            <ns3:atemp>9.0</ns3:atemp>
          </ns3:TrackPointExtension>
        </extensions>
      </trkpt>
      <trkpt lat="31.945710434" lon="34.961451469">
        <ele>167.20</ele>
        <time>2016-12-16T06:33:17.000Z</time>
        <extensions>
          <ns3:TrackPointExtension>
            <ns3:atemp>9.0</ns3:atemp>
          </ns3:TrackPointExtension>
        </extensions>
      </trkpt>
      <trkpt lat="31.945750332" lon="34.961476363">
        <ele>168.00</ele>
        <time>2016-12-16T06:33:20.000Z</time>
        <extensions>
          <ns3:TrackPointExtension>
            <ns3:atemp>9.0</ns3:atemp>
          </ns3:TrackPointExtension>
        </extensions>
      </trkpt>
      <trkpt lat="31.945807664" lon="34.961531600">
        <ele>169.20</ele>
        <time>2016-12-16T06:33:25.000Z</time>
        <extensions>
          <ns3:TrackPointExtension>
            <ns3:atemp>9.0</ns3:atemp>
          </ns3:TrackPointExtension>
        </extensions>
      </trkpt>
      <trkpt lat="31.945848148" lon="34.961579461">
        <ele>170.00</ele>
        <time>2016-12-16T06:33:29.000Z</time>
        <extensions>
          <ns3:TrackPointExtension>
            <ns3:atemp>9.0</ns3:atemp>
          </ns3:TrackPointExtension>
        </extensions>
      </trkpt>
      <trkpt lat="31.945867008" lon="34.961604271">
        <ele>170.20</ele>
        <time>2016-12-16T06:33:31.000Z</time>
        <extensions>
          <ns3:TrackPointExtension>
            <ns3:atemp>9.0</ns3:atemp>
          </ns3:TrackPointExtension>
        </extensions>
      </trkpt>
      <trkpt lat="31.945899362" lon="34.961661939">
        <ele>171.20</ele>
        <time>2016-12-16T06:33:35.000Z</time>
        <extensions>
          <ns3:TrackPointExtension>
            <ns3:atemp>9.0</ns3:atemp>
          </ns3:TrackPointExtension>
        </extensions>
      </trkpt>
      <trkpt lat="31.945915455" lon="34.961694209">
        <ele>171.80</ele>
        <time>2016-12-16T06:33:37.000Z</time>
        <extensions>
          <ns3:TrackPointExtension>
            <ns3:atemp>9.0</ns3:atemp>
          </ns3:TrackPointExtension>
        </extensions>
      </trkpt>
      <trkpt lat="31.945934482" lon="34.961749613">
        <ele>172.40</ele>
        <time>2016-12-16T06:33:40.000Z</time>
        <extensions>
          <ns3:TrackPointExtension>
            <ns3:atemp>9.0</ns3:atemp>
          </ns3:TrackPointExtension>
        </extensions>
      </trkpt>
      <trkpt lat="31.945959292" lon="34.961815411">
        <ele>173.00</ele>
        <time>2016-12-16T06:33:44.000Z</time>
        <extensions>
          <ns3:TrackPointExtension>
            <ns3:atemp>9.0</ns3:atemp>
          </ns3:TrackPointExtension>
        </extensions>
      </trkpt>
      <trkpt lat="31.945980247" lon="34.961860171">
        <ele>173.40</ele>
        <time>2016-12-16T06:33:47.000Z</time>
        <extensions>
          <ns3:TrackPointExtension>
            <ns3:atemp>9.0</ns3:atemp>
          </ns3:TrackPointExtension>
        </extensions>
      </trkpt>
      <trkpt lat="31.946023917" lon="34.961977769">
        <ele>174.20</ele>
        <time>2016-12-16T06:33:54.000Z</time>
        <extensions>
          <ns3:TrackPointExtension>
            <ns3:atemp>9.0</ns3:atemp>
          </ns3:TrackPointExtension>
        </extensions>
      </trkpt>
      <trkpt lat="31.946030622" lon="34.961993191">
        <ele>174.40</ele>
        <time>2016-12-16T06:33:55.000Z</time>
        <extensions>
          <ns3:TrackPointExtension>
            <ns3:atemp>9.0</ns3:atemp>
          </ns3:TrackPointExtension>
        </extensions>
      </trkpt>
      <trkpt lat="31.946075968" lon="34.962129816">
        <ele>175.20</ele>
        <time>2016-12-16T06:34:03.000Z</time>
        <extensions>
          <ns3:TrackPointExtension>
            <ns3:atemp>9.0</ns3:atemp>
          </ns3:TrackPointExtension>
        </extensions>
      </trkpt>
      <trkpt lat="31.946083009" lon="34.962163595">
        <ele>175.40</ele>
        <time>2016-12-16T06:34:05.000Z</time>
        <extensions>
          <ns3:TrackPointExtension>
            <ns3:atemp>9.0</ns3:atemp>
          </ns3:TrackPointExtension>
        </extensions>
      </trkpt>
      <trkpt lat="31.946108574" lon="34.962265268">
        <ele>176.40</ele>
        <time>2016-12-16T06:34:11.000Z</time>
        <extensions>
          <ns3:TrackPointExtension>
            <ns3:atemp>9.0</ns3:atemp>
          </ns3:TrackPointExtension>
        </extensions>
      </trkpt>
      <trkpt lat="31.946113519" lon="34.962296197">
        <ele>176.40</ele>
        <time>2016-12-16T06:34:13.000Z</time>
        <extensions>
          <ns3:TrackPointExtension>
            <ns3:atemp>9.0</ns3:atemp>
          </ns3:TrackPointExtension>
        </extensions>
      </trkpt>
      <trkpt lat="31.946091894" lon="34.962358475">
        <ele>176.60</ele>
        <time>2016-12-16T06:34:17.000Z</time>
        <extensions>
          <ns3:TrackPointExtension>
            <ns3:atemp>9.0</ns3:atemp>
          </ns3:TrackPointExtension>
        </extensions>
      </trkpt>
      <trkpt lat="31.945988294" lon="34.962414717">
        <ele>176.80</ele>
        <time>2016-12-16T06:34:24.000Z</time>
        <extensions>
          <ns3:TrackPointExtension>
            <ns3:atemp>9.0</ns3:atemp>
          </ns3:TrackPointExtension>
        </extensions>
      </trkpt>
      <trkpt lat="31.945891064" lon="34.962438773">
        <ele>177.00</ele>
        <time>2016-12-16T06:34:30.000Z</time>
        <extensions>
          <ns3:TrackPointExtension>
            <ns3:atemp>9.0</ns3:atemp>
          </ns3:TrackPointExtension>
        </extensions>
      </trkpt>
      <trkpt lat="31.945722839" lon="34.962467523">
        <ele>177.00</ele>
        <time>2016-12-16T06:34:36.000Z</time>
        <extensions>
          <ns3:TrackPointExtension>
            <ns3:atemp>9.0</ns3:atemp>
          </ns3:TrackPointExtension>
        </extensions>
      </trkpt>
      <trkpt lat="31.945589902" lon="34.962492082">
        <ele>176.60</ele>
        <time>2016-12-16T06:34:42.000Z</time>
        <extensions>
          <ns3:TrackPointExtension>
            <ns3:atemp>9.0</ns3:atemp>
          </ns3:TrackPointExtension>
        </extensions>
      </trkpt>
      <trkpt lat="31.945548747" lon="34.962559557">
        <ele>175.40</ele>
        <time>2016-12-16T06:34:47.000Z</time>
        <extensions>
          <ns3:TrackPointExtension>
            <ns3:atemp>9.0</ns3:atemp>
          </ns3:TrackPointExtension>
        </extensions>
      </trkpt>
      <trkpt lat="31.945585711" lon="34.962569112">
        <ele>174.80</ele>
        <time>2016-12-16T06:34:52.000Z</time>
        <extensions>
          <ns3:TrackPointExtension>
            <ns3:atemp>9.0</ns3:atemp>
          </ns3:TrackPointExtension>
        </extensions>
      </trkpt>
      <trkpt lat="31.945556207" lon="34.962506164">
        <ele>174.60</ele>
        <time>2016-12-16T06:34:56.000Z</time>
        <extensions>
          <ns3:TrackPointExtension>
            <ns3:atemp>9.0</ns3:atemp>
          </ns3:TrackPointExtension>
        </extensions>
      </trkpt>
      <trkpt lat="31.945488900" lon="34.962501554">
        <ele>174.40</ele>
        <time>2016-12-16T06:34:59.000Z</time>
        <extensions>
          <ns3:TrackPointExtension>
            <ns3:atemp>9.0</ns3:atemp>
          </ns3:TrackPointExtension>
        </extensions>
      </trkpt>
      <trkpt lat="31.945434669" lon="34.962508176">
        <ele>174.40</ele>
        <time>2016-12-16T06:35:01.000Z</time>
        <extensions>
          <ns3:TrackPointExtension>
            <ns3:atemp>9.0</ns3:atemp>
          </ns3:TrackPointExtension>
        </extensions>
      </trkpt>
      <trkpt lat="31.945203496" lon="34.962534327">
        <ele>173.60</ele>
        <time>2016-12-16T06:35:09.000Z</time>
        <extensions>
          <ns3:TrackPointExtension>
            <ns3:atemp>9.0</ns3:atemp>
          </ns3:TrackPointExtension>
        </extensions>
      </trkpt>
      <trkpt lat="31.945189079" lon="34.962536087">
        <ele>173.20</ele>
        <time>2016-12-16T06:35:10.000Z</time>
        <extensions>
          <ns3:TrackPointExtension>
            <ns3:atemp>9.0</ns3:atemp>
          </ns3:TrackPointExtension>
        </extensions>
      </trkpt>
      <trkpt lat="31.945144236" lon="34.962531729">
        <ele>172.00</ele>
        <time>2016-12-16T06:35:14.000Z</time>
        <extensions>
          <ns3:TrackPointExtension>
            <ns3:atemp>8.0</ns3:atemp>
          </ns3:TrackPointExtension>
        </extensions>
      </trkpt>
      <trkpt lat="31.945142895" lon="34.962536925">
        <ele>170.60</ele>
        <time>2016-12-16T06:35:16.000Z</time>
        <extensions>
          <ns3:TrackPointExtension>
            <ns3:atemp>8.0</ns3:atemp>
          </ns3:TrackPointExtension>
        </extensions>
      </trkpt>
      <trkpt lat="31.945143146" lon="34.962536171">
        <ele>169.60</ele>
        <time>2016-12-16T06:35:19.000Z</time>
        <extensions>
          <ns3:TrackPointExtension>
            <ns3:atemp>8.0</ns3:atemp>
          </ns3:TrackPointExtension>
        </extensions>
      </trkpt>
      <trkpt lat="31.945142895" lon="34.962536171">
        <ele>169.20</ele>
        <time>2016-12-16T06:35:21.000Z</time>
        <extensions>
          <ns3:TrackPointExtension>
            <ns3:atemp>8.0</ns3:atemp>
          </ns3:TrackPointExtension>
        </extensions>
      </trkpt>
      <trkpt lat="31.945142895" lon="34.962535333">
        <ele>168.60</ele>
        <time>2016-12-16T06:35:27.000Z</time>
        <extensions>
          <ns3:TrackPointExtension>
            <ns3:atemp>8.0</ns3:atemp>
          </ns3:TrackPointExtension>
        </extensions>
      </trkpt>
      <trkpt lat="31.945143063" lon="34.962535752">
        <ele>168.40</ele>
        <time>2016-12-16T06:35:38.000Z</time>
        <extensions>
          <ns3:TrackPointExtension>
            <ns3:atemp>8.0</ns3:atemp>
          </ns3:TrackPointExtension>
        </extensions>
      </trkpt>
      <trkpt lat="31.945142811" lon="34.962536506">
        <ele>168.40</ele>
        <time>2016-12-16T06:36:00.000Z</time>
        <extensions>
          <ns3:TrackPointExtension>
            <ns3:atemp>8.0</ns3:atemp>
          </ns3:TrackPointExtension>
        </extensions>
      </trkpt>
      <trkpt lat="31.945107188" lon="34.962553103">
        <ele>168.40</ele>
        <time>2016-12-16T06:36:19.000Z</time>
        <extensions>
          <ns3:TrackPointExtension>
            <ns3:atemp>8.0</ns3:atemp>
          </ns3:TrackPointExtension>
        </extensions>
      </trkpt>
      <trkpt lat="31.944962181" lon="34.962605992">
        <ele>168.20</ele>
        <time>2016-12-16T06:36:24.000Z</time>
        <extensions>
          <ns3:TrackPointExtension>
            <ns3:atemp>8.0</ns3:atemp>
          </ns3:TrackPointExtension>
        </extensions>
      </trkpt>
      <trkpt lat="31.944856485" lon="34.962628540">
        <ele>167.60</ele>
        <time>2016-12-16T06:36:27.000Z</time>
        <extensions>
          <ns3:TrackPointExtension>
            <ns3:atemp>8.0</ns3:atemp>
          </ns3:TrackPointExtension>
        </extensions>
      </trkpt>
      <trkpt lat="31.944747604" lon="34.962662738">
        <ele>166.60</ele>
        <time>2016-12-16T06:36:30.000Z</time>
        <extensions>
          <ns3:TrackPointExtension>
            <ns3:atemp>8.0</ns3:atemp>
          </ns3:TrackPointExtension>
        </extensions>
      </trkpt>
      <trkpt lat="31.944670994" lon="34.962681010">
        <ele>165.60</ele>
        <time>2016-12-16T06:36:32.000Z</time>
        <extensions>
          <ns3:TrackPointExtension>
            <ns3:atemp>8.0</ns3:atemp>
          </ns3:TrackPointExtension>
        </extensions>
      </trkpt>
      <trkpt lat="31.944586504" lon="34.962709425">
        <ele>164.20</ele>
        <time>2016-12-16T06:36:34.000Z</time>
        <extensions>
          <ns3:TrackPointExtension>
            <ns3:atemp>8.0</ns3:atemp>
          </ns3:TrackPointExtension>
        </extensions>
      </trkpt>
      <trkpt lat="31.944541158" lon="34.962728620">
        <ele>163.80</ele>
        <time>2016-12-16T06:36:35.000Z</time>
        <extensions>
          <ns3:TrackPointExtension>
            <ns3:atemp>8.0</ns3:atemp>
          </ns3:TrackPointExtension>
        </extensions>
      </trkpt>
      <trkpt lat="31.944493549" lon="34.962750161">
        <ele>163.00</ele>
        <time>2016-12-16T06:36:36.000Z</time>
        <extensions>
          <ns3:TrackPointExtension>
            <ns3:atemp>8.0</ns3:atemp>
          </ns3:TrackPointExtension>
        </extensions>
      </trkpt>
      <trkpt lat="31.944398414" lon="34.962799698">
        <ele>161.20</ele>
        <time>2016-12-16T06:36:38.000Z</time>
        <extensions>
          <ns3:TrackPointExtension>
            <ns3:atemp>8.0</ns3:atemp>
          </ns3:TrackPointExtension>
        </extensions>
      </trkpt>
      <trkpt lat="31.944263885" lon="34.962876644">
        <ele>159.40</ele>
        <time>2016-12-16T06:36:41.000Z</time>
        <extensions>
          <ns3:TrackPointExtension>
            <ns3:atemp>8.0</ns3:atemp>
          </ns3:TrackPointExtension>
        </extensions>
      </trkpt>
      <trkpt lat="31.944218287" lon="34.962904472">
        <ele>158.80</ele>
        <time>2016-12-16T06:36:42.000Z</time>
        <extensions>
          <ns3:TrackPointExtension>
            <ns3:atemp>8.0</ns3:atemp>
          </ns3:TrackPointExtension>
        </extensions>
      </trkpt>
      <trkpt lat="31.944170510" lon="34.962929701">
        <ele>157.40</ele>
        <time>2016-12-16T06:36:43.000Z</time>
        <extensions>
          <ns3:TrackPointExtension>
            <ns3:atemp>8.0</ns3:atemp>
          </ns3:TrackPointExtension>
        </extensions>
      </trkpt>
      <trkpt lat="31.944076885" lon="34.962963313">
        <ele>155.40</ele>
        <time>2016-12-16T06:36:45.000Z</time>
        <extensions>
          <ns3:TrackPointExtension>
            <ns3:atemp>8.0</ns3:atemp>
          </ns3:TrackPointExtension>
        </extensions>
      </trkpt>
      <trkpt lat="31.943990467" lon="34.962993907">
        <ele>153.80</ele>
        <time>2016-12-16T06:36:47.000Z</time>
        <extensions>
          <ns3:TrackPointExtension>
            <ns3:atemp>8.0</ns3:atemp>
          </ns3:TrackPointExtension>
        </extensions>
      </trkpt>
      <trkpt lat="31.943880245" lon="34.963008491">
        <ele>152.00</ele>
        <time>2016-12-16T06:36:50.000Z</time>
        <extensions>
          <ns3:TrackPointExtension>
            <ns3:atemp>8.0</ns3:atemp>
          </ns3:TrackPointExtension>
        </extensions>
      </trkpt>
      <trkpt lat="31.943856860" lon="34.963005725">
        <ele>151.40</ele>
        <time>2016-12-16T06:36:51.000Z</time>
        <extensions>
          <ns3:TrackPointExtension>
            <ns3:atemp>8.0</ns3:atemp>
          </ns3:TrackPointExtension>
        </extensions>
      </trkpt>
      <trkpt lat="31.943838503" lon="34.962999942">
        <ele>150.80</ele>
        <time>2016-12-16T06:36:52.000Z</time>
        <extensions>
          <ns3:TrackPointExtension>
            <ns3:atemp>8.0</ns3:atemp>
          </ns3:TrackPointExtension>
        </extensions>
      </trkpt>
      <trkpt lat="31.943823583" lon="34.962994326">
        <ele>149.20</ele>
        <time>2016-12-16T06:36:54.000Z</time>
        <extensions>
          <ns3:TrackPointExtension>
            <ns3:atemp>8.0</ns3:atemp>
          </ns3:TrackPointExtension>
        </extensions>
      </trkpt>
      <trkpt lat="31.943823667" lon="34.962993991">
        <ele>148.60</ele>
        <time>2016-12-16T06:36:55.000Z</time>
        <extensions>
          <ns3:TrackPointExtension>
            <ns3:atemp>8.0</ns3:atemp>
          </ns3:TrackPointExtension>
        </extensions>
      </trkpt>
      <trkpt lat="31.943823667" lon="34.962993488">
        <ele>147.80</ele>
        <time>2016-12-16T06:36:56.000Z</time>
        <extensions>
          <ns3:TrackPointExtension>
            <ns3:atemp>8.0</ns3:atemp>
          </ns3:TrackPointExtension>
        </extensions>
      </trkpt>
      <trkpt lat="31.943824757" lon="34.962993488">
        <ele>146.40</ele>
        <time>2016-12-16T06:36:59.000Z</time>
        <extensions>
          <ns3:TrackPointExtension>
            <ns3:atemp>8.0</ns3:atemp>
          </ns3:TrackPointExtension>
        </extensions>
      </trkpt>
      <trkpt lat="31.943820566" lon="34.962995667">
        <ele>145.80</ele>
        <time>2016-12-16T06:37:10.000Z</time>
        <extensions>
          <ns3:TrackPointExtension>
            <ns3:atemp>8.0</ns3:atemp>
          </ns3:TrackPointExtension>
        </extensions>
      </trkpt>
      <trkpt lat="31.943789134" lon="34.962999020">
        <ele>145.60</ele>
        <time>2016-12-16T06:37:24.000Z</time>
        <extensions>
          <ns3:TrackPointExtension>
            <ns3:atemp>8.0</ns3:atemp>
          </ns3:TrackPointExtension>
        </extensions>
      </trkpt>
      <trkpt lat="31.943728114" lon="34.962993320">
        <ele>145.40</ele>
        <time>2016-12-16T06:37:30.000Z</time>
        <extensions>
          <ns3:TrackPointExtension>
            <ns3:atemp>8.0</ns3:atemp>
          </ns3:TrackPointExtension>
        </extensions>
      </trkpt>
      <trkpt lat="31.943694251" lon="34.962982675">
        <ele>145.00</ele>
        <time>2016-12-16T06:37:36.000Z</time>
        <extensions>
          <ns3:TrackPointExtension>
            <ns3:atemp>8.0</ns3:atemp>
          </ns3:TrackPointExtension>
        </extensions>
      </trkpt>
      <trkpt lat="31.943670195" lon="34.962982675">
        <ele>144.80</ele>
        <time>2016-12-16T06:37:42.000Z</time>
        <extensions>
          <ns3:TrackPointExtension>
            <ns3:atemp>8.0</ns3:atemp>
          </ns3:TrackPointExtension>
        </extensions>
      </trkpt>
      <trkpt lat="31.943675475" lon="34.962990051">
        <ele>144.60</ele>
        <time>2016-12-16T06:37:49.000Z</time>
        <extensions>
          <ns3:TrackPointExtension>
            <ns3:atemp>8.0</ns3:atemp>
          </ns3:TrackPointExtension>
        </extensions>
      </trkpt>
      <trkpt lat="31.943694754" lon="34.962999271">
        <ele>144.60</ele>
        <time>2016-12-16T06:37:51.000Z</time>
        <extensions>
          <ns3:TrackPointExtension>
            <ns3:atemp>8.0</ns3:atemp>
          </ns3:TrackPointExtension>
        </extensions>
      </trkpt>
      <trkpt lat="31.943707997" lon="34.963048138">
        <ele>144.60</ele>
        <time>2016-12-16T06:37:57.000Z</time>
        <extensions>
          <ns3:TrackPointExtension>
            <ns3:atemp>8.0</ns3:atemp>
          </ns3:TrackPointExtension>
        </extensions>
      </trkpt>
      <trkpt lat="31.943674972" lon="34.963100525">
        <ele>145.20</ele>
        <time>2016-12-16T06:38:03.000Z</time>
        <extensions>
          <ns3:TrackPointExtension>
            <ns3:atemp>8.0</ns3:atemp>
          </ns3:TrackPointExtension>
        </extensions>
      </trkpt>
      <trkpt lat="31.943613617" lon="34.963166071">
        <ele>145.80</ele>
        <time>2016-12-16T06:38:11.000Z</time>
        <extensions>
          <ns3:TrackPointExtension>
            <ns3:atemp>8.0</ns3:atemp>
          </ns3:TrackPointExtension>
        </extensions>
      </trkpt>
      <trkpt lat="31.943567516" lon="34.963203873">
        <ele>146.40</ele>
        <time>2016-12-16T06:38:19.000Z</time>
        <extensions>
          <ns3:TrackPointExtension>
            <ns3:atemp>8.0</ns3:atemp>
          </ns3:TrackPointExtension>
        </extensions>
      </trkpt>
      <trkpt lat="31.943561397" lon="34.963207394">
        <ele>146.60</ele>
        <time>2016-12-16T06:38:20.000Z</time>
        <extensions>
          <ns3:TrackPointExtension>
            <ns3:atemp>8.0</ns3:atemp>
          </ns3:TrackPointExtension>
        </extensions>
      </trkpt>
      <trkpt lat="31.943546059" lon="34.963219045">
        <ele>147.40</ele>
        <time>2016-12-16T06:38:27.000Z</time>
        <extensions>
          <ns3:TrackPointExtension>
            <ns3:atemp>8.0</ns3:atemp>
          </ns3:TrackPointExtension>
        </extensions>
      </trkpt>
      <trkpt lat="31.943537593" lon="34.963230360">
        <ele>147.60</ele>
        <time>2016-12-16T06:38:36.000Z</time>
        <extensions>
          <ns3:TrackPointExtension>
            <ns3:atemp>8.0</ns3:atemp>
          </ns3:TrackPointExtension>
        </extensions>
      </trkpt>
      <trkpt lat="31.943514040" lon="34.963224912">
        <ele>147.60</ele>
        <time>2016-12-16T06:38:39.000Z</time>
        <extensions>
          <ns3:TrackPointExtension>
            <ns3:atemp>8.0</ns3:atemp>
          </ns3:TrackPointExtension>
        </extensions>
      </trkpt>
      <trkpt lat="31.943486379" lon="34.963217033">
        <ele>147.60</ele>
        <time>2016-12-16T06:38:41.000Z</time>
        <extensions>
          <ns3:TrackPointExtension>
            <ns3:atemp>8.0</ns3:atemp>
          </ns3:TrackPointExtension>
        </extensions>
      </trkpt>
      <trkpt lat="31.943358053" lon="34.963143943">
        <ele>147.80</ele>
        <time>2016-12-16T06:38:49.000Z</time>
        <extensions>
          <ns3:TrackPointExtension>
            <ns3:atemp>8.0</ns3:atemp>
          </ns3:TrackPointExtension>
        </extensions>
      </trkpt>
      <trkpt lat="31.943234000" lon="34.963054005">
        <ele>148.40</ele>
        <time>2016-12-16T06:38:55.000Z</time>
        <extensions>
          <ns3:TrackPointExtension>
            <ns3:atemp>8.0</ns3:atemp>
          </ns3:TrackPointExtension>
        </extensions>
      </trkpt>
      <trkpt lat="31.943122856" lon="34.962871363">
        <ele>148.60</ele>
        <time>2016-12-16T06:39:01.000Z</time>
        <extensions>
          <ns3:TrackPointExtension>
            <ns3:atemp>8.0</ns3:atemp>
          </ns3:TrackPointExtension>
        </extensions>
      </trkpt>
      <trkpt lat="31.943010036" lon="34.962584870">
        <ele>148.40</ele>
        <time>2016-12-16T06:39:08.000Z</time>
        <extensions>
          <ns3:TrackPointExtension>
            <ns3:atemp>8.0</ns3:atemp>
          </ns3:TrackPointExtension>
        </extensions>
      </trkpt>
      <trkpt lat="31.942997547" lon="34.962241044">
        <ele>147.80</ele>
        <time>2016-12-16T06:39:14.000Z</time>
        <extensions>
          <ns3:TrackPointExtension>
            <ns3:atemp>8.0</ns3:atemp>
          </ns3:TrackPointExtension>
        </extensions>
      </trkpt>
      <trkpt lat="31.942996457" lon="34.962104252">
        <ele>147.80</ele>
        <time>2016-12-16T06:39:16.000Z</time>
        <extensions>
          <ns3:TrackPointExtension>
            <ns3:atemp>8.0</ns3:atemp>
          </ns3:TrackPointExtension>
        </extensions>
      </trkpt>
      <trkpt lat="31.942999894" lon="34.961984642">
        <ele>147.60</ele>
        <time>2016-12-16T06:39:18.000Z</time>
        <extensions>
          <ns3:TrackPointExtension>
            <ns3:atemp>8.0</ns3:atemp>
          </ns3:TrackPointExtension>
        </extensions>
      </trkpt>
      <trkpt lat="31.943058399" lon="34.961899566">
        <ele>146.40</ele>
        <time>2016-12-16T06:39:21.000Z</time>
        <extensions>
          <ns3:TrackPointExtension>
            <ns3:atemp>8.0</ns3:atemp>
          </ns3:TrackPointExtension>
        </extensions>
      </trkpt>
      <trkpt lat="31.943126041" lon="34.961873079">
        <ele>146.00</ele>
        <time>2016-12-16T06:39:23.000Z</time>
        <extensions>
          <ns3:TrackPointExtension>
            <ns3:atemp>8.0</ns3:atemp>
          </ns3:TrackPointExtension>
        </extensions>
      </trkpt>
      <trkpt lat="31.943204748" lon="34.961849861">
        <ele>145.20</ele>
        <time>2016-12-16T06:39:25.000Z</time>
        <extensions>
          <ns3:TrackPointExtension>
            <ns3:atemp>8.0</ns3:atemp>
          </ns3:TrackPointExtension>
        </extensions>
      </trkpt>
      <trkpt lat="31.943245651" lon="34.961830834">
        <ele>144.80</ele>
        <time>2016-12-16T06:39:26.000Z</time>
        <extensions>
          <ns3:TrackPointExtension>
            <ns3:atemp>8.0</ns3:atemp>
          </ns3:TrackPointExtension>
        </extensions>
      </trkpt>
      <trkpt lat="31.943326201" lon="34.961787080">
        <ele>144.40</ele>
        <time>2016-12-16T06:39:28.000Z</time>
        <extensions>
          <ns3:TrackPointExtension>
            <ns3:atemp>8.0</ns3:atemp>
          </ns3:TrackPointExtension>
        </extensions>
      </trkpt>
      <trkpt lat="31.943360986" lon="34.961759001">
        <ele>144.20</ele>
        <time>2016-12-16T06:39:29.000Z</time>
        <extensions>
          <ns3:TrackPointExtension>
            <ns3:atemp>8.0</ns3:atemp>
          </ns3:TrackPointExtension>
        </extensions>
      </trkpt>
      <trkpt lat="31.943412954" lon="34.961700831">
        <ele>143.80</ele>
        <time>2016-12-16T06:39:31.000Z</time>
        <extensions>
          <ns3:TrackPointExtension>
            <ns3:atemp>8.0</ns3:atemp>
          </ns3:TrackPointExtension>
        </extensions>
      </trkpt>
      <trkpt lat="31.943445643" lon="34.961614748">
        <ele>143.00</ele>
        <time>2016-12-16T06:39:33.000Z</time>
        <extensions>
          <ns3:TrackPointExtension>
            <ns3:atemp>8.0</ns3:atemp>
          </ns3:TrackPointExtension>
        </extensions>
      </trkpt>
      <trkpt lat="31.943467101" lon="34.961513495">
        <ele>141.80</ele>
        <time>2016-12-16T06:39:35.000Z</time>
        <extensions>
          <ns3:TrackPointExtension>
            <ns3:atemp>8.0</ns3:atemp>
          </ns3:TrackPointExtension>
        </extensions>
      </trkpt>
      <trkpt lat="31.943488559" lon="34.961393466">
        <ele>140.80</ele>
        <time>2016-12-16T06:39:37.000Z</time>
        <extensions>
          <ns3:TrackPointExtension>
            <ns3:atemp>8.0</ns3:atemp>
          </ns3:TrackPointExtension>
        </extensions>
      </trkpt>
      <trkpt lat="31.943494761" lon="34.961254075">
        <ele>140.20</ele>
        <time>2016-12-16T06:39:39.000Z</time>
        <extensions>
          <ns3:TrackPointExtension>
            <ns3:atemp>8.0</ns3:atemp>
          </ns3:TrackPointExtension>
        </extensions>
      </trkpt>
      <trkpt lat="31.943462491" lon="34.961110493">
        <ele>139.60</ele>
        <time>2016-12-16T06:39:41.000Z</time>
        <extensions>
          <ns3:TrackPointExtension>
            <ns3:atemp>8.0</ns3:atemp>
          </ns3:TrackPointExtension>
        </extensions>
      </trkpt>
      <trkpt lat="31.943419492" lon="34.960972024">
        <ele>139.00</ele>
        <time>2016-12-16T06:39:43.000Z</time>
        <extensions>
          <ns3:TrackPointExtension>
            <ns3:atemp>8.0</ns3:atemp>
          </ns3:TrackPointExtension>
        </extensions>
      </trkpt>
      <trkpt lat="31.943407673" lon="34.960901281">
        <ele>138.80</ele>
        <time>2016-12-16T06:39:44.000Z</time>
        <extensions>
          <ns3:TrackPointExtension>
            <ns3:atemp>8.0</ns3:atemp>
          </ns3:TrackPointExtension>
        </extensions>
      </trkpt>
      <trkpt lat="31.943413792" lon="34.960828861">
        <ele>138.40</ele>
        <time>2016-12-16T06:39:45.000Z</time>
        <extensions>
          <ns3:TrackPointExtension>
            <ns3:atemp>8.0</ns3:atemp>
          </ns3:TrackPointExtension>
        </extensions>
      </trkpt>
      <trkpt lat="31.943434998" lon="34.960761806">
        <ele>138.20</ele>
        <time>2016-12-16T06:39:46.000Z</time>
        <extensions>
          <ns3:TrackPointExtension>
            <ns3:atemp>8.0</ns3:atemp>
          </ns3:TrackPointExtension>
        </extensions>
      </trkpt>
      <trkpt lat="31.943509346" lon="34.960647896">
        <ele>137.20</ele>
        <time>2016-12-16T06:39:48.000Z</time>
        <extensions>
          <ns3:TrackPointExtension>
            <ns3:atemp>8.0</ns3:atemp>
          </ns3:TrackPointExtension>
        </extensions>
      </trkpt>
      <trkpt lat="31.943551842" lon="34.960594838">
        <ele>137.00</ele>
        <time>2016-12-16T06:39:49.000Z</time>
        <extensions>
          <ns3:TrackPointExtension>
            <ns3:atemp>8.0</ns3:atemp>
          </ns3:TrackPointExtension>
        </extensions>
      </trkpt>
      <trkpt lat="31.943588639" lon="34.960539602">
        <ele>136.60</ele>
        <time>2016-12-16T06:39:50.000Z</time>
        <extensions>
          <ns3:TrackPointExtension>
            <ns3:atemp>8.0</ns3:atemp>
          </ns3:TrackPointExtension>
        </extensions>
      </trkpt>
      <trkpt lat="31.943647061" lon="34.960430553">
        <ele>136.20</ele>
        <time>2016-12-16T06:39:52.000Z</time>
        <extensions>
          <ns3:TrackPointExtension>
            <ns3:atemp>8.0</ns3:atemp>
          </ns3:TrackPointExtension>
        </extensions>
      </trkpt>
      <trkpt lat="31.943687126" lon="34.960349500">
        <ele>135.80</ele>
        <time>2016-12-16T06:39:54.000Z</time>
        <extensions>
          <ns3:TrackPointExtension>
            <ns3:atemp>8.0</ns3:atemp>
          </ns3:TrackPointExtension>
        </extensions>
      </trkpt>
      <trkpt lat="31.943734568" lon="34.960238440">
        <ele>135.20</ele>
        <time>2016-12-16T06:39:57.000Z</time>
        <extensions>
          <ns3:TrackPointExtension>
            <ns3:atemp>8.0</ns3:atemp>
          </ns3:TrackPointExtension>
        </extensions>
      </trkpt>
      <trkpt lat="31.943753511" lon="34.960124027">
        <ele>134.00</ele>
        <time>2016-12-16T06:40:00.000Z</time>
        <extensions>
          <ns3:TrackPointExtension>
            <ns3:atemp>8.0</ns3:atemp>
          </ns3:TrackPointExtension>
        </extensions>
      </trkpt>
      <trkpt lat="31.943760300" lon="34.959998718">
        <ele>133.00</ele>
        <time>2016-12-16T06:40:03.000Z</time>
        <extensions>
          <ns3:TrackPointExtension>
            <ns3:atemp>8.0</ns3:atemp>
          </ns3:TrackPointExtension>
        </extensions>
      </trkpt>
      <trkpt lat="31.943734651" lon="34.959811214">
        <ele>132.00</ele>
        <time>2016-12-16T06:40:07.000Z</time>
        <extensions>
          <ns3:TrackPointExtension>
            <ns3:atemp>8.0</ns3:atemp>
          </ns3:TrackPointExtension>
        </extensions>
      </trkpt>
      <trkpt lat="31.943728197" lon="34.959762767">
        <ele>132.00</ele>
        <time>2016-12-16T06:40:08.000Z</time>
        <extensions>
          <ns3:TrackPointExtension>
            <ns3:atemp>8.0</ns3:atemp>
          </ns3:TrackPointExtension>
        </extensions>
      </trkpt>
      <trkpt lat="31.943751751" lon="34.959620358">
        <ele>131.40</ele>
        <time>2016-12-16T06:40:12.000Z</time>
        <extensions>
          <ns3:TrackPointExtension>
            <ns3:atemp>8.0</ns3:atemp>
          </ns3:TrackPointExtension>
        </extensions>
      </trkpt>
      <trkpt lat="31.943779411" lon="34.959601918">
        <ele>131.20</ele>
        <time>2016-12-16T06:40:13.000Z</time>
        <extensions>
          <ns3:TrackPointExtension>
            <ns3:atemp>8.0</ns3:atemp>
          </ns3:TrackPointExtension>
        </extensions>
      </trkpt>
      <trkpt lat="31.943811681" lon="34.959592111">
        <ele>131.00</ele>
        <time>2016-12-16T06:40:14.000Z</time>
        <extensions>
          <ns3:TrackPointExtension>
            <ns3:atemp>8.0</ns3:atemp>
          </ns3:TrackPointExtension>
        </extensions>
      </trkpt>
      <trkpt lat="31.943842527" lon="34.959590854">
        <ele>130.80</ele>
        <time>2016-12-16T06:40:15.000Z</time>
        <extensions>
          <ns3:TrackPointExtension>
            <ns3:atemp>8.0</ns3:atemp>
          </ns3:TrackPointExtension>
        </extensions>
      </trkpt>
      <trkpt lat="31.943908911" lon="34.959597727">
        <ele>130.20</ele>
        <time>2016-12-16T06:40:18.000Z</time>
        <extensions>
          <ns3:TrackPointExtension>
            <ns3:atemp>8.0</ns3:atemp>
          </ns3:TrackPointExtension>
        </extensions>
      </trkpt>
      <trkpt lat="31.943930620" lon="34.959599487">
        <ele>130.20</ele>
        <time>2016-12-16T06:40:19.000Z</time>
        <extensions>
          <ns3:TrackPointExtension>
            <ns3:atemp>8.0</ns3:atemp>
          </ns3:TrackPointExtension>
        </extensions>
      </trkpt>
      <trkpt lat="31.944067078" lon="34.959622538">
        <ele>130.00</ele>
        <time>2016-12-16T06:40:25.000Z</time>
        <extensions>
          <ns3:TrackPointExtension>
            <ns3:atemp>8.0</ns3:atemp>
          </ns3:TrackPointExtension>
        </extensions>
      </trkpt>
      <trkpt lat="31.944271345" lon="34.959636787">
        <ele>130.60</ele>
        <time>2016-12-16T06:40:33.000Z</time>
        <extensions>
          <ns3:TrackPointExtension>
            <ns3:atemp>8.0</ns3:atemp>
          </ns3:TrackPointExtension>
        </extensions>
      </trkpt>
      <trkpt lat="31.944403443" lon="34.959643828">
        <ele>131.40</ele>
        <time>2016-12-16T06:40:39.000Z</time>
        <extensions>
          <ns3:TrackPointExtension>
            <ns3:atemp>8.0</ns3:atemp>
          </ns3:TrackPointExtension>
        </extensions>
      </trkpt>
      <trkpt lat="31.944504865" lon="34.959623544">
        <ele>132.00</ele>
        <time>2016-12-16T06:40:44.000Z</time>
        <extensions>
          <ns3:TrackPointExtension>
            <ns3:atemp>8.0</ns3:atemp>
          </ns3:TrackPointExtension>
        </extensions>
      </trkpt>
      <trkpt lat="31.944524143" lon="34.959619353">
        <ele>132.20</ele>
        <time>2016-12-16T06:40:45.000Z</time>
        <extensions>
          <ns3:TrackPointExtension>
            <ns3:atemp>8.0</ns3:atemp>
          </ns3:TrackPointExtension>
        </extensions>
      </trkpt>
      <trkpt lat="31.944649536" lon="34.959596638">
        <ele>133.00</ele>
        <time>2016-12-16T06:40:51.000Z</time>
        <extensions>
          <ns3:TrackPointExtension>
            <ns3:atemp>8.0</ns3:atemp>
          </ns3:TrackPointExtension>
        </extensions>
      </trkpt>
      <trkpt lat="31.944669569" lon="34.959593033">
        <ele>133.20</ele>
        <time>2016-12-16T06:40:52.000Z</time>
        <extensions>
          <ns3:TrackPointExtension>
            <ns3:atemp>8.0</ns3:atemp>
          </ns3:TrackPointExtension>
        </extensions>
      </trkpt>
      <trkpt lat="31.944805440" lon="34.959618179">
        <ele>133.80</ele>
        <time>2016-12-16T06:41:00.000Z</time>
        <extensions>
          <ns3:TrackPointExtension>
            <ns3:atemp>8.0</ns3:atemp>
          </ns3:TrackPointExtension>
        </extensions>
      </trkpt>
      <trkpt lat="31.944827149" lon="34.959637458">
        <ele>134.20</ele>
        <time>2016-12-16T06:41:02.000Z</time>
        <extensions>
          <ns3:TrackPointExtension>
            <ns3:atemp>8.0</ns3:atemp>
          </ns3:TrackPointExtension>
        </extensions>
      </trkpt>
      <trkpt lat="31.944839219" lon="34.959684731">
        <ele>134.60</ele>
        <time>2016-12-16T06:41:06.000Z</time>
        <extensions>
          <ns3:TrackPointExtension>
            <ns3:atemp>8.0</ns3:atemp>
          </ns3:TrackPointExtension>
        </extensions>
      </trkpt>
      <trkpt lat="31.944868052" lon="34.959740220">
        <ele>135.20</ele>
        <time>2016-12-16T06:41:11.000Z</time>
        <extensions>
          <ns3:TrackPointExtension>
            <ns3:atemp>8.0</ns3:atemp>
          </ns3:TrackPointExtension>
        </extensions>
      </trkpt>
      <trkpt lat="31.944892108" lon="34.959774083">
        <ele>135.60</ele>
        <time>2016-12-16T06:41:14.000Z</time>
        <extensions>
          <ns3:TrackPointExtension>
            <ns3:atemp>8.0</ns3:atemp>
          </ns3:TrackPointExtension>
        </extensions>
      </trkpt>
      <trkpt lat="31.944908034" lon="34.959834684">
        <ele>136.40</ele>
        <time>2016-12-16T06:41:18.000Z</time>
        <extensions>
          <ns3:TrackPointExtension>
            <ns3:atemp>8.0</ns3:atemp>
          </ns3:TrackPointExtension>
        </extensions>
      </trkpt>
      <trkpt lat="31.944933850" lon="34.959875755">
        <ele>137.20</ele>
        <time>2016-12-16T06:41:21.000Z</time>
        <extensions>
          <ns3:TrackPointExtension>
            <ns3:atemp>8.0</ns3:atemp>
          </ns3:TrackPointExtension>
        </extensions>
      </trkpt>
      <trkpt lat="31.944945334" lon="34.959887993">
        <ele>137.40</ele>
        <time>2016-12-16T06:41:22.000Z</time>
        <extensions>
          <ns3:TrackPointExtension>
            <ns3:atemp>8.0</ns3:atemp>
          </ns3:TrackPointExtension>
        </extensions>
      </trkpt>
      <trkpt lat="31.944979113" lon="34.959958065">
        <ele>138.60</ele>
        <time>2016-12-16T06:41:27.000Z</time>
        <extensions>
          <ns3:TrackPointExtension>
            <ns3:atemp>8.0</ns3:atemp>
          </ns3:TrackPointExtension>
        </extensions>
      </trkpt>
      <trkpt lat="31.944993194" lon="34.960016487">
        <ele>139.60</ele>
        <time>2016-12-16T06:41:31.000Z</time>
        <extensions>
          <ns3:TrackPointExtension>
            <ns3:atemp>8.0</ns3:atemp>
          </ns3:TrackPointExtension>
        </extensions>
      </trkpt>
      <trkpt lat="31.945008198" lon="34.960068623">
        <ele>140.40</ele>
        <time>2016-12-16T06:41:35.000Z</time>
        <extensions>
          <ns3:TrackPointExtension>
            <ns3:atemp>8.0</ns3:atemp>
          </ns3:TrackPointExtension>
        </extensions>
      </trkpt>
      <trkpt lat="31.945013814" lon="34.960081782">
        <ele>140.80</ele>
        <time>2016-12-16T06:41:36.000Z</time>
        <extensions>
          <ns3:TrackPointExtension>
            <ns3:atemp>8.0</ns3:atemp>
          </ns3:TrackPointExtension>
        </extensions>
      </trkpt>
      <trkpt lat="31.945038205" lon="34.960134253">
        <ele>141.80</ele>
        <time>2016-12-16T06:41:40.000Z</time>
        <extensions>
          <ns3:TrackPointExtension>
            <ns3:atemp>8.0</ns3:atemp>
          </ns3:TrackPointExtension>
        </extensions>
      </trkpt>
      <trkpt lat="31.945063686" lon="34.960183874">
        <ele>142.80</ele>
        <time>2016-12-16T06:41:44.000Z</time>
        <extensions>
          <ns3:TrackPointExtension>
            <ns3:atemp>8.0</ns3:atemp>
          </ns3:TrackPointExtension>
        </extensions>
      </trkpt>
      <trkpt lat="31.945071900" lon="34.960195692">
        <ele>143.20</ele>
        <time>2016-12-16T06:41:45.000Z</time>
        <extensions>
          <ns3:TrackPointExtension>
            <ns3:atemp>8.0</ns3:atemp>
          </ns3:TrackPointExtension>
        </extensions>
      </trkpt>
      <trkpt lat="31.945100985" lon="34.960262915">
        <ele>144.00</ele>
        <time>2016-12-16T06:41:50.000Z</time>
        <extensions>
          <ns3:TrackPointExtension>
            <ns3:atemp>8.0</ns3:atemp>
          </ns3:TrackPointExtension>
        </extensions>
      </trkpt>
      <trkpt lat="31.945124874" lon="34.960317397">
        <ele>144.80</ele>
        <time>2016-12-16T06:41:54.000Z</time>
        <extensions>
          <ns3:TrackPointExtension>
            <ns3:atemp>8.0</ns3:atemp>
          </ns3:TrackPointExtension>
        </extensions>
      </trkpt>
      <trkpt lat="31.945134848" lon="34.960347740">
        <ele>145.20</ele>
        <time>2016-12-16T06:41:56.000Z</time>
        <extensions>
          <ns3:TrackPointExtension>
            <ns3:atemp>8.0</ns3:atemp>
          </ns3:TrackPointExtension>
        </extensions>
      </trkpt>
      <trkpt lat="31.945158485" lon="34.960408509">
        <ele>146.40</ele>
        <time>2016-12-16T06:42:00.000Z</time>
        <extensions>
          <ns3:TrackPointExtension>
            <ns3:atemp>8.0</ns3:atemp>
          </ns3:TrackPointExtension>
        </extensions>
      </trkpt>
      <trkpt lat="31.945178518" lon="34.960450083">
        <ele>147.20</ele>
        <time>2016-12-16T06:42:03.000Z</time>
        <extensions>
          <ns3:TrackPointExtension>
            <ns3:atemp>8.0</ns3:atemp>
          </ns3:TrackPointExtension>
        </extensions>
      </trkpt>
      <trkpt lat="31.945185643" lon="34.960463829">
        <ele>147.40</ele>
        <time>2016-12-16T06:42:04.000Z</time>
        <extensions>
          <ns3:TrackPointExtension>
            <ns3:atemp>8.0</ns3:atemp>
          </ns3:TrackPointExtension>
        </extensions>
      </trkpt>
      <trkpt lat="31.945219254" lon="34.960514959">
        <ele>148.60</ele>
        <time>2016-12-16T06:42:08.000Z</time>
        <extensions>
          <ns3:TrackPointExtension>
            <ns3:atemp>8.0</ns3:atemp>
          </ns3:TrackPointExtension>
        </extensions>
      </trkpt>
      <trkpt lat="31.945253201" lon="34.960568268">
        <ele>149.40</ele>
        <time>2016-12-16T06:42:12.000Z</time>
        <extensions>
          <ns3:TrackPointExtension>
            <ns3:atemp>8.0</ns3:atemp>
          </ns3:TrackPointExtension>
        </extensions>
      </trkpt>
      <trkpt lat="31.945268121" lon="34.960597437">
        <ele>149.60</ele>
        <time>2016-12-16T06:42:14.000Z</time>
        <extensions>
          <ns3:TrackPointExtension>
            <ns3:atemp>8.0</ns3:atemp>
          </ns3:TrackPointExtension>
        </extensions>
      </trkpt>
      <trkpt lat="31.945320675" lon="34.960687291">
        <ele>150.80</ele>
        <time>2016-12-16T06:42:21.000Z</time>
        <extensions>
          <ns3:TrackPointExtension>
            <ns3:atemp>8.0</ns3:atemp>
          </ns3:TrackPointExtension>
        </extensions>
      </trkpt>
      <trkpt lat="31.945350347" lon="34.960748898">
        <ele>151.80</ele>
        <time>2016-12-16T06:42:26.000Z</time>
        <extensions>
          <ns3:TrackPointExtension>
            <ns3:atemp>8.0</ns3:atemp>
          </ns3:TrackPointExtension>
        </extensions>
      </trkpt>
      <trkpt lat="31.945361663" lon="34.960776139">
        <ele>152.20</ele>
        <time>2016-12-16T06:42:28.000Z</time>
        <extensions>
          <ns3:TrackPointExtension>
            <ns3:atemp>8.0</ns3:atemp>
          </ns3:TrackPointExtension>
        </extensions>
      </trkpt>
      <trkpt lat="31.945380187" lon="34.960814025">
        <ele>152.80</ele>
        <time>2016-12-16T06:42:31.000Z</time>
        <extensions>
          <ns3:TrackPointExtension>
            <ns3:atemp>8.0</ns3:atemp>
          </ns3:TrackPointExtension>
        </extensions>
      </trkpt>
      <trkpt lat="31.945403405" lon="34.960874626">
        <ele>154.00</ele>
        <time>2016-12-16T06:42:36.000Z</time>
        <extensions>
          <ns3:TrackPointExtension>
            <ns3:atemp>8.0</ns3:atemp>
          </ns3:TrackPointExtension>
        </extensions>
      </trkpt>
      <trkpt lat="31.945413882" lon="34.960897509">
        <ele>154.40</ele>
        <time>2016-12-16T06:42:38.000Z</time>
        <extensions>
          <ns3:TrackPointExtension>
            <ns3:atemp>8.0</ns3:atemp>
          </ns3:TrackPointExtension>
        </extensions>
      </trkpt>
      <trkpt lat="31.945417989" lon="34.960925337">
        <ele>155.20</ele>
        <time>2016-12-16T06:42:40.000Z</time>
        <extensions>
          <ns3:TrackPointExtension>
            <ns3:atemp>8.0</ns3:atemp>
          </ns3:TrackPointExtension>
        </extensions>
      </trkpt>
      <trkpt lat="31.945437016" lon="34.960960373">
        <ele>156.20</ele>
        <time>2016-12-16T06:42:43.000Z</time>
        <extensions>
          <ns3:TrackPointExtension>
            <ns3:atemp>8.0</ns3:atemp>
          </ns3:TrackPointExtension>
        </extensions>
      </trkpt>
      <trkpt lat="31.945466772" lon="34.961003205">
        <ele>157.80</ele>
        <time>2016-12-16T06:42:47.000Z</time>
        <extensions>
          <ns3:TrackPointExtension>
            <ns3:atemp>8.0</ns3:atemp>
          </ns3:TrackPointExtension>
        </extensions>
      </trkpt>
      <trkpt lat="31.945496276" lon="34.961050563">
        <ele>159.00</ele>
        <time>2016-12-16T06:42:51.000Z</time>
        <extensions>
          <ns3:TrackPointExtension>
            <ns3:atemp>8.0</ns3:atemp>
          </ns3:TrackPointExtension>
        </extensions>
      </trkpt>
      <trkpt lat="31.945500216" lon="34.961066069">
        <ele>159.40</ele>
        <time>2016-12-16T06:42:52.000Z</time>
        <extensions>
          <ns3:TrackPointExtension>
            <ns3:atemp>8.0</ns3:atemp>
          </ns3:TrackPointExtension>
        </extensions>
      </trkpt>
      <trkpt lat="31.945505748" lon="34.961080402">
        <ele>159.60</ele>
        <time>2016-12-16T06:42:53.000Z</time>
        <extensions>
          <ns3:TrackPointExtension>
            <ns3:atemp>8.0</ns3:atemp>
          </ns3:TrackPointExtension>
        </extensions>
      </trkpt>
      <trkpt lat="31.945521506" lon="34.961099681">
        <ele>160.20</ele>
        <time>2016-12-16T06:42:55.000Z</time>
        <extensions>
          <ns3:TrackPointExtension>
            <ns3:atemp>8.0</ns3:atemp>
          </ns3:TrackPointExtension>
        </extensions>
      </trkpt>
      <trkpt lat="31.945546735" lon="34.961128514">
        <ele>161.00</ele>
        <time>2016-12-16T06:42:58.000Z</time>
        <extensions>
          <ns3:TrackPointExtension>
            <ns3:atemp>8.0</ns3:atemp>
          </ns3:TrackPointExtension>
        </extensions>
      </trkpt>
      <trkpt lat="31.945558721" lon="34.961152235">
        <ele>161.40</ele>
        <time>2016-12-16T06:43:00.000Z</time>
        <extensions>
          <ns3:TrackPointExtension>
            <ns3:atemp>8.0</ns3:atemp>
          </ns3:TrackPointExtension>
        </extensions>
      </trkpt>
      <trkpt lat="31.945590572" lon="34.961225241">
        <ele>162.60</ele>
        <time>2016-12-16T06:43:06.000Z</time>
        <extensions>
          <ns3:TrackPointExtension>
            <ns3:atemp>8.0</ns3:atemp>
          </ns3:TrackPointExtension>
        </extensions>
      </trkpt>
      <trkpt lat="31.945596440" lon="34.961237647">
        <ele>162.80</ele>
        <time>2016-12-16T06:43:07.000Z</time>
        <extensions>
          <ns3:TrackPointExtension>
            <ns3:atemp>8.0</ns3:atemp>
          </ns3:TrackPointExtension>
        </extensions>
      </trkpt>
      <trkpt lat="31.945620412" lon="34.961281987">
        <ele>163.80</ele>
        <time>2016-12-16T06:43:11.000Z</time>
        <extensions>
          <ns3:TrackPointExtension>
            <ns3:atemp>8.0</ns3:atemp>
          </ns3:TrackPointExtension>
        </extensions>
      </trkpt>
      <trkpt lat="31.945641031" lon="34.961347701">
        <ele>164.80</ele>
        <time>2016-12-16T06:43:16.000Z</time>
        <extensions>
          <ns3:TrackPointExtension>
            <ns3:atemp>8.0</ns3:atemp>
          </ns3:TrackPointExtension>
        </extensions>
      </trkpt>
      <trkpt lat="31.945647234" lon="34.961360190">
        <ele>165.00</ele>
        <time>2016-12-16T06:43:17.000Z</time>
        <extensions>
          <ns3:TrackPointExtension>
            <ns3:atemp>8.0</ns3:atemp>
          </ns3:TrackPointExtension>
        </extensions>
      </trkpt>
      <trkpt lat="31.945674727" lon="34.961411487">
        <ele>166.00</ele>
        <time>2016-12-16T06:43:21.000Z</time>
        <extensions>
          <ns3:TrackPointExtension>
            <ns3:atemp>8.0</ns3:atemp>
          </ns3:TrackPointExtension>
        </extensions>
      </trkpt>
      <trkpt lat="31.945707584" lon="34.961435376">
        <ele>166.60</ele>
        <time>2016-12-16T06:43:24.000Z</time>
        <extensions>
          <ns3:TrackPointExtension>
            <ns3:atemp>8.0</ns3:atemp>
          </ns3:TrackPointExtension>
        </extensions>
      </trkpt>
      <trkpt lat="31.945728119" lon="34.961451637">
        <ele>167.00</ele>
        <time>2016-12-16T06:43:26.000Z</time>
        <extensions>
          <ns3:TrackPointExtension>
            <ns3:atemp>8.0</ns3:atemp>
          </ns3:TrackPointExtension>
        </extensions>
      </trkpt>
      <trkpt lat="31.945788637" lon="34.961505448">
        <ele>168.00</ele>
        <time>2016-12-16T06:43:32.000Z</time>
        <extensions>
          <ns3:TrackPointExtension>
            <ns3:atemp>8.0</ns3:atemp>
          </ns3:TrackPointExtension>
        </extensions>
      </trkpt>
      <trkpt lat="31.945862314" lon="34.961591195">
        <ele>169.40</ele>
        <time>2016-12-16T06:43:40.000Z</time>
        <extensions>
          <ns3:TrackPointExtension>
            <ns3:atemp>8.0</ns3:atemp>
          </ns3:TrackPointExtension>
        </extensions>
      </trkpt>
      <trkpt lat="31.945913946" lon="34.961688006">
        <ele>170.60</ele>
        <time>2016-12-16T06:43:47.000Z</time>
        <extensions>
          <ns3:TrackPointExtension>
            <ns3:atemp>8.0</ns3:atemp>
          </ns3:TrackPointExtension>
        </extensions>
      </trkpt>
      <trkpt lat="31.945934566" lon="34.961746093">
        <ele>171.00</ele>
        <time>2016-12-16T06:43:50.000Z</time>
        <extensions>
          <ns3:TrackPointExtension>
            <ns3:atemp>8.0</ns3:atemp>
          </ns3:TrackPointExtension>
        </extensions>
      </trkpt>
      <trkpt lat="31.945956945" lon="34.961816082">
        <ele>171.60</ele>
        <time>2016-12-16T06:43:53.000Z</time>
        <extensions>
          <ns3:TrackPointExtension>
            <ns3:atemp>8.0</ns3:atemp>
          </ns3:TrackPointExtension>
        </extensions>
      </trkpt>
      <trkpt lat="31.945983348" lon="34.961894788">
        <ele>172.20</ele>
        <time>2016-12-16T06:43:57.000Z</time>
        <extensions>
          <ns3:TrackPointExtension>
            <ns3:atemp>8.0</ns3:atemp>
          </ns3:TrackPointExtension>
        </extensions>
      </trkpt>
      <trkpt lat="31.946002292" lon="34.961933009">
        <ele>172.60</ele>
        <time>2016-12-16T06:43:59.000Z</time>
        <extensions>
          <ns3:TrackPointExtension>
            <ns3:atemp>8.0</ns3:atemp>
          </ns3:TrackPointExtension>
        </extensions>
      </trkpt>
      <trkpt lat="31.946042106" lon="34.962031497">
        <ele>173.40</ele>
        <time>2016-12-16T06:44:04.000Z</time>
        <extensions>
          <ns3:TrackPointExtension>
            <ns3:atemp>8.0</ns3:atemp>
          </ns3:TrackPointExtension>
        </extensions>
      </trkpt>
      <trkpt lat="31.946060210" lon="34.962073993">
        <ele>173.80</ele>
        <time>2016-12-16T06:44:06.000Z</time>
        <extensions>
          <ns3:TrackPointExtension>
            <ns3:atemp>8.0</ns3:atemp>
          </ns3:TrackPointExtension>
        </extensions>
      </trkpt>
      <trkpt lat="31.946101701" lon="34.962261496">
        <ele>174.60</ele>
        <time>2016-12-16T06:44:14.000Z</time>
        <extensions>
          <ns3:TrackPointExtension>
            <ns3:atemp>8.0</ns3:atemp>
          </ns3:TrackPointExtension>
        </extensions>
      </trkpt>
      <trkpt lat="31.946111675" lon="34.962314889">
        <ele>175.00</ele>
        <time>2016-12-16T06:44:16.000Z</time>
        <extensions>
          <ns3:TrackPointExtension>
            <ns3:atemp>8.0</ns3:atemp>
          </ns3:TrackPointExtension>
        </extensions>
      </trkpt>
      <trkpt lat="31.946125003" lon="34.962474396">
        <ele>175.60</ele>
        <time>2016-12-16T06:44:22.000Z</time>
        <extensions>
          <ns3:TrackPointExtension>
            <ns3:atemp>8.0</ns3:atemp>
          </ns3:TrackPointExtension>
        </extensions>
      </trkpt>
      <trkpt lat="31.946132211" lon="34.962723339">
        <ele>176.00</ele>
        <time>2016-12-16T06:44:31.000Z</time>
        <extensions>
          <ns3:TrackPointExtension>
            <ns3:atemp>8.0</ns3:atemp>
          </ns3:TrackPointExtension>
        </extensions>
      </trkpt>
      <trkpt lat="31.946142856" lon="34.962993069">
        <ele>175.60</ele>
        <time>2016-12-16T06:44:39.000Z</time>
        <extensions>
          <ns3:TrackPointExtension>
            <ns3:atemp>8.0</ns3:atemp>
          </ns3:TrackPointExtension>
        </extensions>
      </trkpt>
      <trkpt lat="31.946146628" lon="34.963295823">
        <ele>175.20</ele>
        <time>2016-12-16T06:44:46.000Z</time>
        <extensions>
          <ns3:TrackPointExtension>
            <ns3:atemp>8.0</ns3:atemp>
          </ns3:TrackPointExtension>
        </extensions>
      </trkpt>
      <trkpt lat="31.946123410" lon="34.963613413">
        <ele>175.00</ele>
        <time>2016-12-16T06:44:51.000Z</time>
        <extensions>
          <ns3:TrackPointExtension>
            <ns3:atemp>8.0</ns3:atemp>
          </ns3:TrackPointExtension>
        </extensions>
      </trkpt>
      <trkpt lat="31.946118213" lon="34.964060336">
        <ele>173.80</ele>
        <time>2016-12-16T06:44:57.000Z</time>
        <extensions>
          <ns3:TrackPointExtension>
            <ns3:atemp>8.0</ns3:atemp>
          </ns3:TrackPointExtension>
        </extensions>
      </trkpt>
      <trkpt lat="31.946116202" lon="34.964142228">
        <ele>173.20</ele>
        <time>2016-12-16T06:44:58.000Z</time>
        <extensions>
          <ns3:TrackPointExtension>
            <ns3:atemp>8.0</ns3:atemp>
          </ns3:TrackPointExtension>
        </extensions>
      </trkpt>
      <trkpt lat="31.946106562" lon="34.964314057">
        <ele>172.40</ele>
        <time>2016-12-16T06:45:00.000Z</time>
        <extensions>
          <ns3:TrackPointExtension>
            <ns3:atemp>8.0</ns3:atemp>
          </ns3:TrackPointExtension>
        </extensions>
      </trkpt>
      <trkpt lat="31.946096336" lon="34.964686213">
        <ele>171.40</ele>
        <time>2016-12-16T06:45:04.000Z</time>
        <extensions>
          <ns3:TrackPointExtension>
            <ns3:atemp>8.0</ns3:atemp>
          </ns3:TrackPointExtension>
        </extensions>
      </trkpt>
      <trkpt lat="31.946092229" lon="34.964959212">
        <ele>169.80</ele>
        <time>2016-12-16T06:45:07.000Z</time>
        <extensions>
          <ns3:TrackPointExtension>
            <ns3:atemp>8.0</ns3:atemp>
          </ns3:TrackPointExtension>
        </extensions>
      </trkpt>
      <trkpt lat="31.946090637" lon="34.965104889">
        <ele>169.20</ele>
        <time>2016-12-16T06:45:09.000Z</time>
        <extensions>
          <ns3:TrackPointExtension>
            <ns3:atemp>8.0</ns3:atemp>
          </ns3:TrackPointExtension>
        </extensions>
      </trkpt>
      <trkpt lat="31.946086697" lon="34.965220224">
        <ele>168.60</ele>
        <time>2016-12-16T06:45:11.000Z</time>
        <extensions>
          <ns3:TrackPointExtension>
            <ns3:atemp>8.0</ns3:atemp>
          </ns3:TrackPointExtension>
        </extensions>
      </trkpt>
      <trkpt lat="31.946084099" lon="34.965318628">
        <ele>167.60</ele>
        <time>2016-12-16T06:45:13.000Z</time>
        <extensions>
          <ns3:TrackPointExtension>
            <ns3:atemp>8.0</ns3:atemp>
          </ns3:TrackPointExtension>
        </extensions>
      </trkpt>
      <trkpt lat="31.946076304" lon="34.965363136">
        <ele>166.80</ele>
        <time>2016-12-16T06:45:14.000Z</time>
        <extensions>
          <ns3:TrackPointExtension>
            <ns3:atemp>8.0</ns3:atemp>
          </ns3:TrackPointExtension>
        </extensions>
      </trkpt>
      <trkpt lat="31.946061552" lon="34.965403201">
        <ele>166.40</ele>
        <time>2016-12-16T06:45:15.000Z</time>
        <extensions>
          <ns3:TrackPointExtension>
            <ns3:atemp>8.0</ns3:atemp>
          </ns3:TrackPointExtension>
        </extensions>
      </trkpt>
      <trkpt lat="31.945983432" lon="34.965483081">
        <ele>165.00</ele>
        <time>2016-12-16T06:45:18.000Z</time>
        <extensions>
          <ns3:TrackPointExtension>
            <ns3:atemp>8.0</ns3:atemp>
          </ns3:TrackPointExtension>
        </extensions>
      </trkpt>
      <trkpt lat="31.945867259" lon="34.965531277">
        <ele>164.00</ele>
        <time>2016-12-16T06:45:21.000Z</time>
        <extensions>
          <ns3:TrackPointExtension>
            <ns3:atemp>8.0</ns3:atemp>
          </ns3:TrackPointExtension>
        </extensions>
      </trkpt>
      <trkpt lat="31.945819566" lon="34.965535551">
        <ele>163.80</ele>
        <time>2016-12-16T06:45:22.000Z</time>
        <extensions>
          <ns3:TrackPointExtension>
            <ns3:atemp>8.0</ns3:atemp>
          </ns3:TrackPointExtension>
        </extensions>
      </trkpt>
      <trkpt lat="31.945610354" lon="34.965487942">
        <ele>163.20</ele>
        <time>2016-12-16T06:45:26.000Z</time>
        <extensions>
          <ns3:TrackPointExtension>
            <ns3:atemp>8.0</ns3:atemp>
          </ns3:TrackPointExtension>
        </extensions>
      </trkpt>
      <trkpt lat="31.945556207" lon="34.965455588">
        <ele>163.20</ele>
        <time>2016-12-16T06:45:27.000Z</time>
        <extensions>
          <ns3:TrackPointExtension>
            <ns3:atemp>8.0</ns3:atemp>
          </ns3:TrackPointExtension>
        </extensions>
      </trkpt>
      <trkpt lat="31.945385048" lon="34.965337906">
        <ele>162.60</ele>
        <time>2016-12-16T06:45:30.000Z</time>
        <extensions>
          <ns3:TrackPointExtension>
            <ns3:atemp>8.0</ns3:atemp>
          </ns3:TrackPointExtension>
        </extensions>
      </trkpt>
      <trkpt lat="31.945329392" lon="34.965301864">
        <ele>162.20</ele>
        <time>2016-12-16T06:45:31.000Z</time>
        <extensions>
          <ns3:TrackPointExtension>
            <ns3:atemp>8.0</ns3:atemp>
          </ns3:TrackPointExtension>
        </extensions>
      </trkpt>
      <trkpt lat="31.945228809" lon="34.965249728">
        <ele>162.00</ele>
        <time>2016-12-16T06:45:33.000Z</time>
        <extensions>
          <ns3:TrackPointExtension>
            <ns3:atemp>8.0</ns3:atemp>
          </ns3:TrackPointExtension>
        </extensions>
      </trkpt>
      <trkpt lat="31.945123365" lon="34.965234725">
        <ele>161.40</ele>
        <time>2016-12-16T06:45:35.000Z</time>
        <extensions>
          <ns3:TrackPointExtension>
            <ns3:atemp>8.0</ns3:atemp>
          </ns3:TrackPointExtension>
        </extensions>
      </trkpt>
      <trkpt lat="31.944950698" lon="34.965220392">
        <ele>160.20</ele>
        <time>2016-12-16T06:45:38.000Z</time>
        <extensions>
          <ns3:TrackPointExtension>
            <ns3:atemp>8.0</ns3:atemp>
          </ns3:TrackPointExtension>
        </extensions>
      </trkpt>
      <trkpt lat="31.944832429" lon="34.965224164">
        <ele>159.00</ele>
        <time>2016-12-16T06:45:40.000Z</time>
        <extensions>
          <ns3:TrackPointExtension>
            <ns3:atemp>8.0</ns3:atemp>
          </ns3:TrackPointExtension>
        </extensions>
      </trkpt>
      <trkpt lat="31.944783479" lon="34.965226678">
        <ele>158.80</ele>
        <time>2016-12-16T06:45:41.000Z</time>
        <extensions>
          <ns3:TrackPointExtension>
            <ns3:atemp>8.0</ns3:atemp>
          </ns3:TrackPointExtension>
        </extensions>
      </trkpt>
      <trkpt lat="31.944709131" lon="34.965224331">
        <ele>158.00</ele>
        <time>2016-12-16T06:45:43.000Z</time>
        <extensions>
          <ns3:TrackPointExtension>
            <ns3:atemp>8.0</ns3:atemp>
          </ns3:TrackPointExtension>
        </extensions>
      </trkpt>
      <trkpt lat="31.944652637" lon="34.965216704">
        <ele>157.60</ele>
        <time>2016-12-16T06:45:45.000Z</time>
        <extensions>
          <ns3:TrackPointExtension>
            <ns3:atemp>8.0</ns3:atemp>
          </ns3:TrackPointExtension>
        </extensions>
      </trkpt>
      <trkpt lat="31.944527579" lon="34.965250483">
        <ele>157.40</ele>
        <time>2016-12-16T06:45:51.000Z</time>
        <extensions>
          <ns3:TrackPointExtension>
            <ns3:atemp>8.0</ns3:atemp>
          </ns3:TrackPointExtension>
        </extensions>
      </trkpt>
      <trkpt lat="31.944518192" lon="34.965269594">
        <ele>157.40</ele>
        <time>2016-12-16T06:45:52.000Z</time>
        <extensions>
          <ns3:TrackPointExtension>
            <ns3:atemp>8.0</ns3:atemp>
          </ns3:TrackPointExtension>
        </extensions>
      </trkpt>
      <trkpt lat="31.944507547" lon="34.965352993">
        <ele>158.00</ele>
        <time>2016-12-16T06:45:56.000Z</time>
        <extensions>
          <ns3:TrackPointExtension>
            <ns3:atemp>8.0</ns3:atemp>
          </ns3:TrackPointExtension>
        </extensions>
      </trkpt>
      <trkpt lat="31.944448538" lon="34.965526415">
        <ele>158.80</ele>
        <time>2016-12-16T06:46:02.000Z</time>
        <extensions>
          <ns3:TrackPointExtension>
            <ns3:atemp>8.0</ns3:atemp>
          </ns3:TrackPointExtension>
        </extensions>
      </trkpt>
      <trkpt lat="31.944414508" lon="34.965580897">
        <ele>159.20</ele>
        <time>2016-12-16T06:46:04.000Z</time>
        <extensions>
          <ns3:TrackPointExtension>
            <ns3:atemp>8.0</ns3:atemp>
          </ns3:TrackPointExtension>
        </extensions>
      </trkpt>
      <trkpt lat="31.944320211" lon="34.965691203">
        <ele>159.80</ele>
        <time>2016-12-16T06:46:09.000Z</time>
        <extensions>
          <ns3:TrackPointExtension>
            <ns3:atemp>8.0</ns3:atemp>
          </ns3:TrackPointExtension>
        </extensions>
      </trkpt>
      <trkpt lat="31.944280230" lon="34.965729760">
        <ele>160.40</ele>
        <time>2016-12-16T06:46:11.000Z</time>
        <extensions>
          <ns3:TrackPointExtension>
            <ns3:atemp>8.0</ns3:atemp>
          </ns3:TrackPointExtension>
        </extensions>
      </trkpt>
      <trkpt lat="31.944201943" lon="34.965817519">
        <ele>161.40</ele>
        <time>2016-12-16T06:46:15.000Z</time>
        <extensions>
          <ns3:TrackPointExtension>
            <ns3:atemp>8.0</ns3:atemp>
          </ns3:TrackPointExtension>
        </extensions>
      </trkpt>
      <trkpt lat="31.944164224" lon="34.965862446">
        <ele>161.80</ele>
        <time>2016-12-16T06:46:17.000Z</time>
        <extensions>
          <ns3:TrackPointExtension>
            <ns3:atemp>8.0</ns3:atemp>
          </ns3:TrackPointExtension>
        </extensions>
      </trkpt>
      <trkpt lat="31.944040591" lon="34.966000579">
        <ele>162.60</ele>
        <time>2016-12-16T06:46:23.000Z</time>
        <extensions>
          <ns3:TrackPointExtension>
            <ns3:atemp>8.0</ns3:atemp>
          </ns3:TrackPointExtension>
        </extensions>
      </trkpt>
      <trkpt lat="31.944006141" lon="34.966048105">
        <ele>163.00</ele>
        <time>2016-12-16T06:46:25.000Z</time>
        <extensions>
          <ns3:TrackPointExtension>
            <ns3:atemp>8.0</ns3:atemp>
          </ns3:TrackPointExtension>
        </extensions>
      </trkpt>
      <trkpt lat="31.943942104" lon="34.966221275">
        <ele>163.40</ele>
        <time>2016-12-16T06:46:31.000Z</time>
        <extensions>
          <ns3:TrackPointExtension>
            <ns3:atemp>8.0</ns3:atemp>
          </ns3:TrackPointExtension>
        </extensions>
      </trkpt>
      <trkpt lat="31.943936320" lon="34.966281122">
        <ele>163.80</ele>
        <time>2016-12-16T06:46:33.000Z</time>
        <extensions>
          <ns3:TrackPointExtension>
            <ns3:atemp>8.0</ns3:atemp>
          </ns3:TrackPointExtension>
        </extensions>
      </trkpt>
      <trkpt lat="31.943918299" lon="34.966510702">
        <ele>164.60</ele>
        <time>2016-12-16T06:46:40.000Z</time>
        <extensions>
          <ns3:TrackPointExtension>
            <ns3:atemp>8.0</ns3:atemp>
          </ns3:TrackPointExtension>
        </extensions>
      </trkpt>
      <trkpt lat="31.943907151" lon="34.966606842">
        <ele>164.80</ele>
        <time>2016-12-16T06:46:43.000Z</time>
        <extensions>
          <ns3:TrackPointExtension>
            <ns3:atemp>8.0</ns3:atemp>
          </ns3:TrackPointExtension>
        </extensions>
      </trkpt>
      <trkpt lat="31.943856021" lon="34.966793507">
        <ele>165.80</ele>
        <time>2016-12-16T06:46:49.000Z</time>
        <extensions>
          <ns3:TrackPointExtension>
            <ns3:atemp>8.0</ns3:atemp>
          </ns3:TrackPointExtension>
        </extensions>
      </trkpt>
      <trkpt lat="31.943840263" lon="34.966818318">
        <ele>166.20</ele>
        <time>2016-12-16T06:46:50.000Z</time>
        <extensions>
          <ns3:TrackPointExtension>
            <ns3:atemp>8.0</ns3:atemp>
          </ns3:TrackPointExtension>
        </extensions>
      </trkpt>
      <trkpt lat="31.943738842" lon="34.966903562">
        <ele>167.00</ele>
        <time>2016-12-16T06:46:54.000Z</time>
        <extensions>
          <ns3:TrackPointExtension>
            <ns3:atemp>8.0</ns3:atemp>
          </ns3:TrackPointExtension>
        </extensions>
      </trkpt>
      <trkpt lat="31.943708081" lon="34.966918984">
        <ele>167.00</ele>
        <time>2016-12-16T06:46:55.000Z</time>
        <extensions>
          <ns3:TrackPointExtension>
            <ns3:atemp>8.0</ns3:atemp>
          </ns3:TrackPointExtension>
        </extensions>
      </trkpt>
      <trkpt lat="31.943556285" lon="34.967027865">
        <ele>167.80</ele>
        <time>2016-12-16T06:47:00.000Z</time>
        <extensions>
          <ns3:TrackPointExtension>
            <ns3:atemp>8.0</ns3:atemp>
          </ns3:TrackPointExtension>
        </extensions>
      </trkpt>
      <trkpt lat="31.943504484" lon="34.967093663">
        <ele>168.40</ele>
        <time>2016-12-16T06:47:02.000Z</time>
        <extensions>
          <ns3:TrackPointExtension>
            <ns3:atemp>8.0</ns3:atemp>
          </ns3:TrackPointExtension>
        </extensions>
      </trkpt>
      <trkpt lat="31.943458132" lon="34.967221236">
        <ele>169.00</ele>
        <time>2016-12-16T06:47:05.000Z</time>
        <extensions>
          <ns3:TrackPointExtension>
            <ns3:atemp>8.0</ns3:atemp>
          </ns3:TrackPointExtension>
        </extensions>
      </trkpt>
      <trkpt lat="31.943446565" lon="34.967354424">
        <ele>169.60</ele>
        <time>2016-12-16T06:47:08.000Z</time>
        <extensions>
          <ns3:TrackPointExtension>
            <ns3:atemp>8.0</ns3:atemp>
          </ns3:TrackPointExtension>
        </extensions>
      </trkpt>
      <trkpt lat="31.943434915" lon="34.967530025">
        <ele>170.40</ele>
        <time>2016-12-16T06:47:12.000Z</time>
        <extensions>
          <ns3:TrackPointExtension>
            <ns3:atemp>8.0</ns3:atemp>
          </ns3:TrackPointExtension>
        </extensions>
      </trkpt>
      <trkpt lat="31.943425862" lon="34.967623819">
        <ele>170.60</ele>
        <time>2016-12-16T06:47:14.000Z</time>
        <extensions>
          <ns3:TrackPointExtension>
            <ns3:atemp>8.0</ns3:atemp>
          </ns3:TrackPointExtension>
        </extensions>
      </trkpt>
      <trkpt lat="31.943395687" lon="34.967835126">
        <ele>171.80</ele>
        <time>2016-12-16T06:47:19.000Z</time>
        <extensions>
          <ns3:TrackPointExtension>
            <ns3:atemp>8.0</ns3:atemp>
          </ns3:TrackPointExtension>
        </extensions>
      </trkpt>
      <trkpt lat="31.943388563" lon="34.967871001">
        <ele>171.80</ele>
        <time>2016-12-16T06:47:20.000Z</time>
        <extensions>
          <ns3:TrackPointExtension>
            <ns3:atemp>8.0</ns3:atemp>
          </ns3:TrackPointExtension>
        </extensions>
      </trkpt>
      <trkpt lat="31.943369955" lon="34.968015170">
        <ele>172.80</ele>
        <time>2016-12-16T06:47:24.000Z</time>
        <extensions>
          <ns3:TrackPointExtension>
            <ns3:atemp>8.0</ns3:atemp>
          </ns3:TrackPointExtension>
        </extensions>
      </trkpt>
      <trkpt lat="31.943360399" lon="34.968109298">
        <ele>173.20</ele>
        <time>2016-12-16T06:47:27.000Z</time>
        <extensions>
          <ns3:TrackPointExtension>
            <ns3:atemp>8.0</ns3:atemp>
          </ns3:TrackPointExtension>
        </extensions>
      </trkpt>
      <trkpt lat="31.943340199" lon="34.968378525">
        <ele>173.80</ele>
        <time>2016-12-16T06:47:34.000Z</time>
        <extensions>
          <ns3:TrackPointExtension>
            <ns3:atemp>8.0</ns3:atemp>
          </ns3:TrackPointExtension>
        </extensions>
      </trkpt>
      <trkpt lat="31.943250597" lon="34.968503667">
        <ele>174.00</ele>
        <time>2016-12-16T06:47:38.000Z</time>
        <extensions>
          <ns3:TrackPointExtension>
            <ns3:atemp>8.0</ns3:atemp>
          </ns3:TrackPointExtension>
        </extensions>
      </trkpt>
      <trkpt lat="31.943074828" lon="34.968557060">
        <ele>174.00</ele>
        <time>2016-12-16T06:47:43.000Z</time>
        <extensions>
          <ns3:TrackPointExtension>
            <ns3:atemp>8.0</ns3:atemp>
          </ns3:TrackPointExtension>
        </extensions>
      </trkpt>
      <trkpt lat="31.942911297" lon="34.968556976">
        <ele>174.60</ele>
        <time>2016-12-16T06:47:49.000Z</time>
        <extensions>
          <ns3:TrackPointExtension>
            <ns3:atemp>8.0</ns3:atemp>
          </ns3:TrackPointExtension>
        </extensions>
      </trkpt>
      <trkpt lat="31.942892941" lon="34.968549013">
        <ele>175.00</ele>
        <time>2016-12-16T06:47:50.000Z</time>
        <extensions>
          <ns3:TrackPointExtension>
            <ns3:atemp>8.0</ns3:atemp>
          </ns3:TrackPointExtension>
        </extensions>
      </trkpt>
      <trkpt lat="31.942785401" lon="34.968467792">
        <ele>175.40</ele>
        <time>2016-12-16T06:47:55.000Z</time>
        <extensions>
          <ns3:TrackPointExtension>
            <ns3:atemp>8.0</ns3:atemp>
          </ns3:TrackPointExtension>
        </extensions>
      </trkpt>
      <trkpt lat="31.942606699" lon="34.968389925">
        <ele>175.20</ele>
        <time>2016-12-16T06:48:00.000Z</time>
        <extensions>
          <ns3:TrackPointExtension>
            <ns3:atemp>8.0</ns3:atemp>
          </ns3:TrackPointExtension>
        </extensions>
      </trkpt>
      <trkpt lat="31.942558587" lon="34.968386069">
        <ele>175.20</ele>
        <time>2016-12-16T06:48:01.000Z</time>
        <extensions>
          <ns3:TrackPointExtension>
            <ns3:atemp>8.0</ns3:atemp>
          </ns3:TrackPointExtension>
        </extensions>
      </trkpt>
      <trkpt lat="31.942389775" lon="34.968456645">
        <ele>174.80</ele>
        <time>2016-12-16T06:48:04.000Z</time>
        <extensions>
          <ns3:TrackPointExtension>
            <ns3:atemp>8.0</ns3:atemp>
          </ns3:TrackPointExtension>
        </extensions>
      </trkpt>
      <trkpt lat="31.942228423" lon="34.968658648">
        <ele>174.60</ele>
        <time>2016-12-16T06:48:07.000Z</time>
        <extensions>
          <ns3:TrackPointExtension>
            <ns3:atemp>8.0</ns3:atemp>
          </ns3:TrackPointExtension>
        </extensions>
      </trkpt>
      <trkpt lat="31.942040417" lon="34.968782114">
        <ele>174.20</ele>
        <time>2016-12-16T06:48:10.000Z</time>
        <extensions>
          <ns3:TrackPointExtension>
            <ns3:atemp>8.0</ns3:atemp>
          </ns3:TrackPointExtension>
        </extensions>
      </trkpt>
      <trkpt lat="31.941959448" lon="34.968776582">
        <ele>173.80</ele>
        <time>2016-12-16T06:48:11.000Z</time>
        <extensions>
          <ns3:TrackPointExtension>
            <ns3:atemp>8.0</ns3:atemp>
          </ns3:TrackPointExtension>
        </extensions>
      </trkpt>
      <trkpt lat="31.941793822" lon="34.968722183">
        <ele>172.20</ele>
        <time>2016-12-16T06:48:13.000Z</time>
        <extensions>
          <ns3:TrackPointExtension>
            <ns3:atemp>8.0</ns3:atemp>
          </ns3:TrackPointExtension>
        </extensions>
      </trkpt>
      <trkpt lat="31.941605816" lon="34.968650686">
        <ele>171.20</ele>
        <time>2016-12-16T06:48:15.000Z</time>
        <extensions>
          <ns3:TrackPointExtension>
            <ns3:atemp>8.0</ns3:atemp>
          </ns3:TrackPointExtension>
        </extensions>
      </trkpt>
      <trkpt lat="31.941512022" lon="34.968607351">
        <ele>170.80</ele>
        <time>2016-12-16T06:48:16.000Z</time>
        <extensions>
          <ns3:TrackPointExtension>
            <ns3:atemp>8.0</ns3:atemp>
          </ns3:TrackPointExtension>
        </extensions>
      </trkpt>
      <trkpt lat="31.941421749" lon="34.968552031">
        <ele>170.20</ele>
        <time>2016-12-16T06:48:17.000Z</time>
        <extensions>
          <ns3:TrackPointExtension>
            <ns3:atemp>8.0</ns3:atemp>
          </ns3:TrackPointExtension>
        </extensions>
      </trkpt>
      <trkpt lat="31.941339020" lon="34.968488328">
        <ele>169.60</ele>
        <time>2016-12-16T06:48:18.000Z</time>
        <extensions>
          <ns3:TrackPointExtension>
            <ns3:atemp>8.0</ns3:atemp>
          </ns3:TrackPointExtension>
        </extensions>
      </trkpt>
      <trkpt lat="31.941198204" lon="34.968354302">
        <ele>168.60</ele>
        <time>2016-12-16T06:48:20.000Z</time>
        <extensions>
          <ns3:TrackPointExtension>
            <ns3:atemp>8.0</ns3:atemp>
          </ns3:TrackPointExtension>
        </extensions>
      </trkpt>
      <trkpt lat="31.941026542" lon="34.968256569">
        <ele>167.00</ele>
        <time>2016-12-16T06:48:22.000Z</time>
        <extensions>
          <ns3:TrackPointExtension>
            <ns3:atemp>8.0</ns3:atemp>
          </ns3:TrackPointExtension>
        </extensions>
      </trkpt>
      <trkpt lat="31.940931827" lon="34.968220443">
        <ele>166.00</ele>
        <time>2016-12-16T06:48:23.000Z</time>
        <extensions>
          <ns3:TrackPointExtension>
            <ns3:atemp>8.0</ns3:atemp>
          </ns3:TrackPointExtension>
        </extensions>
      </trkpt>
      <trkpt lat="31.940834345" lon="34.968189681">
        <ele>165.00</ele>
        <time>2016-12-16T06:48:24.000Z</time>
        <extensions>
          <ns3:TrackPointExtension>
            <ns3:atemp>8.0</ns3:atemp>
          </ns3:TrackPointExtension>
        </extensions>
      </trkpt>
      <trkpt lat="31.940734601" lon="34.968162440">
        <ele>163.80</ele>
        <time>2016-12-16T06:48:25.000Z</time>
        <extensions>
          <ns3:TrackPointExtension>
            <ns3:atemp>8.0</ns3:atemp>
          </ns3:TrackPointExtension>
        </extensions>
      </trkpt>
      <trkpt lat="31.940634018" lon="34.968136540">
        <ele>162.60</ele>
        <time>2016-12-16T06:48:26.000Z</time>
        <extensions>
          <ns3:TrackPointExtension>
            <ns3:atemp>8.0</ns3:atemp>
          </ns3:TrackPointExtension>
        </extensions>
      </trkpt>
      <trkpt lat="31.940533016" lon="34.968114747">
        <ele>161.40</ele>
        <time>2016-12-16T06:48:27.000Z</time>
        <extensions>
          <ns3:TrackPointExtension>
            <ns3:atemp>8.0</ns3:atemp>
          </ns3:TrackPointExtension>
        </extensions>
      </trkpt>
      <trkpt lat="31.940430254" lon="34.968099324">
        <ele>160.40</ele>
        <time>2016-12-16T06:48:28.000Z</time>
        <extensions>
          <ns3:TrackPointExtension>
            <ns3:atemp>8.0</ns3:atemp>
          </ns3:TrackPointExtension>
        </extensions>
      </trkpt>
      <trkpt lat="31.940221041" lon="34.968089601">
        <ele>158.60</ele>
        <time>2016-12-16T06:48:30.000Z</time>
        <extensions>
          <ns3:TrackPointExtension>
            <ns3:atemp>8.0</ns3:atemp>
          </ns3:TrackPointExtension>
        </extensions>
      </trkpt>
      <trkpt lat="31.940009985" lon="34.968095468">
        <ele>157.00</ele>
        <time>2016-12-16T06:48:32.000Z</time>
        <extensions>
          <ns3:TrackPointExtension>
            <ns3:atemp>8.0</ns3:atemp>
          </ns3:TrackPointExtension>
        </extensions>
      </trkpt>
      <trkpt lat="31.939903032" lon="34.968094295">
        <ele>156.20</ele>
        <time>2016-12-16T06:48:33.000Z</time>
        <extensions>
          <ns3:TrackPointExtension>
            <ns3:atemp>8.0</ns3:atemp>
          </ns3:TrackPointExtension>
        </extensions>
      </trkpt>
      <trkpt lat="31.939798677" lon="34.968088679">
        <ele>155.00</ele>
        <time>2016-12-16T06:48:34.000Z</time>
        <extensions>
          <ns3:TrackPointExtension>
            <ns3:atemp>8.0</ns3:atemp>
          </ns3:TrackPointExtension>
        </extensions>
      </trkpt>
      <trkpt lat="31.939610504" lon="34.968074095">
        <ele>153.60</ele>
        <time>2016-12-16T06:48:36.000Z</time>
        <extensions>
          <ns3:TrackPointExtension>
            <ns3:atemp>8.0</ns3:atemp>
          </ns3:TrackPointExtension>
        </extensions>
      </trkpt>
      <trkpt lat="31.939525595" lon="34.968062947">
        <ele>153.00</ele>
        <time>2016-12-16T06:48:37.000Z</time>
        <extensions>
          <ns3:TrackPointExtension>
            <ns3:atemp>8.0</ns3:atemp>
          </ns3:TrackPointExtension>
        </extensions>
      </trkpt>
      <trkpt lat="31.939446386" lon="34.968060432">
        <ele>152.20</ele>
        <time>2016-12-16T06:48:38.000Z</time>
        <extensions>
          <ns3:TrackPointExtension>
            <ns3:atemp>8.0</ns3:atemp>
          </ns3:TrackPointExtension>
        </extensions>
      </trkpt>
      <trkpt lat="31.939310599" lon="34.968067305">
        <ele>150.60</ele>
        <time>2016-12-16T06:48:40.000Z</time>
        <extensions>
          <ns3:TrackPointExtension>
            <ns3:atemp>8.0</ns3:atemp>
          </ns3:TrackPointExtension>
        </extensions>
      </trkpt>
      <trkpt lat="31.939255279" lon="34.968069233">
        <ele>149.60</ele>
        <time>2016-12-16T06:48:41.000Z</time>
        <extensions>
          <ns3:TrackPointExtension>
            <ns3:atemp>8.0</ns3:atemp>
          </ns3:TrackPointExtension>
        </extensions>
      </trkpt>
      <trkpt lat="31.939205993" lon="34.968075184">
        <ele>148.60</ele>
        <time>2016-12-16T06:48:42.000Z</time>
        <extensions>
          <ns3:TrackPointExtension>
            <ns3:atemp>8.0</ns3:atemp>
          </ns3:TrackPointExtension>
        </extensions>
      </trkpt>
      <trkpt lat="31.939120078" lon="34.968131343">
        <ele>146.80</ele>
        <time>2016-12-16T06:48:44.000Z</time>
        <extensions>
          <ns3:TrackPointExtension>
            <ns3:atemp>8.0</ns3:atemp>
          </ns3:TrackPointExtension>
        </extensions>
      </trkpt>
      <trkpt lat="31.939096609" lon="34.968183478">
        <ele>145.80</ele>
        <time>2016-12-16T06:48:45.000Z</time>
        <extensions>
          <ns3:TrackPointExtension>
            <ns3:atemp>8.0</ns3:atemp>
          </ns3:TrackPointExtension>
        </extensions>
      </trkpt>
      <trkpt lat="31.939083282" lon="34.968237961">
        <ele>144.60</ele>
        <time>2016-12-16T06:48:46.000Z</time>
        <extensions>
          <ns3:TrackPointExtension>
            <ns3:atemp>8.0</ns3:atemp>
          </ns3:TrackPointExtension>
        </extensions>
      </trkpt>
      <trkpt lat="31.939073810" lon="34.968293281">
        <ele>143.80</ele>
        <time>2016-12-16T06:48:47.000Z</time>
        <extensions>
          <ns3:TrackPointExtension>
            <ns3:atemp>8.0</ns3:atemp>
          </ns3:TrackPointExtension>
        </extensions>
      </trkpt>
      <trkpt lat="31.939069200" lon="34.968348518">
        <ele>143.00</ele>
        <time>2016-12-16T06:48:48.000Z</time>
        <extensions>
          <ns3:TrackPointExtension>
            <ns3:atemp>8.0</ns3:atemp>
          </ns3:TrackPointExtension>
        </extensions>
      </trkpt>
      <trkpt lat="31.939065931" lon="34.968453459">
        <ele>141.60</ele>
        <time>2016-12-16T06:48:50.000Z</time>
        <extensions>
          <ns3:TrackPointExtension>
            <ns3:atemp>8.0</ns3:atemp>
          </ns3:TrackPointExtension>
        </extensions>
      </trkpt>
      <trkpt lat="31.939068446" lon="34.968556054">
        <ele>141.20</ele>
        <time>2016-12-16T06:48:52.000Z</time>
        <extensions>
          <ns3:TrackPointExtension>
            <ns3:atemp>8.0</ns3:atemp>
          </ns3:TrackPointExtension>
        </extensions>
      </trkpt>
      <trkpt lat="31.939070709" lon="34.968654960">
        <ele>141.20</ele>
        <time>2016-12-16T06:48:54.000Z</time>
        <extensions>
          <ns3:TrackPointExtension>
            <ns3:atemp>8.0</ns3:atemp>
          </ns3:TrackPointExtension>
        </extensions>
      </trkpt>
      <trkpt lat="31.939067775" lon="34.968755292">
        <ele>141.00</ele>
        <time>2016-12-16T06:48:56.000Z</time>
        <extensions>
          <ns3:TrackPointExtension>
            <ns3:atemp>8.0</ns3:atemp>
          </ns3:TrackPointExtension>
        </extensions>
      </trkpt>
      <trkpt lat="31.939080851" lon="34.969118480">
        <ele>141.20</ele>
        <time>2016-12-16T06:49:04.000Z</time>
        <extensions>
          <ns3:TrackPointExtension>
            <ns3:atemp>8.0</ns3:atemp>
          </ns3:TrackPointExtension>
        </extensions>
      </trkpt>
      <trkpt lat="31.939086886" lon="34.969166927">
        <ele>141.20</ele>
        <time>2016-12-16T06:49:05.000Z</time>
        <extensions>
          <ns3:TrackPointExtension>
            <ns3:atemp>8.0</ns3:atemp>
          </ns3:TrackPointExtension>
        </extensions>
      </trkpt>
      <trkpt lat="31.939106165" lon="34.969363483">
        <ele>141.40</ele>
        <time>2016-12-16T06:49:09.000Z</time>
        <extensions>
          <ns3:TrackPointExtension>
            <ns3:atemp>8.0</ns3:atemp>
          </ns3:TrackPointExtension>
        </extensions>
      </trkpt>
      <trkpt lat="31.939110523" lon="34.969411427">
        <ele>141.40</ele>
        <time>2016-12-16T06:49:10.000Z</time>
        <extensions>
          <ns3:TrackPointExtension>
            <ns3:atemp>8.0</ns3:atemp>
          </ns3:TrackPointExtension>
        </extensions>
      </trkpt>
      <trkpt lat="31.939119408" lon="34.969648216">
        <ele>141.60</ele>
        <time>2016-12-16T06:49:15.000Z</time>
        <extensions>
          <ns3:TrackPointExtension>
            <ns3:atemp>8.0</ns3:atemp>
          </ns3:TrackPointExtension>
        </extensions>
      </trkpt>
      <trkpt lat="31.939116139" lon="34.969852148">
        <ele>142.00</ele>
        <time>2016-12-16T06:49:19.000Z</time>
        <extensions>
          <ns3:TrackPointExtension>
            <ns3:atemp>8.0</ns3:atemp>
          </ns3:TrackPointExtension>
        </extensions>
      </trkpt>
      <trkpt lat="31.939116390" lon="34.969901014">
        <ele>142.20</ele>
        <time>2016-12-16T06:49:20.000Z</time>
        <extensions>
          <ns3:TrackPointExtension>
            <ns3:atemp>8.0</ns3:atemp>
          </ns3:TrackPointExtension>
        </extensions>
      </trkpt>
      <trkpt lat="31.939122928" lon="34.970316421">
        <ele>142.40</ele>
        <time>2016-12-16T06:49:29.000Z</time>
        <extensions>
          <ns3:TrackPointExtension>
            <ns3:atemp>8.0</ns3:atemp>
          </ns3:TrackPointExtension>
        </extensions>
      </trkpt>
      <trkpt lat="31.939133741" lon="34.970351039">
        <ele>142.40</ele>
        <time>2016-12-16T06:49:30.000Z</time>
        <extensions>
          <ns3:TrackPointExtension>
            <ns3:atemp>8.0</ns3:atemp>
          </ns3:TrackPointExtension>
        </extensions>
      </trkpt>
      <trkpt lat="31.939155534" lon="34.970419351">
        <ele>142.60</ele>
        <time>2016-12-16T06:49:32.000Z</time>
        <extensions>
          <ns3:TrackPointExtension>
            <ns3:atemp>8.0</ns3:atemp>
          </ns3:TrackPointExtension>
        </extensions>
      </trkpt>
      <trkpt lat="31.939155869" lon="34.970457405">
        <ele>142.60</ele>
        <time>2016-12-16T06:49:33.000Z</time>
        <extensions>
          <ns3:TrackPointExtension>
            <ns3:atemp>8.0</ns3:atemp>
          </ns3:TrackPointExtension>
        </extensions>
      </trkpt>
      <trkpt lat="31.939149415" lon="34.970544409">
        <ele>143.00</ele>
        <time>2016-12-16T06:49:35.000Z</time>
        <extensions>
          <ns3:TrackPointExtension>
            <ns3:atemp>8.0</ns3:atemp>
          </ns3:TrackPointExtension>
        </extensions>
      </trkpt>
      <trkpt lat="31.939158551" lon="34.970666869">
        <ele>143.20</ele>
        <time>2016-12-16T06:49:38.000Z</time>
        <extensions>
          <ns3:TrackPointExtension>
            <ns3:atemp>8.0</ns3:atemp>
          </ns3:TrackPointExtension>
        </extensions>
      </trkpt>
      <trkpt lat="31.939203059" lon="34.970867196">
        <ele>143.80</ele>
        <time>2016-12-16T06:49:43.000Z</time>
        <extensions>
          <ns3:TrackPointExtension>
            <ns3:atemp>8.0</ns3:atemp>
          </ns3:TrackPointExtension>
        </extensions>
      </trkpt>
      <trkpt lat="31.939215716" lon="34.970900724">
        <ele>143.80</ele>
        <time>2016-12-16T06:49:44.000Z</time>
        <extensions>
          <ns3:TrackPointExtension>
            <ns3:atemp>8.0</ns3:atemp>
          </ns3:TrackPointExtension>
        </extensions>
      </trkpt>
      <trkpt lat="31.939276066" lon="34.971042462">
        <ele>144.60</ele>
        <time>2016-12-16T06:49:49.000Z</time>
        <extensions>
          <ns3:TrackPointExtension>
            <ns3:atemp>8.0</ns3:atemp>
          </ns3:TrackPointExtension>
        </extensions>
      </trkpt>
      <trkpt lat="31.939302972" lon="34.971097531">
        <ele>144.80</ele>
        <time>2016-12-16T06:49:51.000Z</time>
        <extensions>
          <ns3:TrackPointExtension>
            <ns3:atemp>8.0</ns3:atemp>
          </ns3:TrackPointExtension>
        </extensions>
      </trkpt>
      <trkpt lat="31.939354520" lon="34.971190067">
        <ele>145.40</ele>
        <time>2016-12-16T06:49:54.000Z</time>
        <extensions>
          <ns3:TrackPointExtension>
            <ns3:atemp>8.0</ns3:atemp>
          </ns3:TrackPointExtension>
        </extensions>
      </trkpt>
      <trkpt lat="31.939375978" lon="34.971252177">
        <ele>146.00</ele>
        <time>2016-12-16T06:49:56.000Z</time>
        <extensions>
          <ns3:TrackPointExtension>
            <ns3:atemp>8.0</ns3:atemp>
          </ns3:TrackPointExtension>
        </extensions>
      </trkpt>
      <trkpt lat="31.939418139" lon="34.971463485">
        <ele>147.20</ele>
        <time>2016-12-16T06:50:02.000Z</time>
        <extensions>
          <ns3:TrackPointExtension>
            <ns3:atemp>8.0</ns3:atemp>
          </ns3:TrackPointExtension>
        </extensions>
      </trkpt>
      <trkpt lat="31.939485027" lon="34.971815860">
        <ele>147.80</ele>
        <time>2016-12-16T06:50:11.000Z</time>
        <extensions>
          <ns3:TrackPointExtension>
            <ns3:atemp>8.0</ns3:atemp>
          </ns3:TrackPointExtension>
        </extensions>
      </trkpt>
      <trkpt lat="31.939484691" lon="34.972070083">
        <ele>147.80</ele>
        <time>2016-12-16T06:50:18.000Z</time>
        <extensions>
          <ns3:TrackPointExtension>
            <ns3:atemp>8.0</ns3:atemp>
          </ns3:TrackPointExtension>
        </extensions>
      </trkpt>
      <trkpt lat="31.939440016" lon="34.972295305">
        <ele>147.60</ele>
        <time>2016-12-16T06:50:24.000Z</time>
        <extensions>
          <ns3:TrackPointExtension>
            <ns3:atemp>8.0</ns3:atemp>
          </ns3:TrackPointExtension>
        </extensions>
      </trkpt>
      <trkpt lat="31.939407242" lon="34.972477192">
        <ele>147.80</ele>
        <time>2016-12-16T06:50:29.000Z</time>
        <extensions>
          <ns3:TrackPointExtension>
            <ns3:atemp>8.0</ns3:atemp>
          </ns3:TrackPointExtension>
        </extensions>
      </trkpt>
      <trkpt lat="31.939298613" lon="34.972736947">
        <ele>148.20</ele>
        <time>2016-12-16T06:50:36.000Z</time>
        <extensions>
          <ns3:TrackPointExtension>
            <ns3:atemp>8.0</ns3:atemp>
          </ns3:TrackPointExtension>
        </extensions>
      </trkpt>
      <trkpt lat="31.939254189" lon="34.972996116">
        <ele>148.80</ele>
        <time>2016-12-16T06:50:43.000Z</time>
        <extensions>
          <ns3:TrackPointExtension>
            <ns3:atemp>8.0</ns3:atemp>
          </ns3:TrackPointExtension>
        </extensions>
      </trkpt>
      <trkpt lat="31.939294422" lon="34.973177752">
        <ele>149.20</ele>
        <time>2016-12-16T06:50:48.000Z</time>
        <extensions>
          <ns3:TrackPointExtension>
            <ns3:atemp>8.0</ns3:atemp>
          </ns3:TrackPointExtension>
        </extensions>
      </trkpt>
      <trkpt lat="31.939306492" lon="34.973212788">
        <ele>149.40</ele>
        <time>2016-12-16T06:50:49.000Z</time>
        <extensions>
          <ns3:TrackPointExtension>
            <ns3:atemp>8.0</ns3:atemp>
          </ns3:TrackPointExtension>
        </extensions>
      </trkpt>
      <trkpt lat="31.939353012" lon="34.973415378">
        <ele>150.20</ele>
        <time>2016-12-16T06:50:56.000Z</time>
        <extensions>
          <ns3:TrackPointExtension>
            <ns3:atemp>8.0</ns3:atemp>
          </ns3:TrackPointExtension>
        </extensions>
      </trkpt>
      <trkpt lat="31.939348234" lon="34.973438093">
        <ele>150.40</ele>
        <time>2016-12-16T06:50:57.000Z</time>
        <extensions>
          <ns3:TrackPointExtension>
            <ns3:atemp>8.0</ns3:atemp>
          </ns3:TrackPointExtension>
        </extensions>
      </trkpt>
      <trkpt lat="31.939307246" lon="34.973491905">
        <ele>150.80</ele>
        <time>2016-12-16T06:51:00.000Z</time>
        <extensions>
          <ns3:TrackPointExtension>
            <ns3:atemp>8.0</ns3:atemp>
          </ns3:TrackPointExtension>
        </extensions>
      </trkpt>
      <trkpt lat="31.939235581" lon="34.973495342">
        <ele>151.40</ele>
        <time>2016-12-16T06:51:03.000Z</time>
        <extensions>
          <ns3:TrackPointExtension>
            <ns3:atemp>8.0</ns3:atemp>
          </ns3:TrackPointExtension>
        </extensions>
      </trkpt>
      <trkpt lat="31.939176740" lon="34.973491151">
        <ele>151.80</ele>
        <time>2016-12-16T06:51:05.000Z</time>
        <extensions>
          <ns3:TrackPointExtension>
            <ns3:atemp>8.0</ns3:atemp>
          </ns3:TrackPointExtension>
        </extensions>
      </trkpt>
      <trkpt lat="31.939145895" lon="34.973491654">
        <ele>152.00</ele>
        <time>2016-12-16T06:51:06.000Z</time>
        <extensions>
          <ns3:TrackPointExtension>
            <ns3:atemp>8.0</ns3:atemp>
          </ns3:TrackPointExtension>
        </extensions>
      </trkpt>
      <trkpt lat="31.938977251" lon="34.973480925">
        <ele>152.40</ele>
        <time>2016-12-16T06:51:12.000Z</time>
        <extensions>
          <ns3:TrackPointExtension>
            <ns3:atemp>8.0</ns3:atemp>
          </ns3:TrackPointExtension>
        </extensions>
      </trkpt>
      <trkpt lat="31.938819420" lon="34.973498443">
        <ele>152.60</ele>
        <time>2016-12-16T06:51:18.000Z</time>
        <extensions>
          <ns3:TrackPointExtension>
            <ns3:atemp>8.0</ns3:atemp>
          </ns3:TrackPointExtension>
        </extensions>
      </trkpt>
      <trkpt lat="31.938794190" lon="34.973505568">
        <ele>152.60</ele>
        <time>2016-12-16T06:51:19.000Z</time>
        <extensions>
          <ns3:TrackPointExtension>
            <ns3:atemp>8.0</ns3:atemp>
          </ns3:TrackPointExtension>
        </extensions>
      </trkpt>
      <trkpt lat="31.938621188" lon="34.973614030">
        <ele>153.40</ele>
        <time>2016-12-16T06:51:27.000Z</time>
        <extensions>
          <ns3:TrackPointExtension>
            <ns3:atemp>8.0</ns3:atemp>
          </ns3:TrackPointExtension>
        </extensions>
      </trkpt>
      <trkpt lat="31.938602747" lon="34.973631212">
        <ele>153.60</ele>
        <time>2016-12-16T06:51:28.000Z</time>
        <extensions>
          <ns3:TrackPointExtension>
            <ns3:atemp>8.0</ns3:atemp>
          </ns3:TrackPointExtension>
        </extensions>
      </trkpt>
      <trkpt lat="31.938488754" lon="34.973743279">
        <ele>154.40</ele>
        <time>2016-12-16T06:51:34.000Z</time>
        <extensions>
          <ns3:TrackPointExtension>
            <ns3:atemp>8.0</ns3:atemp>
          </ns3:TrackPointExtension>
        </extensions>
      </trkpt>
      <trkpt lat="31.938454388" lon="34.973791558">
        <ele>154.60</ele>
        <time>2016-12-16T06:51:36.000Z</time>
        <extensions>
          <ns3:TrackPointExtension>
            <ns3:atemp>8.0</ns3:atemp>
          </ns3:TrackPointExtension>
        </extensions>
      </trkpt>
      <trkpt lat="31.938365623" lon="34.973921981">
        <ele>155.40</ele>
        <time>2016-12-16T06:51:41.000Z</time>
        <extensions>
          <ns3:TrackPointExtension>
            <ns3:atemp>8.0</ns3:atemp>
          </ns3:TrackPointExtension>
        </extensions>
      </trkpt>
      <trkpt lat="31.938318517" lon="34.973998088">
        <ele>155.80</ele>
        <time>2016-12-16T06:51:44.000Z</time>
        <extensions>
          <ns3:TrackPointExtension>
            <ns3:atemp>8.0</ns3:atemp>
          </ns3:TrackPointExtension>
        </extensions>
      </trkpt>
      <trkpt lat="31.938250707" lon="34.974094229">
        <ele>156.60</ele>
        <time>2016-12-16T06:51:48.000Z</time>
        <extensions>
          <ns3:TrackPointExtension>
            <ns3:atemp>8.0</ns3:atemp>
          </ns3:TrackPointExtension>
        </extensions>
      </trkpt>
      <trkpt lat="31.938233105" lon="34.974116189">
        <ele>157.00</ele>
        <time>2016-12-16T06:51:49.000Z</time>
        <extensions>
          <ns3:TrackPointExtension>
            <ns3:atemp>8.0</ns3:atemp>
          </ns3:TrackPointExtension>
        </extensions>
      </trkpt>
      <trkpt lat="31.938124727" lon="34.974243427">
        <ele>158.20</ele>
        <time>2016-12-16T06:51:55.000Z</time>
        <extensions>
          <ns3:TrackPointExtension>
            <ns3:atemp>8.0</ns3:atemp>
          </ns3:TrackPointExtension>
        </extensions>
      </trkpt>
      <trkpt lat="31.937996820" lon="34.974327749">
        <ele>159.60</ele>
        <time>2016-12-16T06:52:02.000Z</time>
        <extensions>
          <ns3:TrackPointExtension>
            <ns3:atemp>8.0</ns3:atemp>
          </ns3:TrackPointExtension>
        </extensions>
      </trkpt>
      <trkpt lat="31.937980056" lon="34.974335711">
        <ele>159.60</ele>
        <time>2016-12-16T06:52:03.000Z</time>
        <extensions>
          <ns3:TrackPointExtension>
            <ns3:atemp>8.0</ns3:atemp>
          </ns3:TrackPointExtension>
        </extensions>
      </trkpt>
      <trkpt lat="31.937853238" lon="34.974410981">
        <ele>160.60</ele>
        <time>2016-12-16T06:52:09.000Z</time>
        <extensions>
          <ns3:TrackPointExtension>
            <ns3:atemp>8.0</ns3:atemp>
          </ns3:TrackPointExtension>
        </extensions>
      </trkpt>
      <trkpt lat="31.937828260" lon="34.974426739">
        <ele>160.80</ele>
        <time>2016-12-16T06:52:10.000Z</time>
        <extensions>
          <ns3:TrackPointExtension>
            <ns3:atemp>8.0</ns3:atemp>
          </ns3:TrackPointExtension>
        </extensions>
      </trkpt>
      <trkpt lat="31.937670847" lon="34.974525981">
        <ele>161.40</ele>
        <time>2016-12-16T06:52:16.000Z</time>
        <extensions>
          <ns3:TrackPointExtension>
            <ns3:atemp>8.0</ns3:atemp>
          </ns3:TrackPointExtension>
        </extensions>
      </trkpt>
      <trkpt lat="31.937488373" lon="34.974662354">
        <ele>161.60</ele>
        <time>2016-12-16T06:52:22.000Z</time>
        <extensions>
          <ns3:TrackPointExtension>
            <ns3:atemp>8.0</ns3:atemp>
          </ns3:TrackPointExtension>
        </extensions>
      </trkpt>
      <trkpt lat="31.937452918" lon="34.974684315">
        <ele>161.60</ele>
        <time>2016-12-16T06:52:23.000Z</time>
        <extensions>
          <ns3:TrackPointExtension>
            <ns3:atemp>8.0</ns3:atemp>
          </ns3:TrackPointExtension>
        </extensions>
      </trkpt>
      <trkpt lat="31.937322496" lon="34.974771487">
        <ele>161.60</ele>
        <time>2016-12-16T06:52:26.000Z</time>
        <extensions>
          <ns3:TrackPointExtension>
            <ns3:atemp>8.0</ns3:atemp>
          </ns3:TrackPointExtension>
        </extensions>
      </trkpt>
      <trkpt lat="31.937270612" lon="34.974808199">
        <ele>161.60</ele>
        <time>2016-12-16T06:52:27.000Z</time>
        <extensions>
          <ns3:TrackPointExtension>
            <ns3:atemp>8.0</ns3:atemp>
          </ns3:TrackPointExtension>
        </extensions>
      </trkpt>
      <trkpt lat="31.937088976" lon="34.974911883">
        <ele>161.60</ele>
        <time>2016-12-16T06:52:30.000Z</time>
        <extensions>
          <ns3:TrackPointExtension>
            <ns3:atemp>8.0</ns3:atemp>
          </ns3:TrackPointExtension>
        </extensions>
      </trkpt>
      <trkpt lat="31.937016137" lon="34.974927306">
        <ele>161.40</ele>
        <time>2016-12-16T06:52:31.000Z</time>
        <extensions>
          <ns3:TrackPointExtension>
            <ns3:atemp>8.0</ns3:atemp>
          </ns3:TrackPointExtension>
        </extensions>
      </trkpt>
      <trkpt lat="31.936787562" lon="34.974868381">
        <ele>160.80</ele>
        <time>2016-12-16T06:52:34.000Z</time>
        <extensions>
          <ns3:TrackPointExtension>
            <ns3:atemp>8.0</ns3:atemp>
          </ns3:TrackPointExtension>
        </extensions>
      </trkpt>
      <trkpt lat="31.936712377" lon="34.974830830">
        <ele>160.40</ele>
        <time>2016-12-16T06:52:35.000Z</time>
        <extensions>
          <ns3:TrackPointExtension>
            <ns3:atemp>8.0</ns3:atemp>
          </ns3:TrackPointExtension>
        </extensions>
      </trkpt>
      <trkpt lat="31.936556054" lon="34.974751957">
        <ele>159.00</ele>
        <time>2016-12-16T06:52:37.000Z</time>
        <extensions>
          <ns3:TrackPointExtension>
            <ns3:atemp>8.0</ns3:atemp>
          </ns3:TrackPointExtension>
        </extensions>
      </trkpt>
      <trkpt lat="31.936316919" lon="34.974637292">
        <ele>157.40</ele>
        <time>2016-12-16T06:52:40.000Z</time>
        <extensions>
          <ns3:TrackPointExtension>
            <ns3:atemp>8.0</ns3:atemp>
          </ns3:TrackPointExtension>
        </extensions>
      </trkpt>
      <trkpt lat="31.936239218" lon="34.974595718">
        <ele>156.80</ele>
        <time>2016-12-16T06:52:41.000Z</time>
        <extensions>
          <ns3:TrackPointExtension>
            <ns3:atemp>8.0</ns3:atemp>
          </ns3:TrackPointExtension>
        </extensions>
      </trkpt>
      <trkpt lat="31.936161853" lon="34.974559424">
        <ele>156.20</ele>
        <time>2016-12-16T06:52:42.000Z</time>
        <extensions>
          <ns3:TrackPointExtension>
            <ns3:atemp>8.0</ns3:atemp>
          </ns3:TrackPointExtension>
        </extensions>
      </trkpt>
      <trkpt lat="31.936014332" lon="34.974493040">
        <ele>154.80</ele>
        <time>2016-12-16T06:52:44.000Z</time>
        <extensions>
          <ns3:TrackPointExtension>
            <ns3:atemp>8.0</ns3:atemp>
          </ns3:TrackPointExtension>
        </extensions>
      </trkpt>
      <trkpt lat="31.935874689" lon="34.974421374">
        <ele>153.80</ele>
        <time>2016-12-16T06:52:46.000Z</time>
        <extensions>
          <ns3:TrackPointExtension>
            <ns3:atemp>8.0</ns3:atemp>
          </ns3:TrackPointExtension>
        </extensions>
      </trkpt>
      <trkpt lat="31.935670171" lon="34.974326994">
        <ele>152.60</ele>
        <time>2016-12-16T06:52:49.000Z</time>
        <extensions>
          <ns3:TrackPointExtension>
            <ns3:atemp>8.0</ns3:atemp>
          </ns3:TrackPointExtension>
        </extensions>
      </trkpt>
      <trkpt lat="31.935426090" lon="34.974211995">
        <ele>151.60</ele>
        <time>2016-12-16T06:52:53.000Z</time>
        <extensions>
          <ns3:TrackPointExtension>
            <ns3:atemp>8.0</ns3:atemp>
          </ns3:TrackPointExtension>
        </extensions>
      </trkpt>
      <trkpt lat="31.935241101" lon="34.974122895">
        <ele>150.80</ele>
        <time>2016-12-16T06:52:57.000Z</time>
        <extensions>
          <ns3:TrackPointExtension>
            <ns3:atemp>8.0</ns3:atemp>
          </ns3:TrackPointExtension>
        </extensions>
      </trkpt>
      <trkpt lat="31.935157953" lon="34.974086769">
        <ele>150.60</ele>
        <time>2016-12-16T06:52:59.000Z</time>
        <extensions>
          <ns3:TrackPointExtension>
            <ns3:atemp>8.0</ns3:atemp>
          </ns3:TrackPointExtension>
        </extensions>
      </trkpt>
      <trkpt lat="31.934973467" lon="34.974010661">
        <ele>149.40</ele>
        <time>2016-12-16T06:53:04.000Z</time>
        <extensions>
          <ns3:TrackPointExtension>
            <ns3:atemp>8.0</ns3:atemp>
          </ns3:TrackPointExtension>
        </extensions>
      </trkpt>
      <trkpt lat="31.934937090" lon="34.973998759">
        <ele>149.40</ele>
        <time>2016-12-16T06:53:05.000Z</time>
        <extensions>
          <ns3:TrackPointExtension>
            <ns3:atemp>8.0</ns3:atemp>
          </ns3:TrackPointExtension>
        </extensions>
      </trkpt>
      <trkpt lat="31.934797531" lon="34.973958693">
        <ele>148.40</ele>
        <time>2016-12-16T06:53:09.000Z</time>
        <extensions>
          <ns3:TrackPointExtension>
            <ns3:atemp>8.0</ns3:atemp>
          </ns3:TrackPointExtension>
        </extensions>
      </trkpt>
      <trkpt lat="31.934689069" lon="34.973903792">
        <ele>148.00</ele>
        <time>2016-12-16T06:53:12.000Z</time>
        <extensions>
          <ns3:TrackPointExtension>
            <ns3:atemp>8.0</ns3:atemp>
          </ns3:TrackPointExtension>
        </extensions>
      </trkpt>
      <trkpt lat="31.934422692" lon="34.973807400">
        <ele>147.40</ele>
        <time>2016-12-16T06:53:18.000Z</time>
        <extensions>
          <ns3:TrackPointExtension>
            <ns3:atemp>8.0</ns3:atemp>
          </ns3:TrackPointExtension>
        </extensions>
      </trkpt>
      <trkpt lat="31.934379525" lon="34.973792732">
        <ele>147.20</ele>
        <time>2016-12-16T06:53:19.000Z</time>
        <extensions>
          <ns3:TrackPointExtension>
            <ns3:atemp>8.0</ns3:atemp>
          </ns3:TrackPointExtension>
        </extensions>
      </trkpt>
      <trkpt lat="31.934085824" lon="34.973676223">
        <ele>146.20</ele>
        <time>2016-12-16T06:53:26.000Z</time>
        <extensions>
          <ns3:TrackPointExtension>
            <ns3:atemp>8.0</ns3:atemp>
          </ns3:TrackPointExtension>
        </extensions>
      </trkpt>
      <trkpt lat="31.934047686" lon="34.973657364">
        <ele>146.00</ele>
        <time>2016-12-16T06:53:27.000Z</time>
        <extensions>
          <ns3:TrackPointExtension>
            <ns3:atemp>8.0</ns3:atemp>
          </ns3:TrackPointExtension>
        </extensions>
      </trkpt>
      <trkpt lat="31.933939392" lon="34.973590057">
        <ele>145.00</ele>
        <time>2016-12-16T06:53:30.000Z</time>
        <extensions>
          <ns3:TrackPointExtension>
            <ns3:atemp>8.0</ns3:atemp>
          </ns3:TrackPointExtension>
        </extensions>
      </trkpt>
      <trkpt lat="31.933803940" lon="34.973521745">
        <ele>144.60</ele>
        <time>2016-12-16T06:53:34.000Z</time>
        <extensions>
          <ns3:TrackPointExtension>
            <ns3:atemp>8.0</ns3:atemp>
          </ns3:TrackPointExtension>
        </extensions>
      </trkpt>
      <trkpt lat="31.933643175" lon="34.973395513">
        <ele>144.00</ele>
        <time>2016-12-16T06:53:39.000Z</time>
        <extensions>
          <ns3:TrackPointExtension>
            <ns3:atemp>8.0</ns3:atemp>
          </ns3:TrackPointExtension>
        </extensions>
      </trkpt>
      <trkpt lat="31.933569834" lon="34.973334493">
        <ele>144.00</ele>
        <time>2016-12-16T06:53:41.000Z</time>
        <extensions>
          <ns3:TrackPointExtension>
            <ns3:atemp>8.0</ns3:atemp>
          </ns3:TrackPointExtension>
        </extensions>
      </trkpt>
      <trkpt lat="31.933409236" lon="34.973201556">
        <ele>143.40</ele>
        <time>2016-12-16T06:53:45.000Z</time>
        <extensions>
          <ns3:TrackPointExtension>
            <ns3:atemp>8.0</ns3:atemp>
          </ns3:TrackPointExtension>
        </extensions>
      </trkpt>
      <trkpt lat="31.933367830" lon="34.973165430">
        <ele>143.40</ele>
        <time>2016-12-16T06:53:46.000Z</time>
        <extensions>
          <ns3:TrackPointExtension>
            <ns3:atemp>8.0</ns3:atemp>
          </ns3:TrackPointExtension>
        </extensions>
      </trkpt>
      <trkpt lat="31.933167167" lon="34.972968707">
        <ele>142.80</ele>
        <time>2016-12-16T06:53:51.000Z</time>
        <extensions>
          <ns3:TrackPointExtension>
            <ns3:atemp>8.0</ns3:atemp>
          </ns3:TrackPointExtension>
        </extensions>
      </trkpt>
      <trkpt lat="31.933044540" lon="34.972837949">
        <ele>142.40</ele>
        <time>2016-12-16T06:53:54.000Z</time>
        <extensions>
          <ns3:TrackPointExtension>
            <ns3:atemp>8.0</ns3:atemp>
          </ns3:TrackPointExtension>
        </extensions>
      </trkpt>
      <trkpt lat="31.932891402" lon="34.972719345">
        <ele>141.80</ele>
        <time>2016-12-16T06:53:57.000Z</time>
        <extensions>
          <ns3:TrackPointExtension>
            <ns3:atemp>8.0</ns3:atemp>
          </ns3:TrackPointExtension>
        </extensions>
      </trkpt>
      <trkpt lat="31.932828873" lon="34.972690092">
        <ele>141.80</ele>
        <time>2016-12-16T06:53:58.000Z</time>
        <extensions>
          <ns3:TrackPointExtension>
            <ns3:atemp>8.0</ns3:atemp>
          </ns3:TrackPointExtension>
        </extensions>
      </trkpt>
      <trkpt lat="31.932574902" lon="34.972597053">
        <ele>141.40</ele>
        <time>2016-12-16T06:54:02.000Z</time>
        <extensions>
          <ns3:TrackPointExtension>
            <ns3:atemp>8.0</ns3:atemp>
          </ns3:TrackPointExtension>
        </extensions>
      </trkpt>
      <trkpt lat="31.932512876" lon="34.972561346">
        <ele>141.20</ele>
        <time>2016-12-16T06:54:03.000Z</time>
        <extensions>
          <ns3:TrackPointExtension>
            <ns3:atemp>8.0</ns3:atemp>
          </ns3:TrackPointExtension>
        </extensions>
      </trkpt>
      <trkpt lat="31.932324870" lon="34.972435785">
        <ele>140.80</ele>
        <time>2016-12-16T06:54:06.000Z</time>
        <extensions>
          <ns3:TrackPointExtension>
            <ns3:atemp>8.0</ns3:atemp>
          </ns3:TrackPointExtension>
        </extensions>
      </trkpt>
      <trkpt lat="31.932142396" lon="34.972311566">
        <ele>140.20</ele>
        <time>2016-12-16T06:54:09.000Z</time>
        <extensions>
          <ns3:TrackPointExtension>
            <ns3:atemp>8.0</ns3:atemp>
          </ns3:TrackPointExtension>
        </extensions>
      </trkpt>
      <trkpt lat="31.932033682" lon="34.972223807">
        <ele>139.40</ele>
        <time>2016-12-16T06:54:11.000Z</time>
        <extensions>
          <ns3:TrackPointExtension>
            <ns3:atemp>8.0</ns3:atemp>
          </ns3:TrackPointExtension>
        </extensions>
      </trkpt>
      <trkpt lat="31.931779208" lon="34.971987521">
        <ele>138.40</ele>
        <time>2016-12-16T06:54:16.000Z</time>
        <extensions>
          <ns3:TrackPointExtension>
            <ns3:atemp>8.0</ns3:atemp>
          </ns3:TrackPointExtension>
        </extensions>
      </trkpt>
      <trkpt lat="31.931414930" lon="34.971639337">
        <ele>137.40</ele>
        <time>2016-12-16T06:54:23.000Z</time>
        <extensions>
          <ns3:TrackPointExtension>
            <ns3:atemp>8.0</ns3:atemp>
          </ns3:TrackPointExtension>
        </extensions>
      </trkpt>
      <trkpt lat="31.931361705" lon="34.971588878">
        <ele>137.20</ele>
        <time>2016-12-16T06:54:24.000Z</time>
        <extensions>
          <ns3:TrackPointExtension>
            <ns3:atemp>8.0</ns3:atemp>
          </ns3:TrackPointExtension>
        </extensions>
      </trkpt>
      <trkpt lat="31.931141093" lon="34.971391987">
        <ele>136.00</ele>
        <time>2016-12-16T06:54:28.000Z</time>
        <extensions>
          <ns3:TrackPointExtension>
            <ns3:atemp>8.0</ns3:atemp>
          </ns3:TrackPointExtension>
        </extensions>
      </trkpt>
      <trkpt lat="31.930974294" lon="34.971242538">
        <ele>135.60</ele>
        <time>2016-12-16T06:54:31.000Z</time>
        <extensions>
          <ns3:TrackPointExtension>
            <ns3:atemp>8.0</ns3:atemp>
          </ns3:TrackPointExtension>
        </extensions>
      </trkpt>
      <trkpt lat="31.930816211" lon="34.971093759">
        <ele>135.00</ele>
        <time>2016-12-16T06:54:34.000Z</time>
        <extensions>
          <ns3:TrackPointExtension>
            <ns3:atemp>8.0</ns3:atemp>
          </ns3:TrackPointExtension>
        </extensions>
      </trkpt>
      <trkpt lat="31.930703558" lon="34.971016478">
        <ele>134.40</ele>
        <time>2016-12-16T06:54:36.000Z</time>
        <extensions>
          <ns3:TrackPointExtension>
            <ns3:atemp>8.0</ns3:atemp>
          </ns3:TrackPointExtension>
        </extensions>
      </trkpt>
      <trkpt lat="31.930644214" lon="34.970992003">
        <ele>134.20</ele>
        <time>2016-12-16T06:54:37.000Z</time>
        <extensions>
          <ns3:TrackPointExtension>
            <ns3:atemp>8.0</ns3:atemp>
          </ns3:TrackPointExtension>
        </extensions>
      </trkpt>
      <trkpt lat="31.930469954" lon="34.970983705">
        <ele>134.00</ele>
        <time>2016-12-16T06:54:40.000Z</time>
        <extensions>
          <ns3:TrackPointExtension>
            <ns3:atemp>8.0</ns3:atemp>
          </ns3:TrackPointExtension>
        </extensions>
      </trkpt>
      <trkpt lat="31.930416981" lon="34.970997283">
        <ele>133.60</ele>
        <time>2016-12-16T06:54:41.000Z</time>
        <extensions>
          <ns3:TrackPointExtension>
            <ns3:atemp>8.0</ns3:atemp>
          </ns3:TrackPointExtension>
        </extensions>
      </trkpt>
      <trkpt lat="31.930107353" lon="34.971051179">
        <ele>133.00</ele>
        <time>2016-12-16T06:54:47.000Z</time>
        <extensions>
          <ns3:TrackPointExtension>
            <ns3:atemp>8.0</ns3:atemp>
          </ns3:TrackPointExtension>
        </extensions>
      </trkpt>
      <trkpt lat="31.930060163" lon="34.971053693">
        <ele>133.00</ele>
        <time>2016-12-16T06:54:48.000Z</time>
        <extensions>
          <ns3:TrackPointExtension>
            <ns3:atemp>8.0</ns3:atemp>
          </ns3:TrackPointExtension>
        </extensions>
      </trkpt>
      <trkpt lat="31.929823374" lon="34.971075319">
        <ele>133.00</ele>
        <time>2016-12-16T06:54:53.000Z</time>
        <extensions>
          <ns3:TrackPointExtension>
            <ns3:atemp>8.0</ns3:atemp>
          </ns3:TrackPointExtension>
        </extensions>
      </trkpt>
      <trkpt lat="31.929581808" lon="34.971053442">
        <ele>133.80</ele>
        <time>2016-12-16T06:54:58.000Z</time>
        <extensions>
          <ns3:TrackPointExtension>
            <ns3:atemp>8.0</ns3:atemp>
          </ns3:TrackPointExtension>
        </extensions>
      </trkpt>
      <trkpt lat="31.929533863" lon="34.971033409">
        <ele>133.80</ele>
        <time>2016-12-16T06:54:59.000Z</time>
        <extensions>
          <ns3:TrackPointExtension>
            <ns3:atemp>8.0</ns3:atemp>
          </ns3:TrackPointExtension>
        </extensions>
      </trkpt>
      <trkpt lat="31.929429928" lon="34.970995188">
        <ele>133.80</ele>
        <time>2016-12-16T06:55:01.000Z</time>
        <extensions>
          <ns3:TrackPointExtension>
            <ns3:atemp>8.0</ns3:atemp>
          </ns3:TrackPointExtension>
        </extensions>
      </trkpt>
      <trkpt lat="31.929257931" lon="34.970971383">
        <ele>133.80</ele>
        <time>2016-12-16T06:55:04.000Z</time>
        <extensions>
          <ns3:TrackPointExtension>
            <ns3:atemp>8.0</ns3:atemp>
          </ns3:TrackPointExtension>
        </extensions>
      </trkpt>
      <trkpt lat="31.929091634" lon="34.970997283">
        <ele>133.80</ele>
        <time>2016-12-16T06:55:07.000Z</time>
        <extensions>
          <ns3:TrackPointExtension>
            <ns3:atemp>8.0</ns3:atemp>
          </ns3:TrackPointExtension>
        </extensions>
      </trkpt>
      <trkpt lat="31.928989291" lon="34.971027039">
        <ele>133.60</ele>
        <time>2016-12-16T06:55:09.000Z</time>
        <extensions>
          <ns3:TrackPointExtension>
            <ns3:atemp>8.0</ns3:atemp>
          </ns3:TrackPointExtension>
        </extensions>
      </trkpt>
      <trkpt lat="31.928671533" lon="34.971092250">
        <ele>133.40</ele>
        <time>2016-12-16T06:55:16.000Z</time>
        <extensions>
          <ns3:TrackPointExtension>
            <ns3:atemp>8.0</ns3:atemp>
          </ns3:TrackPointExtension>
        </extensions>
      </trkpt>
      <trkpt lat="31.928528538" lon="34.971069619">
        <ele>133.40</ele>
        <time>2016-12-16T06:55:20.000Z</time>
        <extensions>
          <ns3:TrackPointExtension>
            <ns3:atemp>8.0</ns3:atemp>
          </ns3:TrackPointExtension>
        </extensions>
      </trkpt>
      <trkpt lat="31.928325947" lon="34.970988398">
        <ele>134.00</ele>
        <time>2016-12-16T06:55:27.000Z</time>
        <extensions>
          <ns3:TrackPointExtension>
            <ns3:atemp>8.0</ns3:atemp>
          </ns3:TrackPointExtension>
        </extensions>
      </trkpt>
      <trkpt lat="31.928231902" lon="34.970933832">
        <ele>135.00</ele>
        <time>2016-12-16T06:55:31.000Z</time>
        <extensions>
          <ns3:TrackPointExtension>
            <ns3:atemp>8.0</ns3:atemp>
          </ns3:TrackPointExtension>
        </extensions>
      </trkpt>
      <trkpt lat="31.928208098" lon="34.970918829">
        <ele>135.40</ele>
        <time>2016-12-16T06:55:32.000Z</time>
        <extensions>
          <ns3:TrackPointExtension>
            <ns3:atemp>8.0</ns3:atemp>
          </ns3:TrackPointExtension>
        </extensions>
      </trkpt>
      <trkpt lat="31.928013051" lon="34.970843559">
        <ele>136.00</ele>
        <time>2016-12-16T06:55:39.000Z</time>
        <extensions>
          <ns3:TrackPointExtension>
            <ns3:atemp>8.0</ns3:atemp>
          </ns3:TrackPointExtension>
        </extensions>
      </trkpt>
      <trkpt lat="31.927985055" lon="34.970830735">
        <ele>136.20</ele>
        <time>2016-12-16T06:55:40.000Z</time>
        <extensions>
          <ns3:TrackPointExtension>
            <ns3:atemp>8.0</ns3:atemp>
          </ns3:TrackPointExtension>
        </extensions>
      </trkpt>
      <trkpt lat="31.927844239" lon="34.970753035">
        <ele>136.80</ele>
        <time>2016-12-16T06:55:45.000Z</time>
        <extensions>
          <ns3:TrackPointExtension>
            <ns3:atemp>8.0</ns3:atemp>
          </ns3:TrackPointExtension>
        </extensions>
      </trkpt>
      <trkpt lat="31.927732257" lon="34.970679944">
        <ele>137.20</ele>
        <time>2016-12-16T06:55:50.000Z</time>
        <extensions>
          <ns3:TrackPointExtension>
            <ns3:atemp>8.0</ns3:atemp>
          </ns3:TrackPointExtension>
        </extensions>
      </trkpt>
      <trkpt lat="31.927707111" lon="34.970662929">
        <ele>137.40</ele>
        <time>2016-12-16T06:55:51.000Z</time>
        <extensions>
          <ns3:TrackPointExtension>
            <ns3:atemp>8.0</ns3:atemp>
          </ns3:TrackPointExtension>
        </extensions>
      </trkpt>
      <trkpt lat="31.927555148" lon="34.970580367">
        <ele>137.80</ele>
        <time>2016-12-16T06:55:57.000Z</time>
        <extensions>
          <ns3:TrackPointExtension>
            <ns3:atemp>8.0</ns3:atemp>
          </ns3:TrackPointExtension>
        </extensions>
      </trkpt>
      <trkpt lat="31.927427407" lon="34.970531836">
        <ele>138.40</ele>
        <time>2016-12-16T06:56:02.000Z</time>
        <extensions>
          <ns3:TrackPointExtension>
            <ns3:atemp>8.0</ns3:atemp>
          </ns3:TrackPointExtension>
        </extensions>
      </trkpt>
      <trkpt lat="31.927398490" lon="34.970523203">
        <ele>138.40</ele>
        <time>2016-12-16T06:56:03.000Z</time>
        <extensions>
          <ns3:TrackPointExtension>
            <ns3:atemp>8.0</ns3:atemp>
          </ns3:TrackPointExtension>
        </extensions>
      </trkpt>
      <trkpt lat="31.927245185" lon="34.970452040">
        <ele>139.40</ele>
        <time>2016-12-16T06:56:10.000Z</time>
        <extensions>
          <ns3:TrackPointExtension>
            <ns3:atemp>8.0</ns3:atemp>
          </ns3:TrackPointExtension>
        </extensions>
      </trkpt>
      <trkpt lat="31.927225571" lon="34.970444581">
        <ele>139.60</ele>
        <time>2016-12-16T06:56:11.000Z</time>
        <extensions>
          <ns3:TrackPointExtension>
            <ns3:atemp>8.0</ns3:atemp>
          </ns3:TrackPointExtension>
        </extensions>
      </trkpt>
      <trkpt lat="31.927127084" lon="34.970394960">
        <ele>140.60</ele>
        <time>2016-12-16T06:56:16.000Z</time>
        <extensions>
          <ns3:TrackPointExtension>
            <ns3:atemp>8.0</ns3:atemp>
          </ns3:TrackPointExtension>
        </extensions>
      </trkpt>
      <trkpt lat="31.927078636" lon="34.970375849">
        <ele>141.20</ele>
        <time>2016-12-16T06:56:19.000Z</time>
        <extensions>
          <ns3:TrackPointExtension>
            <ns3:atemp>8.0</ns3:atemp>
          </ns3:TrackPointExtension>
        </extensions>
      </trkpt>
      <trkpt lat="31.927063800" lon="34.970374508">
        <ele>141.60</ele>
        <time>2016-12-16T06:56:22.000Z</time>
        <extensions>
          <ns3:TrackPointExtension>
            <ns3:atemp>8.0</ns3:atemp>
          </ns3:TrackPointExtension>
        </extensions>
      </trkpt>
      <trkpt lat="31.927054496" lon="34.970378866">
        <ele>141.80</ele>
        <time>2016-12-16T06:56:23.000Z</time>
        <extensions>
          <ns3:TrackPointExtension>
            <ns3:atemp>8.0</ns3:atemp>
          </ns3:TrackPointExtension>
        </extensions>
      </trkpt>
      <trkpt lat="31.927139070" lon="34.970396720">
        <ele>142.00</ele>
        <time>2016-12-16T06:56:34.000Z</time>
        <extensions>
          <ns3:TrackPointExtension>
            <ns3:atemp>8.0</ns3:atemp>
          </ns3:TrackPointExtension>
        </extensions>
      </trkpt>
      <trkpt lat="31.927163294" lon="34.970400659">
        <ele>142.00</ele>
        <time>2016-12-16T06:56:35.000Z</time>
        <extensions>
          <ns3:TrackPointExtension>
            <ns3:atemp>8.0</ns3:atemp>
          </ns3:TrackPointExtension>
        </extensions>
      </trkpt>
      <trkpt lat="31.927331937" lon="34.970464362">
        <ele>142.00</ele>
        <time>2016-12-16T06:56:41.000Z</time>
        <extensions>
          <ns3:TrackPointExtension>
            <ns3:atemp>8.0</ns3:atemp>
          </ns3:TrackPointExtension>
        </extensions>
      </trkpt>
      <trkpt lat="31.927513741" lon="34.970542230">
        <ele>141.20</ele>
        <time>2016-12-16T06:56:46.000Z</time>
        <extensions>
          <ns3:TrackPointExtension>
            <ns3:atemp>8.0</ns3:atemp>
          </ns3:TrackPointExtension>
        </extensions>
      </trkpt>
      <trkpt lat="31.927602002" lon="34.970588582">
        <ele>140.80</ele>
        <time>2016-12-16T06:56:48.000Z</time>
        <extensions>
          <ns3:TrackPointExtension>
            <ns3:atemp>8.0</ns3:atemp>
          </ns3:TrackPointExtension>
        </extensions>
      </trkpt>
      <trkpt lat="31.927682804" lon="34.970643064">
        <ele>140.40</ele>
        <time>2016-12-16T06:56:50.000Z</time>
        <extensions>
          <ns3:TrackPointExtension>
            <ns3:atemp>8.0</ns3:atemp>
          </ns3:TrackPointExtension>
        </extensions>
      </trkpt>
      <trkpt lat="31.927717673" lon="34.970670389">
        <ele>140.00</ele>
        <time>2016-12-16T06:56:51.000Z</time>
        <extensions>
          <ns3:TrackPointExtension>
            <ns3:atemp>8.0</ns3:atemp>
          </ns3:TrackPointExtension>
        </extensions>
      </trkpt>
      <trkpt lat="31.927810712" lon="34.970744150">
        <ele>139.20</ele>
        <time>2016-12-16T06:56:54.000Z</time>
        <extensions>
          <ns3:TrackPointExtension>
            <ns3:atemp>8.0</ns3:atemp>
          </ns3:TrackPointExtension>
        </extensions>
      </trkpt>
      <trkpt lat="31.927849017" lon="34.970768541">
        <ele>139.20</ele>
        <time>2016-12-16T06:56:55.000Z</time>
        <extensions>
          <ns3:TrackPointExtension>
            <ns3:atemp>8.0</ns3:atemp>
          </ns3:TrackPointExtension>
        </extensions>
      </trkpt>
      <trkpt lat="31.927892016" lon="34.970791927">
        <ele>138.80</ele>
        <time>2016-12-16T06:56:56.000Z</time>
        <extensions>
          <ns3:TrackPointExtension>
            <ns3:atemp>8.0</ns3:atemp>
          </ns3:TrackPointExtension>
        </extensions>
      </trkpt>
      <trkpt lat="31.928078765" lon="34.970874405">
        <ele>138.20</ele>
        <time>2016-12-16T06:57:00.000Z</time>
        <extensions>
          <ns3:TrackPointExtension>
            <ns3:atemp>8.0</ns3:atemp>
          </ns3:TrackPointExtension>
        </extensions>
      </trkpt>
      <trkpt lat="31.928181946" lon="34.970911369">
        <ele>138.00</ele>
        <time>2016-12-16T06:57:02.000Z</time>
        <extensions>
          <ns3:TrackPointExtension>
            <ns3:atemp>8.0</ns3:atemp>
          </ns3:TrackPointExtension>
        </extensions>
      </trkpt>
      <trkpt lat="31.928499872" lon="34.971090993">
        <ele>137.00</ele>
        <time>2016-12-16T06:57:09.000Z</time>
        <extensions>
          <ns3:TrackPointExtension>
            <ns3:atemp>8.0</ns3:atemp>
          </ns3:TrackPointExtension>
        </extensions>
      </trkpt>
      <trkpt lat="31.928630378" lon="34.971121084">
        <ele>136.00</ele>
        <time>2016-12-16T06:57:13.000Z</time>
        <extensions>
          <ns3:TrackPointExtension>
            <ns3:atemp>8.0</ns3:atemp>
          </ns3:TrackPointExtension>
        </extensions>
      </trkpt>
      <trkpt lat="31.928666085" lon="34.971124940">
        <ele>135.80</ele>
        <time>2016-12-16T06:57:14.000Z</time>
        <extensions>
          <ns3:TrackPointExtension>
            <ns3:atemp>8.0</ns3:atemp>
          </ns3:TrackPointExtension>
        </extensions>
      </trkpt>
      <trkpt lat="31.928706151" lon="34.971125359">
        <ele>135.20</ele>
        <time>2016-12-16T06:57:15.000Z</time>
        <extensions>
          <ns3:TrackPointExtension>
            <ns3:atemp>8.0</ns3:atemp>
          </ns3:TrackPointExtension>
        </extensions>
      </trkpt>
      <trkpt lat="31.928793322" lon="34.971114881">
        <ele>134.80</ele>
        <time>2016-12-16T06:57:17.000Z</time>
        <extensions>
          <ns3:TrackPointExtension>
            <ns3:atemp>8.0</ns3:atemp>
          </ns3:TrackPointExtension>
        </extensions>
      </trkpt>
      <trkpt lat="31.928870268" lon="34.971107924">
        <ele>134.20</ele>
        <time>2016-12-16T06:57:19.000Z</time>
        <extensions>
          <ns3:TrackPointExtension>
            <ns3:atemp>8.0</ns3:atemp>
          </ns3:TrackPointExtension>
        </extensions>
      </trkpt>
      <trkpt lat="31.928934725" lon="34.971099626">
        <ele>133.60</ele>
        <time>2016-12-16T06:57:21.000Z</time>
        <extensions>
          <ns3:TrackPointExtension>
            <ns3:atemp>8.0</ns3:atemp>
          </ns3:TrackPointExtension>
        </extensions>
      </trkpt>
      <trkpt lat="31.929098675" lon="34.971035253">
        <ele>133.00</ele>
        <time>2016-12-16T06:57:26.000Z</time>
        <extensions>
          <ns3:TrackPointExtension>
            <ns3:atemp>8.0</ns3:atemp>
          </ns3:TrackPointExtension>
        </extensions>
      </trkpt>
      <trkpt lat="31.929300092" lon="34.970999463">
        <ele>132.80</ele>
        <time>2016-12-16T06:57:31.000Z</time>
        <extensions>
          <ns3:TrackPointExtension>
            <ns3:atemp>8.0</ns3:atemp>
          </ns3:TrackPointExtension>
        </extensions>
      </trkpt>
      <trkpt lat="31.929530594" lon="34.971036175">
        <ele>132.80</ele>
        <time>2016-12-16T06:57:37.000Z</time>
        <extensions>
          <ns3:TrackPointExtension>
            <ns3:atemp>8.0</ns3:atemp>
          </ns3:TrackPointExtension>
        </extensions>
      </trkpt>
      <trkpt lat="31.929782890" lon="34.971092502">
        <ele>133.00</ele>
        <time>2016-12-16T06:57:44.000Z</time>
        <extensions>
          <ns3:TrackPointExtension>
            <ns3:atemp>8.0</ns3:atemp>
          </ns3:TrackPointExtension>
        </extensions>
      </trkpt>
      <trkpt lat="31.930006854" lon="34.971099375">
        <ele>133.20</ele>
        <time>2016-12-16T06:57:50.000Z</time>
        <extensions>
          <ns3:TrackPointExtension>
            <ns3:atemp>7.0</ns3:atemp>
          </ns3:TrackPointExtension>
        </extensions>
      </trkpt>
      <trkpt lat="31.930227298" lon="34.971075905">
        <ele>133.40</ele>
        <time>2016-12-16T06:57:56.000Z</time>
        <extensions>
          <ns3:TrackPointExtension>
            <ns3:atemp>7.0</ns3:atemp>
          </ns3:TrackPointExtension>
        </extensions>
      </trkpt>
      <trkpt lat="31.930310195" lon="34.971068865">
        <ele>133.40</ele>
        <time>2016-12-16T06:57:58.000Z</time>
        <extensions>
          <ns3:TrackPointExtension>
            <ns3:atemp>7.0</ns3:atemp>
          </ns3:TrackPointExtension>
        </extensions>
      </trkpt>
      <trkpt lat="31.930476995" lon="34.971033242">
        <ele>133.20</ele>
        <time>2016-12-16T06:58:02.000Z</time>
        <extensions>
          <ns3:TrackPointExtension>
            <ns3:atemp>7.0</ns3:atemp>
          </ns3:TrackPointExtension>
        </extensions>
      </trkpt>
      <trkpt lat="31.930581015" lon="34.970964175">
        <ele>133.00</ele>
        <time>2016-12-16T06:58:06.000Z</time>
        <extensions>
          <ns3:TrackPointExtension>
            <ns3:atemp>7.0</ns3:atemp>
          </ns3:TrackPointExtension>
        </extensions>
      </trkpt>
      <trkpt lat="31.930608926" lon="34.970860071">
        <ele>132.40</ele>
        <time>2016-12-16T06:58:09.000Z</time>
        <extensions>
          <ns3:TrackPointExtension>
            <ns3:atemp>7.0</ns3:atemp>
          </ns3:TrackPointExtension>
        </extensions>
      </trkpt>
      <trkpt lat="31.930601383" lon="34.970819000">
        <ele>132.40</ele>
        <time>2016-12-16T06:58:10.000Z</time>
        <extensions>
          <ns3:TrackPointExtension>
            <ns3:atemp>7.0</ns3:atemp>
          </ns3:TrackPointExtension>
        </extensions>
      </trkpt>
      <trkpt lat="31.930576740" lon="34.970717998">
        <ele>132.00</ele>
        <time>2016-12-16T06:58:12.000Z</time>
        <extensions>
          <ns3:TrackPointExtension>
            <ns3:atemp>7.0</ns3:atemp>
          </ns3:TrackPointExtension>
        </extensions>
      </trkpt>
      <trkpt lat="31.930559473" lon="34.970659409">
        <ele>132.00</ele>
        <time>2016-12-16T06:58:13.000Z</time>
        <extensions>
          <ns3:TrackPointExtension>
            <ns3:atemp>7.0</ns3:atemp>
          </ns3:TrackPointExtension>
        </extensions>
      </trkpt>
      <trkpt lat="31.930538099" lon="34.970593192">
        <ele>131.80</ele>
        <time>2016-12-16T06:58:14.000Z</time>
        <extensions>
          <ns3:TrackPointExtension>
            <ns3:atemp>7.0</ns3:atemp>
          </ns3:TrackPointExtension>
        </extensions>
      </trkpt>
      <trkpt lat="31.930519156" lon="34.970522448">
        <ele>131.80</ele>
        <time>2016-12-16T06:58:15.000Z</time>
        <extensions>
          <ns3:TrackPointExtension>
            <ns3:atemp>7.0</ns3:atemp>
          </ns3:TrackPointExtension>
        </extensions>
      </trkpt>
      <trkpt lat="31.930469535" lon="34.970300160">
        <ele>131.40</ele>
        <time>2016-12-16T06:58:18.000Z</time>
        <extensions>
          <ns3:TrackPointExtension>
            <ns3:atemp>7.0</ns3:atemp>
          </ns3:TrackPointExtension>
        </extensions>
      </trkpt>
      <trkpt lat="31.930453274" lon="34.970235536">
        <ele>131.00</ele>
        <time>2016-12-16T06:58:19.000Z</time>
        <extensions>
          <ns3:TrackPointExtension>
            <ns3:atemp>7.0</ns3:atemp>
          </ns3:TrackPointExtension>
        </extensions>
      </trkpt>
      <trkpt lat="31.930396864" lon="34.970052727">
        <ele>130.20</ele>
        <time>2016-12-16T06:58:22.000Z</time>
        <extensions>
          <ns3:TrackPointExtension>
            <ns3:atemp>7.0</ns3:atemp>
          </ns3:TrackPointExtension>
        </extensions>
      </trkpt>
      <trkpt lat="31.930353530" lon="34.969878718">
        <ele>129.20</ele>
        <time>2016-12-16T06:58:25.000Z</time>
        <extensions>
          <ns3:TrackPointExtension>
            <ns3:atemp>7.0</ns3:atemp>
          </ns3:TrackPointExtension>
        </extensions>
      </trkpt>
      <trkpt lat="31.930338694" lon="34.969820715">
        <ele>129.00</ele>
        <time>2016-12-16T06:58:26.000Z</time>
        <extensions>
          <ns3:TrackPointExtension>
            <ns3:atemp>7.0</ns3:atemp>
          </ns3:TrackPointExtension>
        </extensions>
      </trkpt>
      <trkpt lat="31.930290330" lon="34.969439339">
        <ele>128.20</ele>
        <time>2016-12-16T06:58:32.000Z</time>
        <extensions>
          <ns3:TrackPointExtension>
            <ns3:atemp>7.0</ns3:atemp>
          </ns3:TrackPointExtension>
        </extensions>
      </trkpt>
      <trkpt lat="31.930292258" lon="34.969372200">
        <ele>128.00</ele>
        <time>2016-12-16T06:58:33.000Z</time>
        <extensions>
          <ns3:TrackPointExtension>
            <ns3:atemp>7.0</ns3:atemp>
          </ns3:TrackPointExtension>
        </extensions>
      </trkpt>
      <trkpt lat="31.930305250" lon="34.969236581">
        <ele>127.80</ele>
        <time>2016-12-16T06:58:35.000Z</time>
        <extensions>
          <ns3:TrackPointExtension>
            <ns3:atemp>7.0</ns3:atemp>
          </ns3:TrackPointExtension>
        </extensions>
      </trkpt>
      <trkpt lat="31.930365097" lon="34.968954027">
        <ele>126.80</ele>
        <time>2016-12-16T06:58:39.000Z</time>
        <extensions>
          <ns3:TrackPointExtension>
            <ns3:atemp>7.0</ns3:atemp>
          </ns3:TrackPointExtension>
        </extensions>
      </trkpt>
      <trkpt lat="31.930504739" lon="34.968704581">
        <ele>126.00</ele>
        <time>2016-12-16T06:58:43.000Z</time>
        <extensions>
          <ns3:TrackPointExtension>
            <ns3:atemp>7.0</ns3:atemp>
          </ns3:TrackPointExtension>
        </extensions>
      </trkpt>
      <trkpt lat="31.930547236" lon="34.968653033">
        <ele>125.80</ele>
        <time>2016-12-16T06:58:44.000Z</time>
        <extensions>
          <ns3:TrackPointExtension>
            <ns3:atemp>7.0</ns3:atemp>
          </ns3:TrackPointExtension>
        </extensions>
      </trkpt>
      <trkpt lat="31.930719651" lon="34.968469134">
        <ele>124.80</ele>
        <time>2016-12-16T06:58:48.000Z</time>
        <extensions>
          <ns3:TrackPointExtension>
            <ns3:atemp>7.0</ns3:atemp>
          </ns3:TrackPointExtension>
        </extensions>
      </trkpt>
      <trkpt lat="31.930758962" lon="34.968430325">
        <ele>124.60</ele>
        <time>2016-12-16T06:58:49.000Z</time>
        <extensions>
          <ns3:TrackPointExtension>
            <ns3:atemp>7.0</ns3:atemp>
          </ns3:TrackPointExtension>
        </extensions>
      </trkpt>
      <trkpt lat="31.930911345" lon="34.968268471">
        <ele>123.60</ele>
        <time>2016-12-16T06:58:54.000Z</time>
        <extensions>
          <ns3:TrackPointExtension>
            <ns3:atemp>7.0</ns3:atemp>
          </ns3:TrackPointExtension>
        </extensions>
      </trkpt>
      <trkpt lat="31.930968761" lon="34.968199404">
        <ele>123.00</ele>
        <time>2016-12-16T06:58:58.000Z</time>
        <extensions>
          <ns3:TrackPointExtension>
            <ns3:atemp>7.0</ns3:atemp>
          </ns3:TrackPointExtension>
        </extensions>
      </trkpt>
      <trkpt lat="31.930979909" lon="34.968182808">
        <ele>122.20</ele>
        <time>2016-12-16T06:58:59.000Z</time>
        <extensions>
          <ns3:TrackPointExtension>
            <ns3:atemp>7.0</ns3:atemp>
          </ns3:TrackPointExtension>
        </extensions>
      </trkpt>
      <trkpt lat="31.931036990" lon="34.968107874">
        <ele>121.60</ele>
        <time>2016-12-16T06:59:04.000Z</time>
        <extensions>
          <ns3:TrackPointExtension>
            <ns3:atemp>7.0</ns3:atemp>
          </ns3:TrackPointExtension>
        </extensions>
      </trkpt>
      <trkpt lat="31.931005307" lon="34.968110556">
        <ele>121.40</ele>
        <time>2016-12-16T06:59:07.000Z</time>
        <extensions>
          <ns3:TrackPointExtension>
            <ns3:atemp>7.0</ns3:atemp>
          </ns3:TrackPointExtension>
        </extensions>
      </trkpt>
      <trkpt lat="31.930984268" lon="34.968134025">
        <ele>121.40</ele>
        <time>2016-12-16T06:59:09.000Z</time>
        <extensions>
          <ns3:TrackPointExtension>
            <ns3:atemp>7.0</ns3:atemp>
          </ns3:TrackPointExtension>
        </extensions>
      </trkpt>
      <trkpt lat="31.930961721" lon="34.968151543">
        <ele>121.20</ele>
        <time>2016-12-16T06:59:11.000Z</time>
        <extensions>
          <ns3:TrackPointExtension>
            <ns3:atemp>7.0</ns3:atemp>
          </ns3:TrackPointExtension>
        </extensions>
      </trkpt>
      <trkpt lat="31.930921655" lon="34.968183897">
        <ele>121.20</ele>
        <time>2016-12-16T06:59:17.000Z</time>
        <extensions>
          <ns3:TrackPointExtension>
            <ns3:atemp>7.0</ns3:atemp>
          </ns3:TrackPointExtension>
        </extensions>
      </trkpt>
      <trkpt lat="31.930938838" lon="34.968174845">
        <ele>121.20</ele>
        <time>2016-12-16T06:59:34.000Z</time>
        <extensions>
          <ns3:TrackPointExtension>
            <ns3:atemp>7.0</ns3:atemp>
          </ns3:TrackPointExtension>
        </extensions>
      </trkpt>
      <trkpt lat="31.930969181" lon="34.968133438">
        <ele>121.20</ele>
        <time>2016-12-16T06:59:36.000Z</time>
        <extensions>
          <ns3:TrackPointExtension>
            <ns3:atemp>7.0</ns3:atemp>
          </ns3:TrackPointExtension>
        </extensions>
      </trkpt>
      <trkpt lat="31.931059873" lon="34.968062444">
        <ele>121.20</ele>
        <time>2016-12-16T06:59:40.000Z</time>
        <extensions>
          <ns3:TrackPointExtension>
            <ns3:atemp>7.0</ns3:atemp>
          </ns3:TrackPointExtension>
        </extensions>
      </trkpt>
      <trkpt lat="31.931173699" lon="34.967934703">
        <ele>121.00</ele>
        <time>2016-12-16T06:59:46.000Z</time>
        <extensions>
          <ns3:TrackPointExtension>
            <ns3:atemp>7.0</ns3:atemp>
          </ns3:TrackPointExtension>
        </extensions>
      </trkpt>
      <trkpt lat="31.931278976" lon="34.967802437">
        <ele>120.80</ele>
        <time>2016-12-16T06:59:52.000Z</time>
        <extensions>
          <ns3:TrackPointExtension>
            <ns3:atemp>7.0</ns3:atemp>
          </ns3:TrackPointExtension>
        </extensions>
      </trkpt>
      <trkpt lat="31.931379559" lon="34.967637649">
        <ele>120.60</ele>
        <time>2016-12-16T06:59:57.000Z</time>
        <extensions>
          <ns3:TrackPointExtension>
            <ns3:atemp>7.0</ns3:atemp>
          </ns3:TrackPointExtension>
        </extensions>
      </trkpt>
      <trkpt lat="31.931404704" lon="34.967599595">
        <ele>120.40</ele>
        <time>2016-12-16T06:59:58.000Z</time>
        <extensions>
          <ns3:TrackPointExtension>
            <ns3:atemp>7.0</ns3:atemp>
          </ns3:TrackPointExtension>
        </extensions>
      </trkpt>
      <trkpt lat="31.931471005" lon="34.967483087">
        <ele>120.20</ele>
        <time>2016-12-16T07:00:01.000Z</time>
        <extensions>
          <ns3:TrackPointExtension>
            <ns3:atemp>7.0</ns3:atemp>
          </ns3:TrackPointExtension>
        </extensions>
      </trkpt>
      <trkpt lat="31.931498079" lon="34.967443272">
        <ele>120.00</ele>
        <time>2016-12-16T07:00:02.000Z</time>
        <extensions>
          <ns3:TrackPointExtension>
            <ns3:atemp>7.0</ns3:atemp>
          </ns3:TrackPointExtension>
        </extensions>
      </trkpt>
      <trkpt lat="31.931646774" lon="34.967207490">
        <ele>119.20</ele>
        <time>2016-12-16T07:00:08.000Z</time>
        <extensions>
          <ns3:TrackPointExtension>
            <ns3:atemp>7.0</ns3:atemp>
          </ns3:TrackPointExtension>
        </extensions>
      </trkpt>
      <trkpt lat="31.931835283" lon="34.966845894">
        <ele>118.80</ele>
        <time>2016-12-16T07:00:16.000Z</time>
        <extensions>
          <ns3:TrackPointExtension>
            <ns3:atemp>7.0</ns3:atemp>
          </ns3:TrackPointExtension>
        </extensions>
      </trkpt>
      <trkpt lat="31.931917593" lon="34.966537608">
        <ele>118.20</ele>
        <time>2016-12-16T07:00:22.000Z</time>
        <extensions>
          <ns3:TrackPointExtension>
            <ns3:atemp>7.0</ns3:atemp>
          </ns3:TrackPointExtension>
        </extensions>
      </trkpt>
      <trkpt lat="31.931948019" lon="34.966370976">
        <ele>117.60</ele>
        <time>2016-12-16T07:00:25.000Z</time>
        <extensions>
          <ns3:TrackPointExtension>
            <ns3:atemp>7.0</ns3:atemp>
          </ns3:TrackPointExtension>
        </extensions>
      </trkpt>
      <trkpt lat="31.932020104" lon="34.965967638">
        <ele>117.40</ele>
        <time>2016-12-16T07:00:32.000Z</time>
        <extensions>
          <ns3:TrackPointExtension>
            <ns3:atemp>7.0</ns3:atemp>
          </ns3:TrackPointExtension>
        </extensions>
      </trkpt>
      <trkpt lat="31.932077017" lon="34.965624986">
        <ele>116.80</ele>
        <time>2016-12-16T07:00:38.000Z</time>
        <extensions>
          <ns3:TrackPointExtension>
            <ns3:atemp>7.0</ns3:atemp>
          </ns3:TrackPointExtension>
        </extensions>
      </trkpt>
      <trkpt lat="31.932082716" lon="34.965567235">
        <ele>116.80</ele>
        <time>2016-12-16T07:00:39.000Z</time>
        <extensions>
          <ns3:TrackPointExtension>
            <ns3:atemp>7.0</ns3:atemp>
          </ns3:TrackPointExtension>
        </extensions>
      </trkpt>
      <trkpt lat="31.932084979" lon="34.965451900">
        <ele>116.60</ele>
        <time>2016-12-16T07:00:41.000Z</time>
        <extensions>
          <ns3:TrackPointExtension>
            <ns3:atemp>7.0</ns3:atemp>
          </ns3:TrackPointExtension>
        </extensions>
      </trkpt>
      <trkpt lat="31.932059499" lon="34.965106482">
        <ele>116.20</ele>
        <time>2016-12-16T07:00:47.000Z</time>
        <extensions>
          <ns3:TrackPointExtension>
            <ns3:atemp>7.0</ns3:atemp>
          </ns3:TrackPointExtension>
        </extensions>
      </trkpt>
      <trkpt lat="31.932049775" lon="34.965050910">
        <ele>116.00</ele>
        <time>2016-12-16T07:00:48.000Z</time>
        <extensions>
          <ns3:TrackPointExtension>
            <ns3:atemp>7.0</ns3:atemp>
          </ns3:TrackPointExtension>
        </extensions>
      </trkpt>
      <trkpt lat="31.932020690" lon="34.964888049">
        <ele>115.80</ele>
        <time>2016-12-16T07:00:51.000Z</time>
        <extensions>
          <ns3:TrackPointExtension>
            <ns3:atemp>7.0</ns3:atemp>
          </ns3:TrackPointExtension>
        </extensions>
      </trkpt>
      <trkpt lat="31.932015326" lon="34.964831304">
        <ele>115.80</ele>
        <time>2016-12-16T07:00:52.000Z</time>
        <extensions>
          <ns3:TrackPointExtension>
            <ns3:atemp>7.0</ns3:atemp>
          </ns3:TrackPointExtension>
        </extensions>
      </trkpt>
      <trkpt lat="31.931977188" lon="34.964655703">
        <ele>115.40</ele>
        <time>2016-12-16T07:00:55.000Z</time>
        <extensions>
          <ns3:TrackPointExtension>
            <ns3:atemp>7.0</ns3:atemp>
          </ns3:TrackPointExtension>
        </extensions>
      </trkpt>
      <trkpt lat="31.931934021" lon="34.964538021">
        <ele>115.40</ele>
        <time>2016-12-16T07:00:57.000Z</time>
        <extensions>
          <ns3:TrackPointExtension>
            <ns3:atemp>7.0</ns3:atemp>
          </ns3:TrackPointExtension>
        </extensions>
      </trkpt>
      <trkpt lat="31.931779794" lon="34.964157902">
        <ele>115.00</ele>
        <time>2016-12-16T07:01:03.000Z</time>
        <extensions>
          <ns3:TrackPointExtension>
            <ns3:atemp>7.0</ns3:atemp>
          </ns3:TrackPointExtension>
        </extensions>
      </trkpt>
      <trkpt lat="31.931732018" lon="34.964008536">
        <ele>114.60</ele>
        <time>2016-12-16T07:01:05.000Z</time>
        <extensions>
          <ns3:TrackPointExtension>
            <ns3:atemp>7.0</ns3:atemp>
          </ns3:TrackPointExtension>
        </extensions>
      </trkpt>
      <trkpt lat="31.931714248" lon="34.963927567">
        <ele>114.60</ele>
        <time>2016-12-16T07:01:06.000Z</time>
        <extensions>
          <ns3:TrackPointExtension>
            <ns3:atemp>7.0</ns3:atemp>
          </ns3:TrackPointExtension>
        </extensions>
      </trkpt>
      <trkpt lat="31.931704776" lon="34.963841569">
        <ele>114.40</ele>
        <time>2016-12-16T07:01:07.000Z</time>
        <extensions>
          <ns3:TrackPointExtension>
            <ns3:atemp>7.0</ns3:atemp>
          </ns3:TrackPointExtension>
        </extensions>
      </trkpt>
      <trkpt lat="31.931752469" lon="34.963606372">
        <ele>114.00</ele>
        <time>2016-12-16T07:01:10.000Z</time>
        <extensions>
          <ns3:TrackPointExtension>
            <ns3:atemp>7.0</ns3:atemp>
          </ns3:TrackPointExtension>
        </extensions>
      </trkpt>
      <trkpt lat="31.931842910" lon="34.963488691">
        <ele>113.40</ele>
        <time>2016-12-16T07:01:12.000Z</time>
        <extensions>
          <ns3:TrackPointExtension>
            <ns3:atemp>7.0</ns3:atemp>
          </ns3:TrackPointExtension>
        </extensions>
      </trkpt>
      <trkpt lat="31.931895213" lon="34.963437477">
        <ele>113.20</ele>
        <time>2016-12-16T07:01:13.000Z</time>
        <extensions>
          <ns3:TrackPointExtension>
            <ns3:atemp>7.0</ns3:atemp>
          </ns3:TrackPointExtension>
        </extensions>
      </trkpt>
      <trkpt lat="31.931947181" lon="34.963386599">
        <ele>112.80</ele>
        <time>2016-12-16T07:01:14.000Z</time>
        <extensions>
          <ns3:TrackPointExtension>
            <ns3:atemp>7.0</ns3:atemp>
          </ns3:TrackPointExtension>
        </extensions>
      </trkpt>
      <trkpt lat="31.932051200" lon="34.963288112">
        <ele>112.40</ele>
        <time>2016-12-16T07:01:16.000Z</time>
        <extensions>
          <ns3:TrackPointExtension>
            <ns3:atemp>7.0</ns3:atemp>
          </ns3:TrackPointExtension>
        </extensions>
      </trkpt>
      <trkpt lat="31.932370551" lon="34.962990135">
        <ele>111.80</ele>
        <time>2016-12-16T07:01:22.000Z</time>
        <extensions>
          <ns3:TrackPointExtension>
            <ns3:atemp>7.0</ns3:atemp>
          </ns3:TrackPointExtension>
        </extensions>
      </trkpt>
      <trkpt lat="31.932517821" lon="34.962848984">
        <ele>111.20</ele>
        <time>2016-12-16T07:01:25.000Z</time>
        <extensions>
          <ns3:TrackPointExtension>
            <ns3:atemp>7.0</ns3:atemp>
          </ns3:TrackPointExtension>
        </extensions>
      </trkpt>
      <trkpt lat="31.932669617" lon="34.962731553">
        <ele>110.80</ele>
        <time>2016-12-16T07:01:28.000Z</time>
        <extensions>
          <ns3:TrackPointExtension>
            <ns3:atemp>7.0</ns3:atemp>
          </ns3:TrackPointExtension>
        </extensions>
      </trkpt>
      <trkpt lat="31.932864077" lon="34.962582188">
        <ele>110.20</ele>
        <time>2016-12-16T07:01:32.000Z</time>
        <extensions>
          <ns3:TrackPointExtension>
            <ns3:atemp>7.0</ns3:atemp>
          </ns3:TrackPointExtension>
        </extensions>
      </trkpt>
      <trkpt lat="31.932984777" lon="34.962476324">
        <ele>109.80</ele>
        <time>2016-12-16T07:01:35.000Z</time>
        <extensions>
          <ns3:TrackPointExtension>
            <ns3:atemp>7.0</ns3:atemp>
          </ns3:TrackPointExtension>
        </extensions>
      </trkpt>
      <trkpt lat="31.933066500" lon="34.962413628">
        <ele>109.60</ele>
        <time>2016-12-16T07:01:37.000Z</time>
        <extensions>
          <ns3:TrackPointExtension>
            <ns3:atemp>7.0</ns3:atemp>
          </ns3:TrackPointExtension>
        </extensions>
      </trkpt>
      <trkpt lat="31.933195917" lon="34.962295610">
        <ele>109.20</ele>
        <time>2016-12-16T07:01:41.000Z</time>
        <extensions>
          <ns3:TrackPointExtension>
            <ns3:atemp>7.0</ns3:atemp>
          </ns3:TrackPointExtension>
        </extensions>
      </trkpt>
      <trkpt lat="31.933463803" lon="34.962098300">
        <ele>108.00</ele>
        <time>2016-12-16T07:01:48.000Z</time>
        <extensions>
          <ns3:TrackPointExtension>
            <ns3:atemp>7.0</ns3:atemp>
          </ns3:TrackPointExtension>
        </extensions>
      </trkpt>
      <trkpt lat="31.933503449" lon="34.962061923">
        <ele>107.80</ele>
        <time>2016-12-16T07:01:49.000Z</time>
        <extensions>
          <ns3:TrackPointExtension>
            <ns3:atemp>7.0</ns3:atemp>
          </ns3:TrackPointExtension>
        </extensions>
      </trkpt>
      <trkpt lat="31.933674021" lon="34.961884813">
        <ele>107.40</ele>
        <time>2016-12-16T07:01:53.000Z</time>
        <extensions>
          <ns3:TrackPointExtension>
            <ns3:atemp>7.0</ns3:atemp>
          </ns3:TrackPointExtension>
        </extensions>
      </trkpt>
      <trkpt lat="31.933964957" lon="34.961492289">
        <ele>107.20</ele>
        <time>2016-12-16T07:02:00.000Z</time>
        <extensions>
          <ns3:TrackPointExtension>
            <ns3:atemp>7.0</ns3:atemp>
          </ns3:TrackPointExtension>
        </extensions>
      </trkpt>
      <trkpt lat="31.934167631" lon="34.961070428">
        <ele>107.00</ele>
        <time>2016-12-16T07:02:06.000Z</time>
        <extensions>
          <ns3:TrackPointExtension>
            <ns3:atemp>7.0</ns3:atemp>
          </ns3:TrackPointExtension>
        </extensions>
      </trkpt>
      <trkpt lat="31.934229238" lon="34.960927265">
        <ele>106.80</ele>
        <time>2016-12-16T07:02:08.000Z</time>
        <extensions>
          <ns3:TrackPointExtension>
            <ns3:atemp>7.0</ns3:atemp>
          </ns3:TrackPointExtension>
        </extensions>
      </trkpt>
      <trkpt lat="31.934378352" lon="34.960560389">
        <ele>105.80</ele>
        <time>2016-12-16T07:02:13.000Z</time>
        <extensions>
          <ns3:TrackPointExtension>
            <ns3:atemp>7.0</ns3:atemp>
          </ns3:TrackPointExtension>
        </extensions>
      </trkpt>
      <trkpt lat="31.934403498" lon="34.960486377">
        <ele>105.60</ele>
        <time>2016-12-16T07:02:14.000Z</time>
        <extensions>
          <ns3:TrackPointExtension>
            <ns3:atemp>7.0</ns3:atemp>
          </ns3:TrackPointExtension>
        </extensions>
      </trkpt>
      <trkpt lat="31.934566442" lon="34.960033922">
        <ele>104.80</ele>
        <time>2016-12-16T07:02:20.000Z</time>
        <extensions>
          <ns3:TrackPointExtension>
            <ns3:atemp>7.0</ns3:atemp>
          </ns3:TrackPointExtension>
        </extensions>
      </trkpt>
      <trkpt lat="31.934619667" lon="34.959876090">
        <ele>104.40</ele>
        <time>2016-12-16T07:02:22.000Z</time>
        <extensions>
          <ns3:TrackPointExtension>
            <ns3:atemp>7.0</ns3:atemp>
          </ns3:TrackPointExtension>
        </extensions>
      </trkpt>
      <trkpt lat="31.934836591" lon="34.959238563">
        <ele>103.80</ele>
        <time>2016-12-16T07:02:30.000Z</time>
        <extensions>
          <ns3:TrackPointExtension>
            <ns3:atemp>7.0</ns3:atemp>
          </ns3:TrackPointExtension>
        </extensions>
      </trkpt>
      <trkpt lat="31.934977993" lon="34.958888451">
        <ele>103.20</ele>
        <time>2016-12-16T07:02:35.000Z</time>
        <extensions>
          <ns3:TrackPointExtension>
            <ns3:atemp>7.0</ns3:atemp>
          </ns3:TrackPointExtension>
        </extensions>
      </trkpt>
      <trkpt lat="31.935008336" lon="34.958740007">
        <ele>102.60</ele>
        <time>2016-12-16T07:02:37.000Z</time>
        <extensions>
          <ns3:TrackPointExtension>
            <ns3:atemp>7.0</ns3:atemp>
          </ns3:TrackPointExtension>
        </extensions>
      </trkpt>
      <trkpt lat="31.935031554" lon="34.958660882">
        <ele>102.40</ele>
        <time>2016-12-16T07:02:38.000Z</time>
        <extensions>
          <ns3:TrackPointExtension>
            <ns3:atemp>7.0</ns3:atemp>
          </ns3:TrackPointExtension>
        </extensions>
      </trkpt>
      <trkpt lat="31.935090814" lon="34.958509589">
        <ele>102.20</ele>
        <time>2016-12-16T07:02:40.000Z</time>
        <extensions>
          <ns3:TrackPointExtension>
            <ns3:atemp>7.0</ns3:atemp>
          </ns3:TrackPointExtension>
        </extensions>
      </trkpt>
      <trkpt lat="31.935230708" lon="34.958142377">
        <ele>101.60</ele>
        <time>2016-12-16T07:02:45.000Z</time>
        <extensions>
          <ns3:TrackPointExtension>
            <ns3:atemp>7.0</ns3:atemp>
          </ns3:TrackPointExtension>
        </extensions>
      </trkpt>
      <trkpt lat="31.935276054" lon="34.957993263">
        <ele>100.80</ele>
        <time>2016-12-16T07:02:47.000Z</time>
        <extensions>
          <ns3:TrackPointExtension>
            <ns3:atemp>7.0</ns3:atemp>
          </ns3:TrackPointExtension>
        </extensions>
      </trkpt>
      <trkpt lat="31.935316036" lon="34.957853872">
        <ele>100.80</ele>
        <time>2016-12-16T07:02:49.000Z</time>
        <extensions>
          <ns3:TrackPointExtension>
            <ns3:atemp>7.0</ns3:atemp>
          </ns3:TrackPointExtension>
        </extensions>
      </trkpt>
      <trkpt lat="31.935386108" lon="34.957599146">
        <ele>100.40</ele>
        <time>2016-12-16T07:02:53.000Z</time>
        <extensions>
          <ns3:TrackPointExtension>
            <ns3:atemp>7.0</ns3:atemp>
          </ns3:TrackPointExtension>
        </extensions>
      </trkpt>
      <trkpt lat="31.935433717" lon="34.957443494">
        <ele>100.00</ele>
        <time>2016-12-16T07:02:56.000Z</time>
        <extensions>
          <ns3:TrackPointExtension>
            <ns3:atemp>7.0</ns3:atemp>
          </ns3:TrackPointExtension>
        </extensions>
      </trkpt>
      <trkpt lat="31.935485266" lon="34.957377696">
        <ele>99.80</ele>
        <time>2016-12-16T07:02:58.000Z</time>
        <extensions>
          <ns3:TrackPointExtension>
            <ns3:atemp>7.0</ns3:atemp>
          </ns3:TrackPointExtension>
        </extensions>
      </trkpt>
      <trkpt lat="31.935518710" lon="34.957357664">
        <ele>99.80</ele>
        <time>2016-12-16T07:02:59.000Z</time>
        <extensions>
          <ns3:TrackPointExtension>
            <ns3:atemp>7.0</ns3:atemp>
          </ns3:TrackPointExtension>
        </extensions>
      </trkpt>
      <trkpt lat="31.935582161" lon="34.957277030">
        <ele>99.40</ele>
        <time>2016-12-16T07:03:02.000Z</time>
        <extensions>
          <ns3:TrackPointExtension>
            <ns3:atemp>7.0</ns3:atemp>
          </ns3:TrackPointExtension>
        </extensions>
      </trkpt>
      <trkpt lat="31.935601523" lon="34.957124898">
        <ele>99.40</ele>
        <time>2016-12-16T07:03:07.000Z</time>
        <extensions>
          <ns3:TrackPointExtension>
            <ns3:atemp>7.0</ns3:atemp>
          </ns3:TrackPointExtension>
        </extensions>
      </trkpt>
      <trkpt lat="31.935592219" lon="34.957087263">
        <ele>99.40</ele>
        <time>2016-12-16T07:03:08.000Z</time>
        <extensions>
          <ns3:TrackPointExtension>
            <ns3:atemp>7.0</ns3:atemp>
          </ns3:TrackPointExtension>
        </extensions>
      </trkpt>
      <trkpt lat="31.935598254" lon="34.956877045">
        <ele>99.20</ele>
        <time>2016-12-16T07:03:13.000Z</time>
        <extensions>
          <ns3:TrackPointExtension>
            <ns3:atemp>7.0</ns3:atemp>
          </ns3:TrackPointExtension>
        </extensions>
      </trkpt>
      <trkpt lat="31.935662040" lon="34.956610585">
        <ele>99.00</ele>
        <time>2016-12-16T07:03:19.000Z</time>
        <extensions>
          <ns3:TrackPointExtension>
            <ns3:atemp>7.0</ns3:atemp>
          </ns3:TrackPointExtension>
        </extensions>
      </trkpt>
      <trkpt lat="31.935694898" lon="34.956413526">
        <ele>98.80</ele>
        <time>2016-12-16T07:03:23.000Z</time>
        <extensions>
          <ns3:TrackPointExtension>
            <ns3:atemp>7.0</ns3:atemp>
          </ns3:TrackPointExtension>
        </extensions>
      </trkpt>
      <trkpt lat="31.935699088" lon="34.956361391">
        <ele>98.60</ele>
        <time>2016-12-16T07:03:24.000Z</time>
        <extensions>
          <ns3:TrackPointExtension>
            <ns3:atemp>7.0</ns3:atemp>
          </ns3:TrackPointExtension>
        </extensions>
      </trkpt>
      <trkpt lat="31.935736723" lon="34.956144216">
        <ele>98.40</ele>
        <time>2016-12-16T07:03:28.000Z</time>
        <extensions>
          <ns3:TrackPointExtension>
            <ns3:atemp>7.0</ns3:atemp>
          </ns3:TrackPointExtension>
        </extensions>
      </trkpt>
      <trkpt lat="31.935759019" lon="34.956095433">
        <ele>98.20</ele>
        <time>2016-12-16T07:03:29.000Z</time>
        <extensions>
          <ns3:TrackPointExtension>
            <ns3:atemp>7.0</ns3:atemp>
          </ns3:TrackPointExtension>
        </extensions>
      </trkpt>
      <trkpt lat="31.935836552" lon="34.955952605">
        <ele>97.80</ele>
        <time>2016-12-16T07:03:32.000Z</time>
        <extensions>
          <ns3:TrackPointExtension>
            <ns3:atemp>7.0</ns3:atemp>
          </ns3:TrackPointExtension>
        </extensions>
      </trkpt>
      <trkpt lat="31.935866140" lon="34.955909187">
        <ele>97.60</ele>
        <time>2016-12-16T07:03:33.000Z</time>
        <extensions>
          <ns3:TrackPointExtension>
            <ns3:atemp>7.0</ns3:atemp>
          </ns3:TrackPointExtension>
        </extensions>
      </trkpt>
      <trkpt lat="31.935899835" lon="34.955870965">
        <ele>97.40</ele>
        <time>2016-12-16T07:03:34.000Z</time>
        <extensions>
          <ns3:TrackPointExtension>
            <ns3:atemp>7.0</ns3:atemp>
          </ns3:TrackPointExtension>
        </extensions>
      </trkpt>
      <trkpt lat="31.935939733" lon="34.955842886">
        <ele>97.40</ele>
        <time>2016-12-16T07:03:35.000Z</time>
        <extensions>
          <ns3:TrackPointExtension>
            <ns3:atemp>7.0</ns3:atemp>
          </ns3:TrackPointExtension>
        </extensions>
      </trkpt>
      <trkpt lat="31.936072670" lon="34.955701232">
        <ele>96.80</ele>
        <time>2016-12-16T07:03:39.000Z</time>
        <extensions>
          <ns3:TrackPointExtension>
            <ns3:atemp>7.0</ns3:atemp>
          </ns3:TrackPointExtension>
        </extensions>
      </trkpt>
      <trkpt lat="31.936104605" lon="34.955662005">
        <ele>96.60</ele>
        <time>2016-12-16T07:03:40.000Z</time>
        <extensions>
          <ns3:TrackPointExtension>
            <ns3:atemp>7.0</ns3:atemp>
          </ns3:TrackPointExtension>
        </extensions>
      </trkpt>
      <trkpt lat="31.936169732" lon="34.955578772">
        <ele>96.60</ele>
        <time>2016-12-16T07:03:42.000Z</time>
        <extensions>
          <ns3:TrackPointExtension>
            <ns3:atemp>7.0</ns3:atemp>
          </ns3:TrackPointExtension>
        </extensions>
      </trkpt>
      <trkpt lat="31.936198985" lon="34.955534348">
        <ele>96.60</ele>
        <time>2016-12-16T07:03:43.000Z</time>
        <extensions>
          <ns3:TrackPointExtension>
            <ns3:atemp>7.0</ns3:atemp>
          </ns3:TrackPointExtension>
        </extensions>
      </trkpt>
      <trkpt lat="31.936268890" lon="34.955440471">
        <ele>96.40</ele>
        <time>2016-12-16T07:03:45.000Z</time>
        <extensions>
          <ns3:TrackPointExtension>
            <ns3:atemp>7.0</ns3:atemp>
          </ns3:TrackPointExtension>
        </extensions>
      </trkpt>
      <trkpt lat="31.936465111" lon="34.955216171">
        <ele>95.80</ele>
        <time>2016-12-16T07:03:50.000Z</time>
        <extensions>
          <ns3:TrackPointExtension>
            <ns3:atemp>7.0</ns3:atemp>
          </ns3:TrackPointExtension>
        </extensions>
      </trkpt>
      <trkpt lat="31.936513139" lon="34.955183649">
        <ele>95.80</ele>
        <time>2016-12-16T07:03:51.000Z</time>
        <extensions>
          <ns3:TrackPointExtension>
            <ns3:atemp>7.0</ns3:atemp>
          </ns3:TrackPointExtension>
        </extensions>
      </trkpt>
      <trkpt lat="31.936789490" lon="34.955045851">
        <ele>95.60</ele>
        <time>2016-12-16T07:03:56.000Z</time>
        <extensions>
          <ns3:TrackPointExtension>
            <ns3:atemp>7.0</ns3:atemp>
          </ns3:TrackPointExtension>
        </extensions>
      </trkpt>
      <trkpt lat="31.936846739" lon="34.955015928">
        <ele>95.60</ele>
        <time>2016-12-16T07:03:57.000Z</time>
        <extensions>
          <ns3:TrackPointExtension>
            <ns3:atemp>7.0</ns3:atemp>
          </ns3:TrackPointExtension>
        </extensions>
      </trkpt>
      <trkpt lat="31.937173214" lon="34.954774864">
        <ele>95.20</ele>
        <time>2016-12-16T07:04:03.000Z</time>
        <extensions>
          <ns3:TrackPointExtension>
            <ns3:atemp>7.0</ns3:atemp>
          </ns3:TrackPointExtension>
        </extensions>
      </trkpt>
      <trkpt lat="31.937338756" lon="34.954643184">
        <ele>95.00</ele>
        <time>2016-12-16T07:04:06.000Z</time>
        <extensions>
          <ns3:TrackPointExtension>
            <ns3:atemp>7.0</ns3:atemp>
          </ns3:TrackPointExtension>
        </extensions>
      </trkpt>
      <trkpt lat="31.937393574" lon="34.954604125">
        <ele>94.40</ele>
        <time>2016-12-16T07:04:07.000Z</time>
        <extensions>
          <ns3:TrackPointExtension>
            <ns3:atemp>7.0</ns3:atemp>
          </ns3:TrackPointExtension>
        </extensions>
      </trkpt>
      <trkpt lat="31.937510921" lon="34.954543775">
        <ele>94.20</ele>
        <time>2016-12-16T07:04:09.000Z</time>
        <extensions>
          <ns3:TrackPointExtension>
            <ns3:atemp>7.0</ns3:atemp>
          </ns3:TrackPointExtension>
        </extensions>
      </trkpt>
      <trkpt lat="31.937564062" lon="34.954511840">
        <ele>94.00</ele>
        <time>2016-12-16T07:04:10.000Z</time>
        <extensions>
          <ns3:TrackPointExtension>
            <ns3:atemp>7.0</ns3:atemp>
          </ns3:TrackPointExtension>
        </extensions>
      </trkpt>
      <trkpt lat="31.937670261" lon="34.954438414">
        <ele>93.40</ele>
        <time>2016-12-16T07:04:12.000Z</time>
        <extensions>
          <ns3:TrackPointExtension>
            <ns3:atemp>7.0</ns3:atemp>
          </ns3:TrackPointExtension>
        </extensions>
      </trkpt>
      <trkpt lat="31.937713260" lon="34.954399019">
        <ele>93.20</ele>
        <time>2016-12-16T07:04:13.000Z</time>
        <extensions>
          <ns3:TrackPointExtension>
            <ns3:atemp>7.0</ns3:atemp>
          </ns3:TrackPointExtension>
        </extensions>
      </trkpt>
      <trkpt lat="31.937843263" lon="34.954295335">
        <ele>92.40</ele>
        <time>2016-12-16T07:04:16.000Z</time>
        <extensions>
          <ns3:TrackPointExtension>
            <ns3:atemp>7.0</ns3:atemp>
          </ns3:TrackPointExtension>
        </extensions>
      </trkpt>
      <trkpt lat="31.937893555" lon="34.954265580">
        <ele>92.00</ele>
        <time>2016-12-16T07:04:17.000Z</time>
        <extensions>
          <ns3:TrackPointExtension>
            <ns3:atemp>7.0</ns3:atemp>
          </ns3:TrackPointExtension>
        </extensions>
      </trkpt>
      <trkpt lat="31.938038729" lon="34.954143036">
        <ele>91.80</ele>
        <time>2016-12-16T07:04:20.000Z</time>
        <extensions>
          <ns3:TrackPointExtension>
            <ns3:atemp>7.0</ns3:atemp>
          </ns3:TrackPointExtension>
        </extensions>
      </trkpt>
      <trkpt lat="31.938128835" lon="34.954053015">
        <ele>91.60</ele>
        <time>2016-12-16T07:04:22.000Z</time>
        <extensions>
          <ns3:TrackPointExtension>
            <ns3:atemp>7.0</ns3:atemp>
          </ns3:TrackPointExtension>
        </extensions>
      </trkpt>
      <trkpt lat="31.938292952" lon="34.953873223">
        <ele>91.60</ele>
        <time>2016-12-16T07:04:26.000Z</time>
        <extensions>
          <ns3:TrackPointExtension>
            <ns3:atemp>7.0</ns3:atemp>
          </ns3:TrackPointExtension>
        </extensions>
      </trkpt>
      <trkpt lat="31.938358247" lon="34.953771047">
        <ele>91.60</ele>
        <time>2016-12-16T07:04:28.000Z</time>
        <extensions>
          <ns3:TrackPointExtension>
            <ns3:atemp>7.0</ns3:atemp>
          </ns3:TrackPointExtension>
        </extensions>
      </trkpt>
      <trkpt lat="31.938387332" lon="34.953710111">
        <ele>91.60</ele>
        <time>2016-12-16T07:04:29.000Z</time>
        <extensions>
          <ns3:TrackPointExtension>
            <ns3:atemp>7.0</ns3:atemp>
          </ns3:TrackPointExtension>
        </extensions>
      </trkpt>
      <trkpt lat="31.938468469" lon="34.953463096">
        <ele>91.20</ele>
        <time>2016-12-16T07:04:33.000Z</time>
        <extensions>
          <ns3:TrackPointExtension>
            <ns3:atemp>7.0</ns3:atemp>
          </ns3:TrackPointExtension>
        </extensions>
      </trkpt>
      <trkpt lat="31.938517336" lon="34.953290178">
        <ele>90.80</ele>
        <time>2016-12-16T07:04:36.000Z</time>
        <extensions>
          <ns3:TrackPointExtension>
            <ns3:atemp>7.0</ns3:atemp>
          </ns3:TrackPointExtension>
        </extensions>
      </trkpt>
      <trkpt lat="31.938542733" lon="34.953157995">
        <ele>90.60</ele>
        <time>2016-12-16T07:04:38.000Z</time>
        <extensions>
          <ns3:TrackPointExtension>
            <ns3:atemp>7.0</ns3:atemp>
          </ns3:TrackPointExtension>
        </extensions>
      </trkpt>
      <trkpt lat="31.938611213" lon="34.952751976">
        <ele>90.40</ele>
        <time>2016-12-16T07:04:44.000Z</time>
        <extensions>
          <ns3:TrackPointExtension>
            <ns3:atemp>7.0</ns3:atemp>
          </ns3:TrackPointExtension>
        </extensions>
      </trkpt>
      <trkpt lat="31.938604424" lon="34.952681484">
        <ele>90.40</ele>
        <time>2016-12-16T07:04:45.000Z</time>
        <extensions>
          <ns3:TrackPointExtension>
            <ns3:atemp>7.0</ns3:atemp>
          </ns3:TrackPointExtension>
        </extensions>
      </trkpt>
      <trkpt lat="31.938574165" lon="34.952480234">
        <ele>90.00</ele>
        <time>2016-12-16T07:04:48.000Z</time>
        <extensions>
          <ns3:TrackPointExtension>
            <ns3:atemp>7.0</ns3:atemp>
          </ns3:TrackPointExtension>
        </extensions>
      </trkpt>
      <trkpt lat="31.938581793" lon="34.952409742">
        <ele>90.00</ele>
        <time>2016-12-16T07:04:49.000Z</time>
        <extensions>
          <ns3:TrackPointExtension>
            <ns3:atemp>7.0</ns3:atemp>
          </ns3:TrackPointExtension>
        </extensions>
      </trkpt>
      <trkpt lat="31.938633928" lon="34.952042950">
        <ele>89.80</ele>
        <time>2016-12-16T07:04:54.000Z</time>
        <extensions>
          <ns3:TrackPointExtension>
            <ns3:atemp>7.0</ns3:atemp>
          </ns3:TrackPointExtension>
        </extensions>
      </trkpt>
      <trkpt lat="31.938651782" lon="34.951972039">
        <ele>89.80</ele>
        <time>2016-12-16T07:04:55.000Z</time>
        <extensions>
          <ns3:TrackPointExtension>
            <ns3:atemp>7.0</ns3:atemp>
          </ns3:TrackPointExtension>
        </extensions>
      </trkpt>
      <trkpt lat="31.938748173" lon="34.951693509">
        <ele>89.80</ele>
        <time>2016-12-16T07:04:59.000Z</time>
        <extensions>
          <ns3:TrackPointExtension>
            <ns3:atemp>7.0</ns3:atemp>
          </ns3:TrackPointExtension>
        </extensions>
      </trkpt>
      <trkpt lat="31.938777845" lon="34.951627543">
        <ele>89.80</ele>
        <time>2016-12-16T07:05:00.000Z</time>
        <extensions>
          <ns3:TrackPointExtension>
            <ns3:atemp>7.0</ns3:atemp>
          </ns3:TrackPointExtension>
        </extensions>
      </trkpt>
      <trkpt lat="31.938900389" lon="34.951354293">
        <ele>89.60</ele>
        <time>2016-12-16T07:05:04.000Z</time>
        <extensions>
          <ns3:TrackPointExtension>
            <ns3:atemp>7.0</ns3:atemp>
          </ns3:TrackPointExtension>
        </extensions>
      </trkpt>
      <trkpt lat="31.939065177" lon="34.950986998">
        <ele>89.20</ele>
        <time>2016-12-16T07:05:09.000Z</time>
        <extensions>
          <ns3:TrackPointExtension>
            <ns3:atemp>7.0</ns3:atemp>
          </ns3:TrackPointExtension>
        </extensions>
      </trkpt>
      <trkpt lat="31.939124940" lon="34.950836124">
        <ele>89.20</ele>
        <time>2016-12-16T07:05:11.000Z</time>
        <extensions>
          <ns3:TrackPointExtension>
            <ns3:atemp>7.0</ns3:atemp>
          </ns3:TrackPointExtension>
        </extensions>
      </trkpt>
      <trkpt lat="31.939138686" lon="34.950753562">
        <ele>89.00</ele>
        <time>2016-12-16T07:05:12.000Z</time>
        <extensions>
          <ns3:TrackPointExtension>
            <ns3:atemp>7.0</ns3:atemp>
          </ns3:TrackPointExtension>
        </extensions>
      </trkpt>
      <trkpt lat="31.939144805" lon="34.950671587">
        <ele>88.80</ele>
        <time>2016-12-16T07:05:13.000Z</time>
        <extensions>
          <ns3:TrackPointExtension>
            <ns3:atemp>7.0</ns3:atemp>
          </ns3:TrackPointExtension>
        </extensions>
      </trkpt>
      <trkpt lat="31.939161317" lon="34.950346453">
        <ele>87.60</ele>
        <time>2016-12-16T07:05:17.000Z</time>
        <extensions>
          <ns3:TrackPointExtension>
            <ns3:atemp>7.0</ns3:atemp>
          </ns3:TrackPointExtension>
        </extensions>
      </trkpt>
      <trkpt lat="31.939143380" lon="34.950189376">
        <ele>87.00</ele>
        <time>2016-12-16T07:05:19.000Z</time>
        <extensions>
          <ns3:TrackPointExtension>
            <ns3:atemp>7.0</ns3:atemp>
          </ns3:TrackPointExtension>
        </extensions>
      </trkpt>
      <trkpt lat="31.939041205" lon="34.949706662">
        <ele>86.60</ele>
        <time>2016-12-16T07:05:25.000Z</time>
        <extensions>
          <ns3:TrackPointExtension>
            <ns3:atemp>7.0</ns3:atemp>
          </ns3:TrackPointExtension>
        </extensions>
      </trkpt>
      <trkpt lat="31.939016897" lon="34.949625107">
        <ele>86.60</ele>
        <time>2016-12-16T07:05:26.000Z</time>
        <extensions>
          <ns3:TrackPointExtension>
            <ns3:atemp>7.0</ns3:atemp>
          </ns3:TrackPointExtension>
        </extensions>
      </trkpt>
      <trkpt lat="31.938893097" lon="34.949255381">
        <ele>86.60</ele>
        <time>2016-12-16T07:05:31.000Z</time>
        <extensions>
          <ns3:TrackPointExtension>
            <ns3:atemp>7.0</ns3:atemp>
          </ns3:TrackPointExtension>
        </extensions>
      </trkpt>
      <trkpt lat="31.938860659" lon="34.949189331">
        <ele>86.60</ele>
        <time>2016-12-16T07:05:32.000Z</time>
        <extensions>
          <ns3:TrackPointExtension>
            <ns3:atemp>7.0</ns3:atemp>
          </ns3:TrackPointExtension>
        </extensions>
      </trkpt>
      <trkpt lat="31.938803243" lon="34.949054467">
        <ele>86.60</ele>
        <time>2016-12-16T07:05:34.000Z</time>
        <extensions>
          <ns3:TrackPointExtension>
            <ns3:atemp>7.0</ns3:atemp>
          </ns3:TrackPointExtension>
        </extensions>
      </trkpt>
      <trkpt lat="31.938733421" lon="34.948840057">
        <ele>86.40</ele>
        <time>2016-12-16T07:05:37.000Z</time>
        <extensions>
          <ns3:TrackPointExtension>
            <ns3:atemp>7.0</ns3:atemp>
          </ns3:TrackPointExtension>
        </extensions>
      </trkpt>
      <trkpt lat="31.938621439" lon="34.948354075">
        <ele>85.80</ele>
        <time>2016-12-16T07:05:44.000Z</time>
        <extensions>
          <ns3:TrackPointExtension>
            <ns3:atemp>7.0</ns3:atemp>
          </ns3:TrackPointExtension>
        </extensions>
      </trkpt>
      <trkpt lat="31.938603586" lon="34.948287942">
        <ele>85.40</ele>
        <time>2016-12-16T07:05:45.000Z</time>
        <extensions>
          <ns3:TrackPointExtension>
            <ns3:atemp>7.0</ns3:atemp>
          </ns3:TrackPointExtension>
        </extensions>
      </trkpt>
      <trkpt lat="31.938505517" lon="34.947964400">
        <ele>84.80</ele>
        <time>2016-12-16T07:05:50.000Z</time>
        <extensions>
          <ns3:TrackPointExtension>
            <ns3:atemp>7.0</ns3:atemp>
          </ns3:TrackPointExtension>
        </extensions>
      </trkpt>
      <trkpt lat="31.938438881" lon="34.947717888">
        <ele>84.20</ele>
        <time>2016-12-16T07:05:54.000Z</time>
        <extensions>
          <ns3:TrackPointExtension>
            <ns3:atemp>7.0</ns3:atemp>
          </ns3:TrackPointExtension>
        </extensions>
      </trkpt>
      <trkpt lat="31.938411808" lon="34.947589729">
        <ele>84.00</ele>
        <time>2016-12-16T07:05:56.000Z</time>
        <extensions>
          <ns3:TrackPointExtension>
            <ns3:atemp>7.0</ns3:atemp>
          </ns3:TrackPointExtension>
        </extensions>
      </trkpt>
      <trkpt lat="31.938304519" lon="34.947221261">
        <ele>83.40</ele>
        <time>2016-12-16T07:06:03.000Z</time>
        <extensions>
          <ns3:TrackPointExtension>
            <ns3:atemp>7.0</ns3:atemp>
          </ns3:TrackPointExtension>
        </extensions>
      </trkpt>
      <trkpt lat="31.938298568" lon="34.947138112">
        <ele>83.20</ele>
        <time>2016-12-16T07:06:07.000Z</time>
        <extensions>
          <ns3:TrackPointExtension>
            <ns3:atemp>7.0</ns3:atemp>
          </ns3:TrackPointExtension>
        </extensions>
      </trkpt>
      <trkpt lat="31.938294964" lon="34.947134256">
        <ele>83.00</ele>
        <time>2016-12-16T07:06:08.000Z</time>
        <extensions>
          <ns3:TrackPointExtension>
            <ns3:atemp>7.0</ns3:atemp>
          </ns3:TrackPointExtension>
        </extensions>
      </trkpt>
      <trkpt lat="31.938294712" lon="34.947139034">
        <ele>82.40</ele>
        <time>2016-12-16T07:06:14.000Z</time>
        <extensions>
          <ns3:TrackPointExtension>
            <ns3:atemp>7.0</ns3:atemp>
          </ns3:TrackPointExtension>
        </extensions>
      </trkpt>
      <trkpt lat="31.938315919" lon="34.947123528">
        <ele>82.20</ele>
        <time>2016-12-16T07:06:19.000Z</time>
        <extensions>
          <ns3:TrackPointExtension>
            <ns3:atemp>7.0</ns3:atemp>
          </ns3:TrackPointExtension>
        </extensions>
      </trkpt>
      <trkpt lat="31.938350201" lon="34.947090838">
        <ele>82.20</ele>
        <time>2016-12-16T07:06:21.000Z</time>
        <extensions>
          <ns3:TrackPointExtension>
            <ns3:atemp>7.0</ns3:atemp>
          </ns3:TrackPointExtension>
        </extensions>
      </trkpt>
      <trkpt lat="31.938489424" lon="34.947039960">
        <ele>82.20</ele>
        <time>2016-12-16T07:06:26.000Z</time>
        <extensions>
          <ns3:TrackPointExtension>
            <ns3:atemp>7.0</ns3:atemp>
          </ns3:TrackPointExtension>
        </extensions>
      </trkpt>
      <trkpt lat="31.938573159" lon="34.947026549">
        <ele>82.00</ele>
        <time>2016-12-16T07:06:28.000Z</time>
        <extensions>
          <ns3:TrackPointExtension>
            <ns3:atemp>7.0</ns3:atemp>
          </ns3:TrackPointExtension>
        </extensions>
      </trkpt>
      <trkpt lat="31.938621858" lon="34.947021436">
        <ele>82.00</ele>
        <time>2016-12-16T07:06:29.000Z</time>
        <extensions>
          <ns3:TrackPointExtension>
            <ns3:atemp>7.0</ns3:atemp>
          </ns3:TrackPointExtension>
        </extensions>
      </trkpt>
      <trkpt lat="31.938670892" lon="34.947023867">
        <ele>81.80</ele>
        <time>2016-12-16T07:06:30.000Z</time>
        <extensions>
          <ns3:TrackPointExtension>
            <ns3:atemp>7.0</ns3:atemp>
          </ns3:TrackPointExtension>
        </extensions>
      </trkpt>
      <trkpt lat="31.938805338" lon="34.947098717">
        <ele>81.80</ele>
        <time>2016-12-16T07:06:33.000Z</time>
        <extensions>
          <ns3:TrackPointExtension>
            <ns3:atemp>7.0</ns3:atemp>
          </ns3:TrackPointExtension>
        </extensions>
      </trkpt>
      <trkpt lat="31.939082108" lon="34.947286136">
        <ele>81.80</ele>
        <time>2016-12-16T07:06:39.000Z</time>
        <extensions>
          <ns3:TrackPointExtension>
            <ns3:atemp>7.0</ns3:atemp>
          </ns3:TrackPointExtension>
        </extensions>
      </trkpt>
      <trkpt lat="31.939305654" lon="34.947344642">
        <ele>82.80</ele>
        <time>2016-12-16T07:06:43.000Z</time>
        <extensions>
          <ns3:TrackPointExtension>
            <ns3:atemp>7.0</ns3:atemp>
          </ns3:TrackPointExtension>
        </extensions>
      </trkpt>
      <trkpt lat="31.939363908" lon="34.947357969">
        <ele>83.00</ele>
        <time>2016-12-16T07:06:44.000Z</time>
        <extensions>
          <ns3:TrackPointExtension>
            <ns3:atemp>7.0</ns3:atemp>
          </ns3:TrackPointExtension>
        </extensions>
      </trkpt>
      <trkpt lat="31.939595249" lon="34.947399208">
        <ele>83.60</ele>
        <time>2016-12-16T07:06:48.000Z</time>
        <extensions>
          <ns3:TrackPointExtension>
            <ns3:atemp>7.0</ns3:atemp>
          </ns3:TrackPointExtension>
        </extensions>
      </trkpt>
      <trkpt lat="31.939752493" lon="34.947449332">
        <ele>84.20</ele>
        <time>2016-12-16T07:06:51.000Z</time>
        <extensions>
          <ns3:TrackPointExtension>
            <ns3:atemp>7.0</ns3:atemp>
          </ns3:TrackPointExtension>
        </extensions>
      </trkpt>
      <trkpt lat="31.939850142" lon="34.947489230">
        <ele>84.60</ele>
        <time>2016-12-16T07:06:53.000Z</time>
        <extensions>
          <ns3:TrackPointExtension>
            <ns3:atemp>7.0</ns3:atemp>
          </ns3:TrackPointExtension>
        </extensions>
      </trkpt>
      <trkpt lat="31.939989198" lon="34.947558800">
        <ele>85.60</ele>
        <time>2016-12-16T07:06:56.000Z</time>
        <extensions>
          <ns3:TrackPointExtension>
            <ns3:atemp>7.0</ns3:atemp>
          </ns3:TrackPointExtension>
        </extensions>
      </trkpt>
      <trkpt lat="31.940069078" lon="34.947610432">
        <ele>86.20</ele>
        <time>2016-12-16T07:06:58.000Z</time>
        <extensions>
          <ns3:TrackPointExtension>
            <ns3:atemp>7.0</ns3:atemp>
          </ns3:TrackPointExtension>
        </extensions>
      </trkpt>
      <trkpt lat="31.940215426" lon="34.947710261">
        <ele>86.60</ele>
        <time>2016-12-16T07:07:02.000Z</time>
        <extensions>
          <ns3:TrackPointExtension>
            <ns3:atemp>7.0</ns3:atemp>
          </ns3:TrackPointExtension>
        </extensions>
      </trkpt>
      <trkpt lat="31.940310393" lon="34.947787710">
        <ele>87.40</ele>
        <time>2016-12-16T07:07:05.000Z</time>
        <extensions>
          <ns3:TrackPointExtension>
            <ns3:atemp>7.0</ns3:atemp>
          </ns3:TrackPointExtension>
        </extensions>
      </trkpt>
      <trkpt lat="31.940392619" lon="34.947877312">
        <ele>87.60</ele>
        <time>2016-12-16T07:07:08.000Z</time>
        <extensions>
          <ns3:TrackPointExtension>
            <ns3:atemp>7.0</ns3:atemp>
          </ns3:TrackPointExtension>
        </extensions>
      </trkpt>
      <trkpt lat="31.940519353" lon="34.948004549">
        <ele>88.00</ele>
        <time>2016-12-16T07:07:12.000Z</time>
        <extensions>
          <ns3:TrackPointExtension>
            <ns3:atemp>7.0</ns3:atemp>
          </ns3:TrackPointExtension>
        </extensions>
      </trkpt>
      <trkpt lat="31.940742899" lon="34.948228849">
        <ele>88.20</ele>
        <time>2016-12-16T07:07:18.000Z</time>
        <extensions>
          <ns3:TrackPointExtension>
            <ns3:atemp>7.0</ns3:atemp>
          </ns3:TrackPointExtension>
        </extensions>
      </trkpt>
      <trkpt lat="31.940878350" lon="34.948369665">
        <ele>88.40</ele>
        <time>2016-12-16T07:07:22.000Z</time>
        <extensions>
          <ns3:TrackPointExtension>
            <ns3:atemp>7.0</ns3:atemp>
          </ns3:TrackPointExtension>
        </extensions>
      </trkpt>
      <trkpt lat="31.940955212" lon="34.948431524">
        <ele>88.40</ele>
        <time>2016-12-16T07:07:24.000Z</time>
        <extensions>
          <ns3:TrackPointExtension>
            <ns3:atemp>7.0</ns3:atemp>
          </ns3:TrackPointExtension>
        </extensions>
      </trkpt>
      <trkpt lat="31.941103823" lon="34.948552642">
        <ele>88.80</ele>
        <time>2016-12-16T07:07:28.000Z</time>
        <extensions>
          <ns3:TrackPointExtension>
            <ns3:atemp>7.0</ns3:atemp>
          </ns3:TrackPointExtension>
        </extensions>
      </trkpt>
      <trkpt lat="31.941243550" lon="34.948684070">
        <ele>89.40</ele>
        <time>2016-12-16T07:07:32.000Z</time>
        <extensions>
          <ns3:TrackPointExtension>
            <ns3:atemp>7.0</ns3:atemp>
          </ns3:TrackPointExtension>
        </extensions>
      </trkpt>
      <trkpt lat="31.941355281" lon="34.948785910">
        <ele>89.80</ele>
        <time>2016-12-16T07:07:35.000Z</time>
        <extensions>
          <ns3:TrackPointExtension>
            <ns3:atemp>7.0</ns3:atemp>
          </ns3:TrackPointExtension>
        </extensions>
      </trkpt>
      <trkpt lat="31.941506742" lon="34.948925637">
        <ele>90.20</ele>
        <time>2016-12-16T07:07:39.000Z</time>
        <extensions>
          <ns3:TrackPointExtension>
            <ns3:atemp>7.0</ns3:atemp>
          </ns3:TrackPointExtension>
        </extensions>
      </trkpt>
      <trkpt lat="31.941762306" lon="34.949228978">
        <ele>90.60</ele>
        <time>2016-12-16T07:07:46.000Z</time>
        <extensions>
          <ns3:TrackPointExtension>
            <ns3:atemp>7.0</ns3:atemp>
          </ns3:TrackPointExtension>
        </extensions>
      </trkpt>
      <trkpt lat="31.941800695" lon="34.949273067">
        <ele>90.80</ele>
        <time>2016-12-16T07:07:47.000Z</time>
        <extensions>
          <ns3:TrackPointExtension>
            <ns3:atemp>7.0</ns3:atemp>
          </ns3:TrackPointExtension>
        </extensions>
      </trkpt>
      <trkpt lat="31.941838749" lon="34.949316150">
        <ele>91.00</ele>
        <time>2016-12-16T07:07:48.000Z</time>
        <extensions>
          <ns3:TrackPointExtension>
            <ns3:atemp>7.0</ns3:atemp>
          </ns3:TrackPointExtension>
        </extensions>
      </trkpt>
      <trkpt lat="31.941936733" lon="34.949443219">
        <ele>91.40</ele>
        <time>2016-12-16T07:07:51.000Z</time>
        <extensions>
          <ns3:TrackPointExtension>
            <ns3:atemp>7.0</ns3:atemp>
          </ns3:TrackPointExtension>
        </extensions>
      </trkpt>
      <trkpt lat="31.942085931" lon="34.949654359">
        <ele>92.00</ele>
        <time>2016-12-16T07:07:56.000Z</time>
        <extensions>
          <ns3:TrackPointExtension>
            <ns3:atemp>7.0</ns3:atemp>
          </ns3:TrackPointExtension>
        </extensions>
      </trkpt>
      <trkpt lat="31.942150136" lon="34.949737927">
        <ele>92.20</ele>
        <time>2016-12-16T07:07:58.000Z</time>
        <extensions>
          <ns3:TrackPointExtension>
            <ns3:atemp>7.0</ns3:atemp>
          </ns3:TrackPointExtension>
        </extensions>
      </trkpt>
      <trkpt lat="31.942352392" lon="34.949981589">
        <ele>93.20</ele>
        <time>2016-12-16T07:08:04.000Z</time>
        <extensions>
          <ns3:TrackPointExtension>
            <ns3:atemp>7.0</ns3:atemp>
          </ns3:TrackPointExtension>
        </extensions>
      </trkpt>
      <trkpt lat="31.942572165" lon="34.950190801">
        <ele>94.20</ele>
        <time>2016-12-16T07:08:10.000Z</time>
        <extensions>
          <ns3:TrackPointExtension>
            <ns3:atemp>7.0</ns3:atemp>
          </ns3:TrackPointExtension>
        </extensions>
      </trkpt>
      <trkpt lat="31.942741983" lon="34.950335054">
        <ele>95.20</ele>
        <time>2016-12-16T07:08:14.000Z</time>
        <extensions>
          <ns3:TrackPointExtension>
            <ns3:atemp>7.0</ns3:atemp>
          </ns3:TrackPointExtension>
        </extensions>
      </trkpt>
      <trkpt lat="31.942859329" lon="34.950435469">
        <ele>96.00</ele>
        <time>2016-12-16T07:08:17.000Z</time>
        <extensions>
          <ns3:TrackPointExtension>
            <ns3:atemp>7.0</ns3:atemp>
          </ns3:TrackPointExtension>
        </extensions>
      </trkpt>
      <trkpt lat="31.942979023" lon="34.950507134">
        <ele>96.40</ele>
        <time>2016-12-16T07:08:20.000Z</time>
        <extensions>
          <ns3:TrackPointExtension>
            <ns3:atemp>7.0</ns3:atemp>
          </ns3:TrackPointExtension>
        </extensions>
      </trkpt>
      <trkpt lat="31.943016322" lon="34.950531442">
        <ele>96.60</ele>
        <time>2016-12-16T07:08:21.000Z</time>
        <extensions>
          <ns3:TrackPointExtension>
            <ns3:atemp>7.0</ns3:atemp>
          </ns3:TrackPointExtension>
        </extensions>
      </trkpt>
      <trkpt lat="31.943089413" lon="34.950583745">
        <ele>97.20</ele>
        <time>2016-12-16T07:08:23.000Z</time>
        <extensions>
          <ns3:TrackPointExtension>
            <ns3:atemp>7.0</ns3:atemp>
          </ns3:TrackPointExtension>
        </extensions>
      </trkpt>
      <trkpt lat="31.943169208" lon="34.950625068">
        <ele>97.60</ele>
        <time>2016-12-16T07:08:25.000Z</time>
        <extensions>
          <ns3:TrackPointExtension>
            <ns3:atemp>7.0</ns3:atemp>
          </ns3:TrackPointExtension>
        </extensions>
      </trkpt>
      <trkpt lat="31.943252943" lon="34.950656332">
        <ele>97.80</ele>
        <time>2016-12-16T07:08:27.000Z</time>
        <extensions>
          <ns3:TrackPointExtension>
            <ns3:atemp>7.0</ns3:atemp>
          </ns3:TrackPointExtension>
        </extensions>
      </trkpt>
      <trkpt lat="31.943336008" lon="34.950681310">
        <ele>97.80</ele>
        <time>2016-12-16T07:08:29.000Z</time>
        <extensions>
          <ns3:TrackPointExtension>
            <ns3:atemp>7.0</ns3:atemp>
          </ns3:TrackPointExtension>
        </extensions>
      </trkpt>
      <trkpt lat="31.943449583" lon="34.950716263">
        <ele>98.60</ele>
        <time>2016-12-16T07:08:32.000Z</time>
        <extensions>
          <ns3:TrackPointExtension>
            <ns3:atemp>7.0</ns3:atemp>
          </ns3:TrackPointExtension>
        </extensions>
      </trkpt>
      <trkpt lat="31.943679666" lon="34.950772086">
        <ele>99.60</ele>
        <time>2016-12-16T07:08:38.000Z</time>
        <extensions>
          <ns3:TrackPointExtension>
            <ns3:atemp>7.0</ns3:atemp>
          </ns3:TrackPointExtension>
        </extensions>
      </trkpt>
      <trkpt lat="31.943720151" lon="34.950778037">
        <ele>99.80</ele>
        <time>2016-12-16T07:08:39.000Z</time>
        <extensions>
          <ns3:TrackPointExtension>
            <ns3:atemp>7.0</ns3:atemp>
          </ns3:TrackPointExtension>
        </extensions>
      </trkpt>
      <trkpt lat="31.943962304" lon="34.950793125">
        <ele>100.80</ele>
        <time>2016-12-16T07:08:45.000Z</time>
        <extensions>
          <ns3:TrackPointExtension>
            <ns3:atemp>7.0</ns3:atemp>
          </ns3:TrackPointExtension>
        </extensions>
      </trkpt>
      <trkpt lat="31.944001196" lon="34.950792873">
        <ele>101.20</ele>
        <time>2016-12-16T07:08:46.000Z</time>
        <extensions>
          <ns3:TrackPointExtension>
            <ns3:atemp>7.0</ns3:atemp>
          </ns3:TrackPointExtension>
        </extensions>
      </trkpt>
      <trkpt lat="31.944154333" lon="34.950786000">
        <ele>102.00</ele>
        <time>2016-12-16T07:08:50.000Z</time>
        <extensions>
          <ns3:TrackPointExtension>
            <ns3:atemp>7.0</ns3:atemp>
          </ns3:TrackPointExtension>
        </extensions>
      </trkpt>
      <trkpt lat="31.944295401" lon="34.950782228">
        <ele>103.00</ele>
        <time>2016-12-16T07:08:54.000Z</time>
        <extensions>
          <ns3:TrackPointExtension>
            <ns3:atemp>7.0</ns3:atemp>
          </ns3:TrackPointExtension>
        </extensions>
      </trkpt>
      <trkpt lat="31.944445185" lon="34.950768063">
        <ele>104.20</ele>
        <time>2016-12-16T07:09:00.000Z</time>
        <extensions>
          <ns3:TrackPointExtension>
            <ns3:atemp>7.0</ns3:atemp>
          </ns3:TrackPointExtension>
        </extensions>
      </trkpt>
      <trkpt lat="31.944543757" lon="34.950778540">
        <ele>105.00</ele>
        <time>2016-12-16T07:09:05.000Z</time>
        <extensions>
          <ns3:TrackPointExtension>
            <ns3:atemp>7.0</ns3:atemp>
          </ns3:TrackPointExtension>
        </extensions>
      </trkpt>
      <trkpt lat="31.944620283" lon="34.950783569">
        <ele>105.20</ele>
        <time>2016-12-16T07:09:09.000Z</time>
        <extensions>
          <ns3:TrackPointExtension>
            <ns3:atemp>7.0</ns3:atemp>
          </ns3:TrackPointExtension>
        </extensions>
      </trkpt>
      <trkpt lat="31.944635622" lon="34.950792957">
        <ele>105.40</ele>
        <time>2016-12-16T07:09:10.000Z</time>
        <extensions>
          <ns3:TrackPointExtension>
            <ns3:atemp>7.0</ns3:atemp>
          </ns3:TrackPointExtension>
        </extensions>
      </trkpt>
      <trkpt lat="31.944729332" lon="34.950815337">
        <ele>106.40</ele>
        <time>2016-12-16T07:09:15.000Z</time>
        <extensions>
          <ns3:TrackPointExtension>
            <ns3:atemp>7.0</ns3:atemp>
          </ns3:TrackPointExtension>
        </extensions>
      </trkpt>
      <trkpt lat="31.944749197" lon="34.950817935">
        <ele>106.40</ele>
        <time>2016-12-16T07:09:16.000Z</time>
        <extensions>
          <ns3:TrackPointExtension>
            <ns3:atemp>7.0</ns3:atemp>
          </ns3:TrackPointExtension>
        </extensions>
      </trkpt>
      <trkpt lat="31.944864113" lon="34.950862359">
        <ele>107.00</ele>
        <time>2016-12-16T07:09:21.000Z</time>
        <extensions>
          <ns3:TrackPointExtension>
            <ns3:atemp>7.0</ns3:atemp>
          </ns3:TrackPointExtension>
        </extensions>
      </trkpt>
      <trkpt lat="31.944947178" lon="34.950912232">
        <ele>107.40</ele>
        <time>2016-12-16T07:09:25.000Z</time>
        <extensions>
          <ns3:TrackPointExtension>
            <ns3:atemp>7.0</ns3:atemp>
          </ns3:TrackPointExtension>
        </extensions>
      </trkpt>
      <trkpt lat="31.944962600" lon="34.950913573">
        <ele>107.40</ele>
        <time>2016-12-16T07:09:26.000Z</time>
        <extensions>
          <ns3:TrackPointExtension>
            <ns3:atemp>7.0</ns3:atemp>
          </ns3:TrackPointExtension>
        </extensions>
      </trkpt>
      <trkpt lat="31.945078019" lon="34.950959086">
        <ele>108.40</ele>
        <time>2016-12-16T07:09:32.000Z</time>
        <extensions>
          <ns3:TrackPointExtension>
            <ns3:atemp>7.0</ns3:atemp>
          </ns3:TrackPointExtension>
        </extensions>
      </trkpt>
      <trkpt lat="31.945094196" lon="34.950964786">
        <ele>108.60</ele>
        <time>2016-12-16T07:09:33.000Z</time>
        <extensions>
          <ns3:TrackPointExtension>
            <ns3:atemp>7.0</ns3:atemp>
          </ns3:TrackPointExtension>
        </extensions>
      </trkpt>
      <trkpt lat="31.945177428" lon="34.951010803">
        <ele>109.40</ele>
        <time>2016-12-16T07:09:39.000Z</time>
        <extensions>
          <ns3:TrackPointExtension>
            <ns3:atemp>7.0</ns3:atemp>
          </ns3:TrackPointExtension>
        </extensions>
      </trkpt>
      <trkpt lat="31.945213974" lon="34.951031758">
        <ele>109.40</ele>
        <time>2016-12-16T07:09:42.000Z</time>
        <extensions>
          <ns3:TrackPointExtension>
            <ns3:atemp>7.0</ns3:atemp>
          </ns3:TrackPointExtension>
        </extensions>
      </trkpt>
      <trkpt lat="31.945254039" lon="34.951027231">
        <ele>109.60</ele>
        <time>2016-12-16T07:09:45.000Z</time>
        <extensions>
          <ns3:TrackPointExtension>
            <ns3:atemp>7.0</ns3:atemp>
          </ns3:TrackPointExtension>
        </extensions>
      </trkpt>
      <trkpt lat="31.945292177" lon="34.951033937">
        <ele>110.00</ele>
        <time>2016-12-16T07:09:48.000Z</time>
        <extensions>
          <ns3:TrackPointExtension>
            <ns3:atemp>7.0</ns3:atemp>
          </ns3:TrackPointExtension>
        </extensions>
      </trkpt>
      <trkpt lat="31.945329728" lon="34.951057490">
        <ele>110.40</ele>
        <time>2016-12-16T07:09:51.000Z</time>
        <extensions>
          <ns3:TrackPointExtension>
            <ns3:atemp>7.0</ns3:atemp>
          </ns3:TrackPointExtension>
        </extensions>
      </trkpt>
      <trkpt lat="31.945342887" lon="34.951064195">
        <ele>110.40</ele>
        <time>2016-12-16T07:09:52.000Z</time>
        <extensions>
          <ns3:TrackPointExtension>
            <ns3:atemp>7.0</ns3:atemp>
          </ns3:TrackPointExtension>
        </extensions>
      </trkpt>
      <trkpt lat="31.945454031" lon="34.951101830">
        <ele>111.20</ele>
        <time>2016-12-16T07:10:00.000Z</time>
        <extensions>
          <ns3:TrackPointExtension>
            <ns3:atemp>7.0</ns3:atemp>
          </ns3:TrackPointExtension>
        </extensions>
      </trkpt>
      <trkpt lat="31.945484374" lon="34.951111134">
        <ele>111.40</ele>
        <time>2016-12-16T07:10:02.000Z</time>
        <extensions>
          <ns3:TrackPointExtension>
            <ns3:atemp>7.0</ns3:atemp>
          </ns3:TrackPointExtension>
        </extensions>
      </trkpt>
      <trkpt lat="31.945613623" lon="34.951153966">
        <ele>112.00</ele>
        <time>2016-12-16T07:10:09.000Z</time>
        <extensions>
          <ns3:TrackPointExtension>
            <ns3:atemp>7.0</ns3:atemp>
          </ns3:TrackPointExtension>
        </extensions>
      </trkpt>
      <trkpt lat="31.945738681" lon="34.951194450">
        <ele>112.20</ele>
        <time>2016-12-16T07:10:15.000Z</time>
        <extensions>
          <ns3:TrackPointExtension>
            <ns3:atemp>7.0</ns3:atemp>
          </ns3:TrackPointExtension>
        </extensions>
      </trkpt>
      <trkpt lat="31.945759300" lon="34.951203838">
        <ele>112.20</ele>
        <time>2016-12-16T07:10:16.000Z</time>
        <extensions>
          <ns3:TrackPointExtension>
            <ns3:atemp>7.0</ns3:atemp>
          </ns3:TrackPointExtension>
        </extensions>
      </trkpt>
      <trkpt lat="31.945944540" lon="34.951263266">
        <ele>112.80</ele>
        <time>2016-12-16T07:10:24.000Z</time>
        <extensions>
          <ns3:TrackPointExtension>
            <ns3:atemp>7.0</ns3:atemp>
          </ns3:TrackPointExtension>
        </extensions>
      </trkpt>
      <trkpt lat="31.946044955" lon="34.951294614">
        <ele>113.20</ele>
        <time>2016-12-16T07:10:28.000Z</time>
        <extensions>
          <ns3:TrackPointExtension>
            <ns3:atemp>7.0</ns3:atemp>
          </ns3:TrackPointExtension>
        </extensions>
      </trkpt>
      <trkpt lat="31.946178311" lon="34.951336607">
        <ele>114.00</ele>
        <time>2016-12-16T07:10:33.000Z</time>
        <extensions>
          <ns3:TrackPointExtension>
            <ns3:atemp>7.0</ns3:atemp>
          </ns3:TrackPointExtension>
        </extensions>
      </trkpt>
      <trkpt lat="31.946226172" lon="34.951373823">
        <ele>114.20</ele>
        <time>2016-12-16T07:10:35.000Z</time>
        <extensions>
          <ns3:TrackPointExtension>
            <ns3:atemp>7.0</ns3:atemp>
          </ns3:TrackPointExtension>
        </extensions>
      </trkpt>
      <trkpt lat="31.946264897" lon="34.951438112">
        <ele>114.40</ele>
        <time>2016-12-16T07:10:37.000Z</time>
        <extensions>
          <ns3:TrackPointExtension>
            <ns3:atemp>7.0</ns3:atemp>
          </ns3:TrackPointExtension>
        </extensions>
      </trkpt>
      <trkpt lat="31.946265819" lon="34.951581527">
        <ele>115.20</ele>
        <time>2016-12-16T07:10:41.000Z</time>
        <extensions>
          <ns3:TrackPointExtension>
            <ns3:atemp>7.0</ns3:atemp>
          </ns3:TrackPointExtension>
        </extensions>
      </trkpt>
      <trkpt lat="31.946239918" lon="34.951662077">
        <ele>115.20</ele>
        <time>2016-12-16T07:10:43.000Z</time>
        <extensions>
          <ns3:TrackPointExtension>
            <ns3:atemp>7.0</ns3:atemp>
          </ns3:TrackPointExtension>
        </extensions>
      </trkpt>
      <trkpt lat="31.946199266" lon="34.951760732">
        <ele>115.40</ele>
        <time>2016-12-16T07:10:46.000Z</time>
        <extensions>
          <ns3:TrackPointExtension>
            <ns3:atemp>7.0</ns3:atemp>
          </ns3:TrackPointExtension>
        </extensions>
      </trkpt>
      <trkpt lat="31.946103713" lon="34.952045800">
        <ele>116.00</ele>
        <time>2016-12-16T07:10:55.000Z</time>
        <extensions>
          <ns3:TrackPointExtension>
            <ns3:atemp>7.0</ns3:atemp>
          </ns3:TrackPointExtension>
        </extensions>
      </trkpt>
      <trkpt lat="31.946085608" lon="34.952119561">
        <ele>116.40</ele>
        <time>2016-12-16T07:10:57.000Z</time>
        <extensions>
          <ns3:TrackPointExtension>
            <ns3:atemp>7.0</ns3:atemp>
          </ns3:TrackPointExtension>
        </extensions>
      </trkpt>
      <trkpt lat="31.946058534" lon="34.952280745">
        <ele>117.80</ele>
        <time>2016-12-16T07:11:01.000Z</time>
        <extensions>
          <ns3:TrackPointExtension>
            <ns3:atemp>7.0</ns3:atemp>
          </ns3:TrackPointExtension>
        </extensions>
      </trkpt>
      <trkpt lat="31.946046380" lon="34.952359367">
        <ele>118.80</ele>
        <time>2016-12-16T07:11:03.000Z</time>
        <extensions>
          <ns3:TrackPointExtension>
            <ns3:atemp>7.0</ns3:atemp>
          </ns3:TrackPointExtension>
        </extensions>
      </trkpt>
      <trkpt lat="31.946040429" lon="34.952396164">
        <ele>119.20</ele>
        <time>2016-12-16T07:11:04.000Z</time>
        <extensions>
          <ns3:TrackPointExtension>
            <ns3:atemp>7.0</ns3:atemp>
          </ns3:TrackPointExtension>
        </extensions>
      </trkpt>
      <trkpt lat="31.946025258" lon="34.952482665">
        <ele>121.00</ele>
        <time>2016-12-16T07:11:07.000Z</time>
        <extensions>
          <ns3:TrackPointExtension>
            <ns3:atemp>7.0</ns3:atemp>
          </ns3:TrackPointExtension>
        </extensions>
      </trkpt>
      <trkpt lat="31.946021235" lon="34.952536561">
        <ele>122.00</ele>
        <time>2016-12-16T07:11:09.000Z</time>
        <extensions>
          <ns3:TrackPointExtension>
            <ns3:atemp>7.0</ns3:atemp>
          </ns3:TrackPointExtension>
        </extensions>
      </trkpt>
      <trkpt lat="31.946019810" lon="34.952565059">
        <ele>122.40</ele>
        <time>2016-12-16T07:11:10.000Z</time>
        <extensions>
          <ns3:TrackPointExtension>
            <ns3:atemp>7.0</ns3:atemp>
          </ns3:TrackPointExtension>
        </extensions>
      </trkpt>
      <trkpt lat="31.946011344" lon="34.952693470">
        <ele>123.60</ele>
        <time>2016-12-16T07:11:14.000Z</time>
        <extensions>
          <ns3:TrackPointExtension>
            <ns3:atemp>7.0</ns3:atemp>
          </ns3:TrackPointExtension>
        </extensions>
      </trkpt>
      <trkpt lat="31.946012937" lon="34.952755161">
        <ele>124.20</ele>
        <time>2016-12-16T07:11:16.000Z</time>
        <extensions>
          <ns3:TrackPointExtension>
            <ns3:atemp>7.0</ns3:atemp>
          </ns3:TrackPointExtension>
        </extensions>
      </trkpt>
      <trkpt lat="31.946022240" lon="34.952815175">
        <ele>124.60</ele>
        <time>2016-12-16T07:11:18.000Z</time>
        <extensions>
          <ns3:TrackPointExtension>
            <ns3:atemp>7.0</ns3:atemp>
          </ns3:TrackPointExtension>
        </extensions>
      </trkpt>
      <trkpt lat="31.946034310" lon="34.952905867">
        <ele>125.80</ele>
        <time>2016-12-16T07:11:21.000Z</time>
        <extensions>
          <ns3:TrackPointExtension>
            <ns3:atemp>7.0</ns3:atemp>
          </ns3:TrackPointExtension>
        </extensions>
      </trkpt>
      <trkpt lat="31.946032131" lon="34.952967390">
        <ele>126.40</ele>
        <time>2016-12-16T07:11:23.000Z</time>
        <extensions>
          <ns3:TrackPointExtension>
            <ns3:atemp>7.0</ns3:atemp>
          </ns3:TrackPointExtension>
        </extensions>
      </trkpt>
      <trkpt lat="31.946024671" lon="34.953035871">
        <ele>127.00</ele>
        <time>2016-12-16T07:11:25.000Z</time>
        <extensions>
          <ns3:TrackPointExtension>
            <ns3:atemp>7.0</ns3:atemp>
          </ns3:TrackPointExtension>
        </extensions>
      </trkpt>
      <trkpt lat="31.945992317" lon="34.953166712">
        <ele>128.20</ele>
        <time>2016-12-16T07:11:29.000Z</time>
        <extensions>
          <ns3:TrackPointExtension>
            <ns3:atemp>7.0</ns3:atemp>
          </ns3:TrackPointExtension>
        </extensions>
      </trkpt>
      <trkpt lat="31.945979577" lon="34.953193115">
        <ele>128.40</ele>
        <time>2016-12-16T07:11:30.000Z</time>
        <extensions>
          <ns3:TrackPointExtension>
            <ns3:atemp>7.0</ns3:atemp>
          </ns3:TrackPointExtension>
        </extensions>
      </trkpt>
      <trkpt lat="31.945920987" lon="34.953246843">
        <ele>129.40</ele>
        <time>2016-12-16T07:11:33.000Z</time>
        <extensions>
          <ns3:TrackPointExtension>
            <ns3:atemp>7.0</ns3:atemp>
          </ns3:TrackPointExtension>
        </extensions>
      </trkpt>
      <trkpt lat="31.945875976" lon="34.953280287">
        <ele>130.00</ele>
        <time>2016-12-16T07:11:35.000Z</time>
        <extensions>
          <ns3:TrackPointExtension>
            <ns3:atemp>7.0</ns3:atemp>
          </ns3:TrackPointExtension>
        </extensions>
      </trkpt>
      <trkpt lat="31.945830798" lon="34.953312306">
        <ele>130.60</ele>
        <time>2016-12-16T07:11:37.000Z</time>
        <extensions>
          <ns3:TrackPointExtension>
            <ns3:atemp>7.0</ns3:atemp>
          </ns3:TrackPointExtension>
        </extensions>
      </trkpt>
      <trkpt lat="31.945698531" lon="34.953363603">
        <ele>132.00</ele>
        <time>2016-12-16T07:11:42.000Z</time>
        <extensions>
          <ns3:TrackPointExtension>
            <ns3:atemp>7.0</ns3:atemp>
          </ns3:TrackPointExtension>
        </extensions>
      </trkpt>
      <trkpt lat="31.945576239" lon="34.953494109">
        <ele>132.60</ele>
        <time>2016-12-16T07:11:48.000Z</time>
        <extensions>
          <ns3:TrackPointExtension>
            <ns3:atemp>7.0</ns3:atemp>
          </ns3:TrackPointExtension>
        </extensions>
      </trkpt>
      <trkpt lat="31.945542376" lon="34.953663591">
        <ele>132.80</ele>
        <time>2016-12-16T07:11:53.000Z</time>
        <extensions>
          <ns3:TrackPointExtension>
            <ns3:atemp>7.0</ns3:atemp>
          </ns3:TrackPointExtension>
        </extensions>
      </trkpt>
      <trkpt lat="31.945567271" lon="34.953844389">
        <ele>132.80</ele>
        <time>2016-12-16T07:11:59.000Z</time>
        <extensions>
          <ns3:TrackPointExtension>
            <ns3:atemp>7.0</ns3:atemp>
          </ns3:TrackPointExtension>
        </extensions>
      </trkpt>
      <trkpt lat="31.945634326" lon="34.954007166">
        <ele>132.60</ele>
        <time>2016-12-16T07:12:05.000Z</time>
        <extensions>
          <ns3:TrackPointExtension>
            <ns3:atemp>7.0</ns3:atemp>
          </ns3:TrackPointExtension>
        </extensions>
      </trkpt>
      <trkpt lat="31.945705069" lon="34.954218222">
        <ele>132.40</ele>
        <time>2016-12-16T07:12:11.000Z</time>
        <extensions>
          <ns3:TrackPointExtension>
            <ns3:atemp>7.0</ns3:atemp>
          </ns3:TrackPointExtension>
        </extensions>
      </trkpt>
      <trkpt lat="31.945785368" lon="34.954497339">
        <ele>133.00</ele>
        <time>2016-12-16T07:12:18.000Z</time>
        <extensions>
          <ns3:TrackPointExtension>
            <ns3:atemp>7.0</ns3:atemp>
          </ns3:TrackPointExtension>
        </extensions>
      </trkpt>
      <trkpt lat="31.945796013" lon="34.954539333">
        <ele>133.20</ele>
        <time>2016-12-16T07:12:19.000Z</time>
        <extensions>
          <ns3:TrackPointExtension>
            <ns3:atemp>7.0</ns3:atemp>
          </ns3:TrackPointExtension>
        </extensions>
      </trkpt>
      <trkpt lat="31.945869355" lon="34.954766901">
        <ele>134.40</ele>
        <time>2016-12-16T07:12:24.000Z</time>
        <extensions>
          <ns3:TrackPointExtension>
            <ns3:atemp>7.0</ns3:atemp>
          </ns3:TrackPointExtension>
        </extensions>
      </trkpt>
      <trkpt lat="31.945884610" lon="34.954812834">
        <ele>134.60</ele>
        <time>2016-12-16T07:12:25.000Z</time>
        <extensions>
          <ns3:TrackPointExtension>
            <ns3:atemp>7.0</ns3:atemp>
          </ns3:TrackPointExtension>
        </extensions>
      </trkpt>
      <trkpt lat="31.945900703" lon="34.954860443">
        <ele>134.80</ele>
        <time>2016-12-16T07:12:26.000Z</time>
        <extensions>
          <ns3:TrackPointExtension>
            <ns3:atemp>7.0</ns3:atemp>
          </ns3:TrackPointExtension>
        </extensions>
      </trkpt>
      <trkpt lat="31.945949569" lon="34.955000086">
        <ele>135.60</ele>
        <time>2016-12-16T07:12:29.000Z</time>
        <extensions>
          <ns3:TrackPointExtension>
            <ns3:atemp>7.0</ns3:atemp>
          </ns3:TrackPointExtension>
        </extensions>
      </trkpt>
      <trkpt lat="31.946000280" lon="34.955140231">
        <ele>136.60</ele>
        <time>2016-12-16T07:12:32.000Z</time>
        <extensions>
          <ns3:TrackPointExtension>
            <ns3:atemp>7.0</ns3:atemp>
          </ns3:TrackPointExtension>
        </extensions>
      </trkpt>
      <trkpt lat="31.946064401" lon="34.955282388">
        <ele>137.80</ele>
        <time>2016-12-16T07:12:35.000Z</time>
        <extensions>
          <ns3:TrackPointExtension>
            <ns3:atemp>7.0</ns3:atemp>
          </ns3:TrackPointExtension>
        </extensions>
      </trkpt>
      <trkpt lat="31.946090469" lon="34.955326896">
        <ele>138.20</ele>
        <time>2016-12-16T07:12:36.000Z</time>
        <extensions>
          <ns3:TrackPointExtension>
            <ns3:atemp>7.0</ns3:atemp>
          </ns3:TrackPointExtension>
        </extensions>
      </trkpt>
      <trkpt lat="31.946148640" lon="34.955410296">
        <ele>139.00</ele>
        <time>2016-12-16T07:12:38.000Z</time>
        <extensions>
          <ns3:TrackPointExtension>
            <ns3:atemp>7.0</ns3:atemp>
          </ns3:TrackPointExtension>
        </extensions>
      </trkpt>
      <trkpt lat="31.946250480" lon="34.955507526">
        <ele>140.40</ele>
        <time>2016-12-16T07:12:41.000Z</time>
        <extensions>
          <ns3:TrackPointExtension>
            <ns3:atemp>7.0</ns3:atemp>
          </ns3:TrackPointExtension>
        </extensions>
      </trkpt>
      <trkpt lat="31.946330778" lon="34.955560165">
        <ele>141.20</ele>
        <time>2016-12-16T07:12:43.000Z</time>
        <extensions>
          <ns3:TrackPointExtension>
            <ns3:atemp>7.0</ns3:atemp>
          </ns3:TrackPointExtension>
        </extensions>
      </trkpt>
      <trkpt lat="31.946371598" lon="34.955581035">
        <ele>141.60</ele>
        <time>2016-12-16T07:12:44.000Z</time>
        <extensions>
          <ns3:TrackPointExtension>
            <ns3:atemp>7.0</ns3:atemp>
          </ns3:TrackPointExtension>
        </extensions>
      </trkpt>
      <trkpt lat="31.946495734" lon="34.955639876">
        <ele>142.80</ele>
        <time>2016-12-16T07:12:47.000Z</time>
        <extensions>
          <ns3:TrackPointExtension>
            <ns3:atemp>7.0</ns3:atemp>
          </ns3:TrackPointExtension>
        </extensions>
      </trkpt>
      <trkpt lat="31.946609141" lon="34.955672566">
        <ele>144.00</ele>
        <time>2016-12-16T07:12:50.000Z</time>
        <extensions>
          <ns3:TrackPointExtension>
            <ns3:atemp>7.0</ns3:atemp>
          </ns3:TrackPointExtension>
        </extensions>
      </trkpt>
      <trkpt lat="31.946644764" lon="34.955678601">
        <ele>144.80</ele>
        <time>2016-12-16T07:12:51.000Z</time>
        <extensions>
          <ns3:TrackPointExtension>
            <ns3:atemp>7.0</ns3:atemp>
          </ns3:TrackPointExtension>
        </extensions>
      </trkpt>
      <trkpt lat="31.946679382" lon="34.955687653">
        <ele>145.40</ele>
        <time>2016-12-16T07:12:52.000Z</time>
        <extensions>
          <ns3:TrackPointExtension>
            <ns3:atemp>7.0</ns3:atemp>
          </ns3:TrackPointExtension>
        </extensions>
      </trkpt>
      <trkpt lat="31.946803769" lon="34.955706345">
        <ele>146.60</ele>
        <time>2016-12-16T07:12:55.000Z</time>
        <extensions>
          <ns3:TrackPointExtension>
            <ns3:atemp>7.0</ns3:atemp>
          </ns3:TrackPointExtension>
        </extensions>
      </trkpt>
      <trkpt lat="31.946872501" lon="34.955708105">
        <ele>147.60</ele>
        <time>2016-12-16T07:12:57.000Z</time>
        <extensions>
          <ns3:TrackPointExtension>
            <ns3:atemp>7.0</ns3:atemp>
          </ns3:TrackPointExtension>
        </extensions>
      </trkpt>
      <trkpt lat="31.946932180" lon="34.955715397">
        <ele>148.20</ele>
        <time>2016-12-16T07:12:59.000Z</time>
        <extensions>
          <ns3:TrackPointExtension>
            <ns3:atemp>7.0</ns3:atemp>
          </ns3:TrackPointExtension>
        </extensions>
      </trkpt>
      <trkpt lat="31.946985321" lon="34.955721181">
        <ele>148.80</ele>
        <time>2016-12-16T07:13:01.000Z</time>
        <extensions>
          <ns3:TrackPointExtension>
            <ns3:atemp>7.0</ns3:atemp>
          </ns3:TrackPointExtension>
        </extensions>
      </trkpt>
      <trkpt lat="31.947074505" lon="34.955708776">
        <ele>149.80</ele>
        <time>2016-12-16T07:13:04.000Z</time>
        <extensions>
          <ns3:TrackPointExtension>
            <ns3:atemp>7.0</ns3:atemp>
          </ns3:TrackPointExtension>
        </extensions>
      </trkpt>
      <trkpt lat="31.947208866" lon="34.955689833">
        <ele>150.80</ele>
        <time>2016-12-16T07:13:09.000Z</time>
        <extensions>
          <ns3:TrackPointExtension>
            <ns3:atemp>7.0</ns3:atemp>
          </ns3:TrackPointExtension>
        </extensions>
      </trkpt>
      <trkpt lat="31.947257901" lon="34.955681032">
        <ele>151.40</ele>
        <time>2016-12-16T07:13:11.000Z</time>
        <extensions>
          <ns3:TrackPointExtension>
            <ns3:atemp>7.0</ns3:atemp>
          </ns3:TrackPointExtension>
        </extensions>
      </trkpt>
      <trkpt lat="31.947355550" lon="34.955673404">
        <ele>152.00</ele>
        <time>2016-12-16T07:13:15.000Z</time>
        <extensions>
          <ns3:TrackPointExtension>
            <ns3:atemp>7.0</ns3:atemp>
          </ns3:TrackPointExtension>
        </extensions>
      </trkpt>
      <trkpt lat="31.947378013" lon="34.955676086">
        <ele>152.20</ele>
        <time>2016-12-16T07:13:16.000Z</time>
        <extensions>
          <ns3:TrackPointExtension>
            <ns3:atemp>7.0</ns3:atemp>
          </ns3:TrackPointExtension>
        </extensions>
      </trkpt>
      <trkpt lat="31.947515812" lon="34.955678098">
        <ele>153.20</ele>
        <time>2016-12-16T07:13:21.000Z</time>
        <extensions>
          <ns3:TrackPointExtension>
            <ns3:atemp>7.0</ns3:atemp>
          </ns3:TrackPointExtension>
        </extensions>
      </trkpt>
      <trkpt lat="31.947539281" lon="34.955681367">
        <ele>153.40</ele>
        <time>2016-12-16T07:13:22.000Z</time>
        <extensions>
          <ns3:TrackPointExtension>
            <ns3:atemp>7.0</ns3:atemp>
          </ns3:TrackPointExtension>
        </extensions>
      </trkpt>
      <trkpt lat="31.947636427" lon="34.955698131">
        <ele>154.40</ele>
        <time>2016-12-16T07:13:26.000Z</time>
        <extensions>
          <ns3:TrackPointExtension>
            <ns3:atemp>7.0</ns3:atemp>
          </ns3:TrackPointExtension>
        </extensions>
      </trkpt>
      <trkpt lat="31.947748661" lon="34.955710452">
        <ele>155.20</ele>
        <time>2016-12-16T07:13:30.000Z</time>
        <extensions>
          <ns3:TrackPointExtension>
            <ns3:atemp>7.0</ns3:atemp>
          </ns3:TrackPointExtension>
        </extensions>
      </trkpt>
      <trkpt lat="31.947774477" lon="34.955711709">
        <ele>155.40</ele>
        <time>2016-12-16T07:13:31.000Z</time>
        <extensions>
          <ns3:TrackPointExtension>
            <ns3:atemp>7.0</ns3:atemp>
          </ns3:TrackPointExtension>
        </extensions>
      </trkpt>
      <trkpt lat="31.947953850" lon="34.955713721">
        <ele>156.40</ele>
        <time>2016-12-16T07:13:37.000Z</time>
        <extensions>
          <ns3:TrackPointExtension>
            <ns3:atemp>7.0</ns3:atemp>
          </ns3:TrackPointExtension>
        </extensions>
      </trkpt>
      <trkpt lat="31.948103635" lon="34.955701064">
        <ele>157.40</ele>
        <time>2016-12-16T07:13:42.000Z</time>
        <extensions>
          <ns3:TrackPointExtension>
            <ns3:atemp>7.0</ns3:atemp>
          </ns3:TrackPointExtension>
        </extensions>
      </trkpt>
      <trkpt lat="31.948185526" lon="34.955686731">
        <ele>157.80</ele>
        <time>2016-12-16T07:13:45.000Z</time>
        <extensions>
          <ns3:TrackPointExtension>
            <ns3:atemp>7.0</ns3:atemp>
          </ns3:TrackPointExtension>
        </extensions>
      </trkpt>
      <trkpt lat="31.948366910" lon="34.955681115">
        <ele>158.40</ele>
        <time>2016-12-16T07:13:52.000Z</time>
        <extensions>
          <ns3:TrackPointExtension>
            <ns3:atemp>7.0</ns3:atemp>
          </ns3:TrackPointExtension>
        </extensions>
      </trkpt>
      <trkpt lat="31.948470259" lon="34.955677092">
        <ele>158.60</ele>
        <time>2016-12-16T07:13:55.000Z</time>
        <extensions>
          <ns3:TrackPointExtension>
            <ns3:atemp>7.0</ns3:atemp>
          </ns3:TrackPointExtension>
        </extensions>
      </trkpt>
      <trkpt lat="31.948535386" lon="34.955663346">
        <ele>158.80</ele>
        <time>2016-12-16T07:13:57.000Z</time>
        <extensions>
          <ns3:TrackPointExtension>
            <ns3:atemp>7.0</ns3:atemp>
          </ns3:TrackPointExtension>
        </extensions>
      </trkpt>
      <trkpt lat="31.948740995" lon="34.955664771">
        <ele>159.00</ele>
        <time>2016-12-16T07:14:04.000Z</time>
        <extensions>
          <ns3:TrackPointExtension>
            <ns3:atemp>7.0</ns3:atemp>
          </ns3:TrackPointExtension>
        </extensions>
      </trkpt>
      <trkpt lat="31.949025057" lon="34.955618503">
        <ele>159.40</ele>
        <time>2016-12-16T07:14:14.000Z</time>
        <extensions>
          <ns3:TrackPointExtension>
            <ns3:atemp>7.0</ns3:atemp>
          </ns3:TrackPointExtension>
        </extensions>
      </trkpt>
      <trkpt lat="31.949277772" lon="34.955589166">
        <ele>159.80</ele>
        <time>2016-12-16T07:14:22.000Z</time>
        <extensions>
          <ns3:TrackPointExtension>
            <ns3:atemp>7.0</ns3:atemp>
          </ns3:TrackPointExtension>
        </extensions>
      </trkpt>
      <trkpt lat="31.949554626" lon="34.955577264">
        <ele>160.20</ele>
        <time>2016-12-16T07:14:31.000Z</time>
        <extensions>
          <ns3:TrackPointExtension>
            <ns3:atemp>7.0</ns3:atemp>
          </ns3:TrackPointExtension>
        </extensions>
      </trkpt>
      <trkpt lat="31.949640121" lon="34.955565613">
        <ele>160.40</ele>
        <time>2016-12-16T07:14:34.000Z</time>
        <extensions>
          <ns3:TrackPointExtension>
            <ns3:atemp>7.0</ns3:atemp>
          </ns3:TrackPointExtension>
        </extensions>
      </trkpt>
      <trkpt lat="31.949776579" lon="34.955559997">
        <ele>161.00</ele>
        <time>2016-12-16T07:14:39.000Z</time>
        <extensions>
          <ns3:TrackPointExtension>
            <ns3:atemp>7.0</ns3:atemp>
          </ns3:TrackPointExtension>
        </extensions>
      </trkpt>
      <trkpt lat="31.949943043" lon="34.955537617">
        <ele>161.40</ele>
        <time>2016-12-16T07:14:45.000Z</time>
        <extensions>
          <ns3:TrackPointExtension>
            <ns3:atemp>7.0</ns3:atemp>
          </ns3:TrackPointExtension>
        </extensions>
      </trkpt>
      <trkpt lat="31.949974308" lon="34.955531918">
        <ele>161.60</ele>
        <time>2016-12-16T07:14:46.000Z</time>
        <extensions>
          <ns3:TrackPointExtension>
            <ns3:atemp>7.0</ns3:atemp>
          </ns3:TrackPointExtension>
        </extensions>
      </trkpt>
      <trkpt lat="31.950163068" lon="34.955516160">
        <ele>161.80</ele>
        <time>2016-12-16T07:14:52.000Z</time>
        <extensions>
          <ns3:TrackPointExtension>
            <ns3:atemp>7.0</ns3:atemp>
          </ns3:TrackPointExtension>
        </extensions>
      </trkpt>
      <trkpt lat="31.950432798" lon="34.955484560">
        <ele>162.20</ele>
        <time>2016-12-16T07:15:00.000Z</time>
        <extensions>
          <ns3:TrackPointExtension>
            <ns3:atemp>7.0</ns3:atemp>
          </ns3:TrackPointExtension>
        </extensions>
      </trkpt>
      <trkpt lat="31.950651649" lon="34.955467125">
        <ele>162.20</ele>
        <time>2016-12-16T07:15:07.000Z</time>
        <extensions>
          <ns3:TrackPointExtension>
            <ns3:atemp>7.0</ns3:atemp>
          </ns3:TrackPointExtension>
        </extensions>
      </trkpt>
      <trkpt lat="31.950818533" lon="34.955481039">
        <ele>162.40</ele>
        <time>2016-12-16T07:15:13.000Z</time>
        <extensions>
          <ns3:TrackPointExtension>
            <ns3:atemp>7.0</ns3:atemp>
          </ns3:TrackPointExtension>
        </extensions>
      </trkpt>
      <trkpt lat="31.950940574" lon="34.955479447">
        <ele>162.40</ele>
        <time>2016-12-16T07:15:18.000Z</time>
        <extensions>
          <ns3:TrackPointExtension>
            <ns3:atemp>7.0</ns3:atemp>
          </ns3:TrackPointExtension>
        </extensions>
      </trkpt>
      <trkpt lat="31.951084994" lon="34.955535522">
        <ele>162.40</ele>
        <time>2016-12-16T07:15:24.000Z</time>
        <extensions>
          <ns3:TrackPointExtension>
            <ns3:atemp>7.0</ns3:atemp>
          </ns3:TrackPointExtension>
        </extensions>
      </trkpt>
      <trkpt lat="31.951109804" lon="34.955545999">
        <ele>162.40</ele>
        <time>2016-12-16T07:15:25.000Z</time>
        <extensions>
          <ns3:TrackPointExtension>
            <ns3:atemp>7.0</ns3:atemp>
          </ns3:TrackPointExtension>
        </extensions>
      </trkpt>
      <trkpt lat="31.951144254" lon="34.955519093">
        <ele>162.40</ele>
        <time>2016-12-16T07:15:27.000Z</time>
        <extensions>
          <ns3:TrackPointExtension>
            <ns3:atemp>7.0</ns3:atemp>
          </ns3:TrackPointExtension>
        </extensions>
      </trkpt>
      <trkpt lat="31.951101087" lon="34.955505431">
        <ele>162.00</ele>
        <time>2016-12-16T07:15:30.000Z</time>
        <extensions>
          <ns3:TrackPointExtension>
            <ns3:atemp>7.0</ns3:atemp>
          </ns3:TrackPointExtension>
        </extensions>
      </trkpt>
      <trkpt lat="31.951091448" lon="34.955521189">
        <ele>162.00</ele>
        <time>2016-12-16T07:15:31.000Z</time>
        <extensions>
          <ns3:TrackPointExtension>
            <ns3:atemp>7.0</ns3:atemp>
          </ns3:TrackPointExtension>
        </extensions>
      </trkpt>
      <trkpt lat="31.951068481" lon="34.955545496">
        <ele>161.80</ele>
        <time>2016-12-16T07:15:33.000Z</time>
        <extensions>
          <ns3:TrackPointExtension>
            <ns3:atemp>7.0</ns3:atemp>
          </ns3:TrackPointExtension>
        </extensions>
      </trkpt>
      <trkpt lat="31.951010898" lon="34.955523955">
        <ele>161.80</ele>
        <time>2016-12-16T07:15:38.000Z</time>
        <extensions>
          <ns3:TrackPointExtension>
            <ns3:atemp>7.0</ns3:atemp>
          </ns3:TrackPointExtension>
        </extensions>
      </trkpt>
      <trkpt lat="31.950995307" lon="34.955493193">
        <ele>161.80</ele>
        <time>2016-12-16T07:15:40.000Z</time>
        <extensions>
          <ns3:TrackPointExtension>
            <ns3:atemp>7.0</ns3:atemp>
          </ns3:TrackPointExtension>
        </extensions>
      </trkpt>
      <trkpt lat="31.950905286" lon="34.955433598">
        <ele>161.80</ele>
        <time>2016-12-16T07:15:46.000Z</time>
        <extensions>
          <ns3:TrackPointExtension>
            <ns3:atemp>7.0</ns3:atemp>
          </ns3:TrackPointExtension>
        </extensions>
      </trkpt>
      <trkpt lat="31.950772768" lon="34.955427814">
        <ele>162.20</ele>
        <time>2016-12-16T07:15:54.000Z</time>
        <extensions>
          <ns3:TrackPointExtension>
            <ns3:atemp>7.0</ns3:atemp>
          </ns3:TrackPointExtension>
        </extensions>
      </trkpt>
      <trkpt lat="31.950670173" lon="34.955413816">
        <ele>162.40</ele>
        <time>2016-12-16T07:16:00.000Z</time>
        <extensions>
          <ns3:TrackPointExtension>
            <ns3:atemp>7.0</ns3:atemp>
          </ns3:TrackPointExtension>
        </extensions>
      </trkpt>
      <trkpt lat="31.950605381" lon="34.955411805">
        <ele>162.40</ele>
        <time>2016-12-16T07:16:06.000Z</time>
        <extensions>
          <ns3:TrackPointExtension>
            <ns3:atemp>7.0</ns3:atemp>
          </ns3:TrackPointExtension>
        </extensions>
      </trkpt>
      <trkpt lat="31.950601609" lon="34.955441142">
        <ele>162.00</ele>
        <time>2016-12-16T07:16:29.000Z</time>
        <extensions>
          <ns3:TrackPointExtension>
            <ns3:atemp>7.0</ns3:atemp>
          </ns3:TrackPointExtension>
        </extensions>
      </trkpt>
      <trkpt lat="31.950676460" lon="34.955464862">
        <ele>162.00</ele>
        <time>2016-12-16T07:16:33.000Z</time>
        <extensions>
          <ns3:TrackPointExtension>
            <ns3:atemp>7.0</ns3:atemp>
          </ns3:TrackPointExtension>
        </extensions>
      </trkpt>
      <trkpt lat="31.950713089" lon="34.955537701">
        <ele>162.20</ele>
        <time>2016-12-16T07:16:37.000Z</time>
        <extensions>
          <ns3:TrackPointExtension>
            <ns3:atemp>7.0</ns3:atemp>
          </ns3:TrackPointExtension>
        </extensions>
      </trkpt>
      <trkpt lat="31.950715184" lon="34.955559159">
        <ele>162.20</ele>
        <time>2016-12-16T07:16:42.000Z</time>
        <extensions>
          <ns3:TrackPointExtension>
            <ns3:atemp>7.0</ns3:atemp>
          </ns3:TrackPointExtension>
        </extensions>
      </trkpt>
      <trkpt lat="31.950715939" lon="34.955558991">
        <ele>162.20</ele>
        <time>2016-12-16T07:16:54.000Z</time>
        <extensions>
          <ns3:TrackPointExtension>
            <ns3:atemp>7.0</ns3:atemp>
          </ns3:TrackPointExtension>
        </extensions>
      </trkpt>
      <trkpt lat="31.950721135" lon="34.955563266">
        <ele>162.20</ele>
        <time>2016-12-16T07:17:13.000Z</time>
        <extensions>
          <ns3:TrackPointExtension>
            <ns3:atemp>7.0</ns3:atemp>
          </ns3:TrackPointExtension>
        </extensions>
      </trkpt>
      <trkpt lat="31.950722812" lon="34.955572486">
        <ele>162.20</ele>
        <time>2016-12-16T07:17:20.000Z</time>
        <extensions>
          <ns3:TrackPointExtension>
            <ns3:atemp>7.0</ns3:atemp>
          </ns3:TrackPointExtension>
        </extensions>
      </trkpt>
      <trkpt lat="31.950720968" lon="34.955574078">
        <ele>161.80</ele>
        <time>2016-12-16T07:18:29.000Z</time>
        <extensions>
          <ns3:TrackPointExtension>
            <ns3:atemp>7.0</ns3:atemp>
          </ns3:TrackPointExtension>
        </extensions>
      </trkpt>
      <trkpt lat="31.950720884" lon="34.955574078">
        <ele>162.00</ele>
        <time>2016-12-16T07:20:52.000Z</time>
        <extensions>
          <ns3:TrackPointExtension>
            <ns3:atemp>8.0</ns3:atemp>
          </ns3:TrackPointExtension>
        </extensions>
      </trkpt>
      <trkpt lat="31.950720632" lon="34.955574414">
        <ele>162.00</ele>
        <time>2016-12-16T07:21:35.000Z</time>
        <extensions>
          <ns3:TrackPointExtension>
            <ns3:atemp>8.0</ns3:atemp>
          </ns3:TrackPointExtension>
        </extensions>
      </trkpt>
    </trkseg>
  </trk>
</gpx>
