סוג פעילות,תאריך,סמן כמועדף,כותרת,מרחק,קלוריות,שעה,דופק ממוצע,דופק מרבי,מהירות ממוצעת,מהירות מרבית,עלייה כוללת,ירידה כוללת,ממוצע תנועות/דקה באופניים,תנועות לדקה מרביות באופניים,Normalized Power‏® (NP®),איזון שמאל/ימין,Training Stress Score®,כוח ממוצע מרבי (20 דקות),כוח ממוצע,כוח מרבי,סה"כ תנועות,טמפ' מינ',דקומפרסיה,זמן ההקפה הטוב ביותר,מספר הקפות,טמפ' מרבית,זמן תנועה,זמן שעבר,גובה מינימלי,גובה מרבי
אופני כביש,2026-08-29 06:24:20,false,"אופני כביש","100.67","1,774","03:49:41","113","162","26.3","70.3","781","779","--","--","--","--","0.0","--","--","--","--","22.0","לא","03:49:41","1","38.0","03:49:05","04:15:44","96","391"
אופני כביש,2026-08-22 06:18:16,false,"אופני כביש","94.15","1,713","03:32:41","109","150","26.6","52.0","635","631","--","--","--","--","0.0","--","--","--","--","24.0","לא","03:32:41","1","38.0","03:32:04","04:26:11","78","357"
אופני כביש,2026-08-15 06:48:00,false,"אופני כביש","79.48","2,276","03:38:38","127","158","21.8","73.3","1,688","1,694","--","--","--","--","0.0","--","--","--","--","24.0","לא","00:04:15.1","3","36.0","03:38:30","04:16:37","232","825"
אופני כביש,2026-08-08 06:43:38,false,"אופני כביש","95.81","1,752","03:20:27","114","162","28.7","49.0","437","447","--","--","--","--","0.0","--","--","--","--","26.0","לא","00:36:30","3","35.0","03:19:51","03:46:17","59","110"
אופני כביש,2026-08-01 06:15:43,true,"אופני כביש","95.49","2,126","03:42:51","121","166","25.7","62.3","1,109","1,112","--","--","--","--","0.0","--","--","--","--","20.0","לא","00:07:18.4","2","41.0","03:42:07","72:00:18","29","384"
אופני כביש,2026-07-25 07:16:17,false,"אופני כביש","54.03","1,176","01:58:52","120","160","27.3","54.9","208","215","--","--","--","--","0.0","--","--","--","--","26.0","לא","00:17:45","2","36.0","01:58:36","02:42:45","54","90"
אופני כביש,2026-07-11 05:53:12,false,"אופני כביש","84.15","2,223","04:07:04","120","157","20.4","76.2","1,832","1,831","--","--","--","--","0.0","--","--","--","--","19.0","לא","04:07:04","1","33.0","04:06:52","04:31:05","104","783"
אופני כביש,2026-07-09 17:59:21,false,"אופני כביש","31.37","870","01:01:22","141","167","30.7","41.2","66","68","--","--","--","--","0.0","--","--","--","--","27.0","לא","00:00:49.6","3","32.0","01:01:15","01:15:00","117","161"
אופני כביש,2026-06-27 06:39:02,false,"אופני כביש","91.61","1,916","03:15:42","125","153","28.1","61.3","944","948","--","--","--","--","0.0","--","--","--","--","23.0","לא","00:24:10","3","34.0","03:15:36","03:28:38","60","346"
אופני כביש,2026-06-26 06:33:43,false,"אופני כביש","32.14","768","01:01:10","138","167","31.5","41.4","58","64","--","--","--","--","0.0","--","--","--","--","24.0","לא","00:04:00.4","6","26.0","01:01:09","01:01:10","10","17"
אופני כביש,2026-06-20 06:18:06,false,"אופני כביש","101.55","4,170","03:17:04","--","--","30.9","66.3","1,357","1,326","--","--","--","--","0.0","--","--","--","--","14.0","לא","03:17:04","1","34.0","03:16:56","03:42:42","149","323"
אופני כביש,2026-06-12 07:23:43,false,"אופני כביש","39.95","862","01:21:42","131","160","29.3","44.6","162","158","--","--","--","--","0.0","--","--","--","--","25.0","לא","00:01:58.3","3","34.0","01:21:33","01:39:32","'-23","8"
אופני כביש,2026-06-11 05:30:08,false,"אופני כביש","31.29","759","00:59:34","137","166","31.5","41.3","61","67","--","--","--","--","0.0","--","--","--","--","20.0","לא","00:00:18.8","6","23.0","00:59:34","00:59:34","'-10","1"
אופני כביש,2026-06-06 15:00:34,false,"אופני כביש","45.64","1,078","01:53:21","117","146","24.2","39.7","212","180","75","102","169","‎38%‎‏ / שמאל ‏‎62%‎ ‏ ימין","82.6","193","135","672","7188","28.0","לא","00:02:21.3","4","34.0","01:52:45","02:12:37","'-2","35"
אופני כביש,2026-05-30 06:52:54,false,"אופני כביש","107.07","2,834","03:56:25","130","165","27.2","60.0","1,458","1,463","82","132","201","‎39%‎‏ / שמאל ‏‎61%‎ ‏ ימין","242.8","207","177","695","17832","16.0","לא","00:01:21.6","8","33.0","03:55:24","03:59:29","130","304"
אופני כביש,2026-05-23 07:09:15,false,"אופני כביש","103.34","2,700","03:53:35","128","167","26.5","56.4","1,386","1,351","81","127","196","‎39%‎‏ / שמאל ‏‎61%‎ ‏ ימין","230.2","209","169","607","17283","15.0","לא","00:11:51","4","37.0","03:53:26","05:01:57","'-29","300"
אופני כביש,2026-05-16 15:37:09,false,"אופני כביש","46.19","1,053","01:50:50","113","159","25.0","47.8","219","216","81","119","181","‎36%‎‏ / שמאל ‏‎64%‎ ‏ ימין","108.6","192","137","775","7320","23.0","לא","00:20:06","3","28.0","01:48:47","01:56:59","'-4","34"
אופני כביש,2026-05-13 05:54:30,false,"אופני כביש","31.11","760","01:07:36","117","146","27.6","34.4","104","107","81","125","190","‎39%‎‏ / שמאל ‏‎61%‎ ‏ ימין","75.4","187","164","848","4821","19.0","לא","00:00:09.7","9","21.0","01:07:32","01:08:00","'-0","14"
אופני כביש,2026-05-08 07:07:39,false,"אופני כביש","37.32","870","01:23:01","124","152","27.0","40.8","109","111","85","124","186","‎37%‎‏ / שמאל ‏‎63%‎ ‏ ימין","76.2","181","151","736","6228","16.0","לא","00:00:24.1","12","22.0","01:22:59","01:23:27","'-1","12"
אופני כביש,2026-04-29 05:03:31,false,"אופני כביש","32.85","802","01:23:15","115","150","23.7","37.2","149","160","84","122","183","‎37%‎‏ / שמאל ‏‎63%‎ ‏ ימין","64.8","195","145","774","5124","14.0","לא","00:06:55.0","6","23.0","01:16:43","01:23:34","1","41"
אופני כביש,2026-04-22 08:14:47,false,"אופני כביש","135.96","3,175","05:47:32","122","154","23.5","67.5","2,018","2,060","--","--","--","--","0.0","--","--","--","--","12.0","לא","00:16:05","6","36.0","05:47:18","75:49:58","'-39","736"
אופני כביש,2026-04-21 06:53:23,false,"אופני כביש","33.79","718","01:12:54","118","157","27.8","44.1","72","96","--","--","--","--","0.0","--","--","--","--","15.0","לא","00:01:33.3","10","23.0","01:12:41","01:21:24","'-9","25"
אופני כביש,2026-04-18 06:48:34,false,"אופני כביש","110.01","2,456","03:58:39","126","163","27.7","68.0","1,205","1,208","--","--","--","--","0.0","--","--","--","--","17.0","לא","00:00:16.7","8","32.0","03:56:56","04:25:26","58","318"
אופני כביש,2026-04-11 07:24:20,false,"אופני כביש","84.05","2,383","04:18:21","125","160","19.5","149.0","2,292","2,282","--","--","--","--","0.0","--","--","--","--","9.0","לא","00:00:16.5","9","27.0","04:08:22","04:23:41","207","744"
אופני כביש,2026-04-08 06:47:49,false,"אופני כביש","99.01","2,243","03:34:36","130","168","27.7","197.8","720","713","--","--","--","--","0.0","--","--","--","--","13.0","לא","03:34:36","1","23.0","03:31:49","03:56:01","'-3","286"
אופני כביש,2026-03-28 06:13:11,false,"אופני כביש","95.81","2,823","05:16:14","112","153","18.2","86.5","2,244","2,245","70","115","185","‎41%‎‏ / שמאל ‏‎59%‎ ‏ ימין","178.1","240","130","538","11397","8.0","לא","05:16:14","1","28.0","05:09:25","05:47:17","197","864"
אופני כביש,2026-03-21 07:06:08,false,"אופני כביש","76.93","2,465","03:47:16","121","165","20.3","124.5","1,091","1,181","75","127","208","‎41%‎‏ / שמאל ‏‎59%‎ ‏ ימין","265.9","264","158","687","14048","15.0","לא","03:47:16","1","23.0","02:46:10","04:18:07","175","747"
אופני כביש,2026-03-14 07:24:24,false,"אופני כביש","100.11","2,361","03:58:14","130","166","25.2","77.3","1,228","1,236","--","--","--","--","0.0","--","--","--","--","22.0","לא","00:00:26.9","4","25.0","03:54:39","04:36:33","302","554"
אופני כביש,2026-03-07 07:16:37,false,"אופני כביש","63.59","1,893","02:47:54","125","168","22.7","75.6","1,229","1,185","76","136","219","‎41%‎‏ / שמאל ‏‎59%‎ ‏ ימין","227.6","240","166","794","10801","10.0","לא","00:37:58","3","19.0","02:43:12","02:58:12","200","742"
אופני כביש,2026-02-28 08:32:38,false,"אופני כביש","33.86","899","01:20:48","117","153","25.1","56.4","204","170","74","113","193","‎40%‎‏ / שמאל ‏‎60%‎ ‏ ימין","86.9","212","163","774","5294","11.0","לא","01:20:48","1","15.0","01:17:04","01:27:20","1","41"
אופני כביש,2026-02-14 07:11:05,false,"אופני כביש","94.61","2,614","03:43:26","128","160","25.4","66.9","1,524","1,540","77","119","210","‎40%‎‏ / שמאל ‏‎60%‎ ‏ ימין","286.3","254","173","591","15259","13.0","לא","00:29:57","4","22.0","03:43:00","04:20:27","122","740"
אופני כביש,2026-02-07 06:54:02,false,"אופני כביש","137.39","3,261","04:27:41","132","158","30.8","58.6","744","737","79","117","201","‎39%‎‏ / שמאל ‏‎61%‎ ‏ ימין","449.3","248","181","596","20131","13.0","לא","00:48:57","3","28.0","04:27:15","04:50:31","27","112"
אופני כביש,2026-01-31 07:35:22,false,"אופני כביש","77.28","1,165","03:04:31","121","160","25.1","68.7","1,151","1,096","--","--","--","--","0.0","--","--","--","--","14.0","לא","03:04:31","1","23.0","03:04:13","03:07:26","102","845"
אופני כביש,2026-01-24 07:21:45,false,"אופני כביש","120.48","2,131","05:02:16","123","162","23.9","65.8","1,741","1,759","--","--","--","--","0.0","--","--","--","--","8.0","לא","00:42:58","2","25.0","05:00:39","146:44:35","0","739"
אופני כביש,2026-01-17 07:37:10,false,"אופני כביש","60.66","945","02:07:53","130","165","28.5","66.7","545","555","--","--","--","--","0.0","--","--","--","--","11.0","לא","02:07:53","1","17.0","02:07:10","02:08:07","50","281"
אופני כביש,2026-01-10 07:29:57,false,"אופני כביש","69.71","1,414","03:35:23","120","156","19.4","63.8","964","479","--","--","--","--","0.0","--","--","--","--","9.0","לא","03:35:23","1","15.0","03:33:34","144:51:19","1","772"
אופני כביש,2026-01-03 07:11:36,false,"אופני כביש","109.29","1,643","04:15:47","121","160","25.6","63.5","1,235","1,236","--","--","--","--","0.0","--","--","--","--","8.0","לא","04:15:47","1","21.0","04:15:25","04:32:58","61","402"
אופני כביש,2025-12-26 07:04:37,false,"אופני כביש","32.78","500","01:16:16","120","159","25.8","43.1","188","172","--","--","--","--","0.0","--","--","--","--","11.0","לא","00:28:31","2","17.0","01:15:23","01:16:55","'-2","33"
אופני כביש,2025-12-20 06:37:39,false,"אופני כביש","75.52","1,748","03:30:34","131","169","21.5","73.5","1,730","1,722","--","--","--","--","0.0","--","--","--","--","12.0","לא","00:04:16.7","3","26.0","03:29:50","04:16:41","115","751"
אופני כביש,2025-12-06 06:51:02,false,"אופני כביש","82.87","1,699","03:49:12","123","173","21.7","74.2","1,694","1,691","--","--","--","--","0.0","--","--","--","--","14.0","לא","00:46:43","2","29.0","03:49:01","04:15:41","199","733"
אופני כביש,2025-11-29 06:38:38,false,"אופני כביש","90.55","1,719","03:05:43","131","170","29.3","62.3","904","915","--","--","--","--","0.0","--","--","--","--","13.0","לא","03:05:43","1","29.0","03:04:39","04:00:59","63","320"
אופני כביש,2025-11-28 07:40:37,false,"אופני כביש","33.66","610","01:03:07","130","154","32.0","38.7","61","60","--","--","--","--","0.0","--","--","--","--","16.0","לא","01:03:07","1","21.0","01:01:42","01:03:07","2","7"
אופני כביש,2025-11-22 07:57:41,false,"אופני כביש","51.26","860","01:50:08","123","167","27.9","44.1","181","181","--","--","--","--","0.0","--","--","--","--","21.0","לא","00:11:44","4","42.0","01:50:03","02:11:59","4","33"
אופני כביש,2025-11-15 06:52:49,false,"אופני כביש","72.81","1,461","02:47:58","129","164","26.0","62.6","846","842","--","--","--","--","0.0","--","--","--","--","21.0","לא","00:35:18","3","28.0","02:47:45","03:20:43","'-393","--"
אופני כביש,2025-11-08 06:41:46,false,"אופני כביש","88.43","1,270","03:38:44","110","143","24.3","67.6","1,272","1,263","--","--","--","--","0.0","--","--","--","--","19.0","לא","00:44:14","4","29.0","03:38:17","03:51:05","70","838"
אופני כביש,2025-11-07 07:28:18,false,"אופני כביש","31.58","615","01:00:52","132","164","31.1","45.1","60","64","--","--","--","--","0.0","--","--","--","--","22.0","לא","00:00:06.8","6","25.0","00:59:39","01:01:04","3","10"
אופני כביש,2025-10-31 06:56:19,false,"אופני כביש","48.38","822","01:44:26","116","164","27.8","48.9","189","171","--","--","--","--","0.0","--","--","--","--","18.0","לא","00:01:13.8","8","30.0","01:42:03","01:47:41","1","34"
אופני כביש,2025-10-25 07:02:02,false,"אופני כביש","68.00","1,386","03:22:56","118","162","20.1","60.0","1,323","1,311","--","--","--","--","0.0","--","--","--","--","17.0","לא","03:22:56","1","31.0","03:21:55","04:07:31","6","521"
אופני כביש,2025-10-18 06:30:05,false,"אופני כביש","107.17","2,020","05:06:56","118","153","20.9","71.5","2,261","2,243","--","--","--","--","0.0","--","--","--","--","17.0","לא","00:37:22","2","32.0","05:01:58","05:16:19","115","832"
אופני כביש,2025-10-14 08:32:35,false,"אופני כביש","45.30","744","01:36:52","117","143","28.1","44.8","150","147","--","--","--","--","0.0","--","--","--","--","22.0","לא","00:06:54.9","4","34.0","01:36:42","01:51:45","2","33"
אופני כביש,2025-10-13 07:02:37,false,"אופני כביש","37.91","659","01:23:14","123","162","27.3","44.2","139","134","--","--","--","--","0.0","--","--","--","--","21.0","לא","00:01:58.9","4","25.0","01:21:16","01:28:04","1","33"
אופני כביש,2025-10-11 07:12:18,false,"אופני כביש","77.18","1,564","03:24:43","122","158","22.6","75.9","1,576","1,576","--","--","--","--","0.0","--","--","--","--","15.0","לא","01:26:53","2","31.0","03:24:27","03:47:21","123","738"
אופני כביש,2025-10-04 06:58:14,false,"אופני כביש","145.61","2,679","05:43:29","123","157","25.4","69.7","1,652","1,632","--","--","--","--","0.0","--","--","--","--","22.0","לא","00:00:17.1","8","36.0","05:42:50","74:56:39","'-2","703"
אופני כביש,2025-10-02 05:01:19,false,"אופני כביש","135.02","2,156","05:28:49","117","153","24.6","72.5","1,506","1,525","--","--","--","--","0.0","--","--","--","--","17.0","לא","05:28:49","1","33.0","05:24:50","05:42:13","3","873"
אופני כביש,2025-09-27 08:03:49,false,"אופני כביש","86.09","1,280","03:05:45","115","147","27.8","44.8","299","321","--","--","--","--","0.0","--","--","--","--","25.0","לא","00:01:47.1","5","36.0","03:05:37","03:39:19","0","58"
אופני כביש,2025-09-26 07:13:30,false,"אופני כביש","37.87","692","01:19:55","125","162","28.4","46.8","156","170","--","--","--","--","0.0","--","--","--","--","24.0","לא","00:16:09","3","29.0","01:19:42","01:20:55","'-1","38"
אופני כביש,2025-09-24 07:05:46,false,"אופני כביש","39.08","664","01:31:34","113","157","25.6","45.7","160","184","--","--","--","--","0.0","--","--","--","--","25.0","לא","01:31:34","1","32.0","01:31:24","02:07:00","0","35"
אופני כביש,2025-09-23 07:30:03,false,"אופני כביש","61.43","1,047","02:15:02","120","161","27.3","55.2","549","545","--","--","--","--","0.0","--","--","--","--","23.0","לא","02:15:02","1","38.0","02:14:50","02:33:14","43","280"
אופני כביש,2025-09-20 06:21:36,false,"אופני כביש","99.13","2,042","04:04:16","124","171","24.3","73.1","1,585","1,578","--","--","--","--","0.0","--","--","--","--","16.0","לא","01:28:34","2","34.0","04:03:22","04:12:38","122","734"
דרך לא סלולה/דרך לא מרוצפת לאופניים,2025-09-13 06:39:11,false,"דרך לא סלולה/דרך לא מרוצפת לאופניים","54.01","1,072","01:45:33","127","160","30.7","45.4","116","121","--","--","--","--","0.0","--","--","--","--","21.0","לא","00:01:21.5","6","27.0","01:45:30","01:45:49","4","10"
אופני כביש,2025-09-12 06:49:13,false,"אופני כביש","39.70","622","01:33:02","107","142","25.6","48.6","153","142","--","--","--","--","0.0","--","--","--","--","22.0","לא","00:01:21.9","6","29.0","01:32:47","01:42:28","2","33"
אופני כביש,2025-09-06 06:52:04,false,"אופני כביש","71.22","1,289","03:01:37","113","156","23.5","45.3","317","328","--","--","--","--","0.0","--","--","--","--","24.0","לא","00:04:35.6","16","36.0","03:00:50","03:49:26","1","31"
אופני כביש,2025-09-05 06:46:49,false,"אופני כביש","35.53","773","01:09:05","131","160","30.9","40.2","58","88","--","--","--","--","0.0","--","--","--","--","24.0","לא","00:01:17.6","10","30.0","01:06:41","01:10:07","'-0","38"
אופני כביש,2025-08-30 06:07:03,false,"אופני כביש","88.73","1,875","03:24:15","129","160","26.1","69.1","1,141","1,139","--","--","--","--","0.0","--","--","--","--","17.0","לא","00:03:47.2","19","35.0","03:23:57","04:03:31","59","737"
אופני כביש,2023-10-21 07:25:21,false,"אופני כביש","47.85","808","01:32:33","128","154","31.0","45.2","104","101","--","--","--","--","0.0","--","--","--","--","15.0","לא","01:32:33","1","22.0","01:32:22","01:32:33","'-21","10"
אופני כביש,2023-10-14 07:27:17,false,"אופני כביש","60.83","1,050","02:10:22","120","159","28.0","46.2","111","138","--","--","--","--","0.0","--","--","--","--","15.0","לא","00:23:19","3","22.0","02:04:05","96:35:15","'-33","16"
אופני כביש,2023-10-05 07:01:35,false,"אופני כביש","43.91","787","01:35:14","122","155","27.7","43.4","120","111","--","--","--","--","0.0","--","--","--","--","19.0","לא","01:35:14","1","22.0","01:32:28","01:35:14","'-14","21"
אופני כביש,2023-09-30 07:59:12,false,"אופני כביש","30.16","599","01:08:47","124","157","26.3","44.7","102","108","--","--","--","--","0.0","--","--","--","--","22.0","לא","01:08:47","1","25.0","01:08:37","01:08:47","'-26","8"
אופני כביש,2023-09-25 11:16:43,false,"אופני כביש","57.81","1,045","02:11:05","124","155","26.5","47.9","256","284","--","--","--","--","0.0","--","--","--","--","27.0","לא","02:11:05","1","33.0","02:05:16","02:11:05","23","87"
אופני כביש,2023-09-25 06:32:30,false,"אופני כביש","64.27","876","02:22:53","113","148","27.0","49.1","318","298","--","--","--","--","0.0","--","--","--","--","20.0","לא","02:22:53","1","27.0","02:17:39","02:22:53","38","100"
אופני כביש,2023-09-23 06:37:17,false,"אופני כביש","78.97","2,022","04:55:38","117","157","16.0","69.9","1,537","1,532","--","--","--","--","0.0","--","--","--","--","16.0","לא","04:55:38","1","35.0","03:41:16","04:55:38","215","741"
אופני כביש,2023-09-20 05:51:45,false,"אופני כביש","33.20","547","01:03:48","119","163","31.2","42.9","20","30","--","--","--","--","0.0","--","--","--","--","19.0","לא","01:03:48","1","23.0","01:03:48","01:03:48","3","12"
אופני כביש,2023-09-17 06:12:51,false,"אופני כביש","91.19","1,498","03:43:52","117","152","24.4","50.8","419","429","--","--","--","--","0.0","--","--","--","--","17.0","לא","01:29:34","2","33.0","03:05:45","03:43:52","45","238"
אופני כביש,2023-09-12 07:57:41,false,"אופני כביש","30.13","568","01:13:31","120","152","24.6","45.7","114","103","--","--","--","--","0.0","--","--","--","--","26.0","לא","01:13:31","1","30.0","01:07:03","01:13:31","75","104"
אופני כביש,2023-09-09 06:57:19,false,"אופני כביש","45.44","880","01:38:17","125","159","27.7","41.1","114","122","--","--","--","--","0.0","--","--","--","--","23.0","לא","00:23:34","3","27.0","01:34:20","01:45:06","40","71"
אופני כביש,2023-09-06 05:58:30,false,"אופני כביש","32.75","616","01:00:26","129","158","32.5","43.8","18","29","--","--","--","--","0.0","--","--","--","--","18.0","לא","00:29:18","2","20.0","01:00:26","01:00:26","'-14","'-7"
אופני כביש,2023-08-24 06:10:15,false,"אופני כביש","32.34","580","01:00:21","127","155","32.2","40.5","19","26","--","--","--","--","0.0","--","--","--","--","23.0","לא","00:15:43","3","24.0","01:00:08","01:00:21","35","40"
אופני כביש,2023-08-21 06:00:10,false,"אופני כביש","39.09","621","01:10:59","126","148","33.0","43.9","28","34","--","--","--","--","0.0","--","--","--","--","22.0","לא","00:30:55","2","23.0","01:10:25","01:10:59","57","61"
אופני כביש,2023-08-17 06:02:18,false,"אופני כביש","30.27","589","00:56:57","130","159","31.9","41.5","28","26","--","--","--","--","0.0","--","--","--","--","22.0","לא","00:21:00","2","24.0","00:56:57","00:56:57","12","17"
אופני כביש,2023-08-15 06:53:22,false,"אופני כביש","32.78","575","01:04:14","124","157","30.6","40.8","18","31","--","--","--","--","0.0","--","--","--","--","25.0","לא","01:04:14","1","27.0","01:04:13","01:04:15","36","45"
אופני כביש,2023-08-14 06:16:37,false,"אופני כביש","38.09","671","01:17:29","128","166","29.5","44.6","49","45","--","--","--","--","0.0","--","--","--","--","26.0","לא","01:17:29","1","27.0","01:13:21","01:17:29","'-60","'-44"
אופני כביש,2023-08-12 06:54:37,false,"אופני כביש","57.50","909","01:53:19","125","155","30.4","43.2","88","94","--","--","--","--","0.0","--","--","--","--","24.0","לא","01:53:19","1","27.0","01:51:21","01:53:19","49","62"
אופני כביש,2023-08-01 06:30:30,false,"אופני כביש","31.31","567","01:00:04","128","153","31.3","39.9","30","32","--","--","--","--","0.0","--","--","--","--","23.0","לא","01:00:04","1","26.0","00:59:47","01:00:04","2","10"
אופני כביש,2023-07-31 06:19:16,false,"אופני כביש","33.65","494","01:18:28","110","156","25.7","41.0","61","42","--","--","--","--","0.0","--","--","--","--","22.0","לא","01:18:28","1","26.0","01:10:59","01:18:28","89","118"
אופני כביש,2023-07-29 06:44:50,false,"אופני כביש","61.49","929","02:27:42","112","156","25.0","62.0","630","641","--","--","--","--","0.0","--","--","--","--","21.0","לא","02:27:42","1","31.0","02:14:36","02:27:42","64","269"
אופני כביש,2023-07-26 06:16:33,false,"אופני כביש","31.22","607","01:03:43","131","157","29.4","42.2","59","34","--","--","--","--","0.0","--","--","--","--","21.0","לא","00:00:01.2","4","24.0","01:01:04","01:03:43","'-38","'-4"
אופני כביש,2023-07-24 06:15:49,false,"אופני כביש","31.85","532","01:11:45","117","156","26.6","48.2","64","42","--","--","--","--","0.0","--","--","--","--","23.0","לא","01:11:45","1","25.0","01:06:34","01:11:45","76","107"
אופני כביש,2023-07-20 07:41:44,false,"אופני כביש","52.45","947","01:37:16","133","155","32.4","39.2","39","38","--","--","--","--","0.0","--","--","--","--","22.0","לא","00:26:52","3","27.0","01:36:14","49:20:17","29","48"
אופני כביש,2023-07-20 06:27:20,false,"אופני כביש","36.59","654","01:13:45","126","159","29.8","45.0","69","48","--","--","--","--","0.0","--","--","--","--","20.0","לא","00:02:29.8","5","24.0","01:13:06","01:13:45","'-23","10"
אופני כביש,2023-07-17 06:10:25,false,"אופני כביש","31.73","634","00:55:06","135","159","34.6","45.6","23","37","--","--","--","--","0.0","--","--","--","--","22.0","לא","00:55:06","1","23.0","00:55:02","00:55:06","57","64"
אופני כביש,2023-07-15 07:25:41,false,"אופני כביש","41.48","677","01:26:03","120","151","28.9","38.7","44","49","--","--","--","--","0.0","--","--","--","--","23.0","לא","00:25:53","2","27.0","01:25:53","01:26:03","'-6","2"
אופני כביש,2023-07-12 06:06:28,false,"אופני כביש","30.58","499","00:52:48","123","156","34.8","42.9","32","35","--","--","--","--","0.0","--","--","--","--","18.0","לא","00:52:48","1","21.0","00:52:40","00:52:48","27","32"
אופני כביש,2023-07-10 06:35:03,false,"אופני כביש","34.60","401","01:19:09","96","131","26.2","43.3","50","69","--","--","--","--","0.0","--","--","--","--","23.0","לא","00:03:41.5","5","26.0","01:14:12","01:19:09","54","85"
אופני כביש,2023-07-08 09:04:40,false,"אופני כביש","45.12","1,860","01:36:39","--","--","28.0","38.2","93","77","--","--","--","--","0.0","--","--","--","--","24.0","לא","00:30:09","2","32.0","01:34:12","01:36:39","52","79"
אופני כביש,2023-07-05 06:17:59,false,"אופני כביש","35.29","634","01:03:43","131","165","33.2","47.3","32","37","--","--","--","--","0.0","--","--","--","--","19.0","לא","01:03:43","1","22.0","01:03:36","01:03:43","15","21"
אופני כביש,2023-06-28 06:33:02,false,"אופני כביש","33.69","524","00:58:53","125","151","34.3","42.9","29","36","--","--","--","--","0.0","--","--","--","--","20.0","לא","00:58:53","1","21.0","00:58:53","00:58:53","15","23"
אופני כביש,2023-06-26 06:05:09,false,"אופני כביש","31.96","518","00:57:43","124","161","33.2","46.4","31","37","--","--","--","--","0.0","--","--","--","--","18.0","לא","00:57:43","1","19.0","00:55:01","00:57:43","57","63"
אופני כביש,2023-06-24 07:19:54,false,"אופני כביש","42.63","772","01:23:11","127","160","30.7","43.3","41","46","--","--","--","--","0.0","--","--","--","--","21.0","לא","00:10:02","3","25.0","01:22:46","01:23:11","35","43"
אופני כביש,2023-06-20 06:32:59,false,"אופני כביש","53.29","863","01:44:31","120","159","30.6","44.4","72","68","--","--","--","--","0.0","--","--","--","--","19.0","לא","00:47:15","2","22.0","01:44:05","24:34:43","8","44"
אופני כביש,2023-06-17 07:18:24,false,"אופני כביש","89.19","1,543","03:43:10","119","149","24.0","72.7","906","922","--","--","--","--","0.0","--","--","--","--","21.0","לא","03:43:10","1","45.0","03:27:49","03:43:10","12","222"
אופני כביש,2023-06-13 06:29:45,false,"אופני כביש","34.46","442","01:11:29","110","144","28.9","38.2","28","41","--","--","--","--","0.0","--","--","--","--","18.0","לא","00:02:02.9","8","21.0","01:10:54","01:11:29","'-26","'-16"
אופני כביש,2023-06-12 06:27:33,false,"אופני כביש","30.98","585","00:59:07","129","152","31.4","39.7","38","37","--","--","--","--","0.0","--","--","--","--","18.0","לא","00:59:07","1","20.0","00:59:07","00:59:07","1","9"
אופני כביש,2023-06-10 06:14:07,false,"אופני כביש","93.88","1,522","04:56:45","103","147","19.0","47.2","440","476","--","--","--","--","0.0","--","--","--","--","21.0","לא","04:56:45","1","35.0","04:02:50","05:30:50","'-6","132"
אופני כביש,2023-06-06 06:02:06,false,"אופני כביש","30.51","530","01:01:13","125","154","29.9","41.5","43","38","--","--","--","--","0.0","--","--","--","--","16.0","לא","01:01:13","1","18.0","01:00:58","01:01:13","'-17","'-4"
אופני כביש,2023-06-05 06:09:13,false,"אופני כביש","34.45","645","01:00:08","134","160","34.4","44.0","35","41","--","--","--","--","0.0","--","--","--","--","15.0","לא","00:11:33","2","17.0","01:00:08","01:00:08","7","12"
אופני כביש,2023-06-04 06:18:12,false,"אופני כביש","35.80","700","01:15:00","127","156","28.6","39.1","47","39","--","--","--","--","0.0","--","--","--","--","16.0","לא","01:15:00","1","20.0","01:12:50","01:15:00","11","29"
אופני כביש,2023-05-31 06:05:28,false,"אופני כביש","31.82","504","00:56:30","123","157","33.8","43.4","34","35","--","--","--","--","0.0","--","--","--","--","14.0","לא","00:56:30","1","16.0","00:55:46","00:56:30","'-0","4"
אופני כביש,2023-05-29 05:57:33,false,"אופני כביש","38.33","481","01:24:04","107","142","27.4","41.7","53","77","--","--","--","--","0.0","--","--","--","--","18.0","לא","01:24:04","1","25.0","01:19:52","01:24:04","51","89"
אופני כביש,2023-05-27 05:50:49,false,"אופני כביש","102.11","1,702","04:10:44","117","164","24.4","64.1","650","655","--","--","--","--","0.0","--","--","--","--","19.0","לא","04:10:44","1","36.0","03:44:57","04:10:44","86","344"
אופני כביש,2023-05-25 06:59:38,false,"אופני כביש","40.63","722","01:18:01","127","153","31.2","39.6","31","36","--","--","--","--","0.0","--","--","--","--","18.0","לא","01:18:01","1","20.0","01:17:47","01:18:01","'-5","'-1"
אופני כביש,2023-05-20 06:44:43,false,"אופני כביש","54.72","1,561","03:07:48","132","157","17.5","41.3","804","806","--","--","--","--","0.0","--","--","--","--","15.0","לא","03:07:48","1","30.0","02:59:26","03:21:14","141","373"
אופניים,2021-06-12 07:06:45,false,"אופניים","92.52","1,568","03:06:18","133","163","29.8","68.8","1,033","1,081","--","--","--","--","0.0","--","--","--","--","15.0","לא","00:00:26.4","6","32.0","--:--:--","03:06:18","186","367"
אופניים,2021-06-07 05:33:08,false,"אופניים","41.32","679","01:17:23","127","157","32.0","44.6","68","82","--","--","--","--","0.0","--","--","--","--","15.0","לא","00:00:10.8","8","18.0","--:--:--","01:17:23","2","12"
אופניים,2021-06-05 06:05:17,false,"אופניים","91.95","1,615","03:49:01","121","163","24.1","64.0","1,491","1,010","--","--","--","--","0.0","--","--","--","--","11.0","לא","00:00:00.7","10","27.0","--:--:--","03:49:01","189","747"
אופניים,2021-06-02 05:54:56,false,"אופניים","52.50","855","01:36:28","129","158","32.7","44.7","66","73","--","--","--","--","0.0","--","--","--","--","17.0","לא","00:02:21.3","4","23.0","--:--:--","01:56:48","'-22","6"
אופניים,2021-06-01 05:36:48,false,"אופניים","36.49","559","01:20:12","120","150","27.3","41.8","60","64","--","--","--","--","0.0","--","--","--","--","17.0","לא","00:02:00.6","8","22.0","--:--:--","01:20:12","63","76"
אופניים,2021-05-29 08:09:20,false,"אופניים","53.22","1,069","01:18:14","157","168","40.8","56.0","143","141","--","--","--","--","0.0","--","--","--","--","24.0","לא","00:00:25.3","2","27.0","--:--:--","01:23:53","46","53"
אופני כביש,2021-05-27 05:40:30,false,"אופני כביש","36.76","702","01:01:56","140","164","35.6","45.2","50","55","--","--","--","--","0.0","--","--","--","--","13.0","לא","00:10:29","2","16.0","--:--:--","01:01:56","2","12"
אופני כביש,2021-05-22 07:01:00,false,"אופני כביש","97.16","1,849","03:42:53","129","175","26.2","71.5","1,363","1,329","--","--","--","--","0.0","--","--","--","--","18.0","לא","00:03:01.4","5","28.0","--:--:--","03:43:45","179","350"
אופני כביש,2021-05-18 06:04:50,false,"אופני כביש","33.98","424","01:02:59","106","151","32.4","43.3","78","82","--","--","--","--","0.0","--","--","--","--","14.0","לא","00:02:13.2","6","18.0","--:--:--","01:02:59","'-2","8"
אופני כביש,2021-05-17 06:46:46,false,"אופני כביש","40.27","701","01:16:37","124","158","31.5","41.3","67","72","--","--","--","--","0.0","--","--","--","--","16.0","לא","00:08:05.3","5","21.0","--:--:--","01:16:37","42","54"
אופני כביש,2021-05-15 06:52:23,false,"אופני כביש","93.27","1,710","03:21:03","88","145","27.8","57.5","1,037","1,004","--","--","--","--","0.0","--","--","--","--","17.0","לא","00:35:56","3","25.0","--:--:--","03:21:03","51","242"
אופני כביש,2021-05-13 06:03:58,false,"אופני כביש","37.88","444","01:10:37","108","141","32.2","45.0","90","94","--","--","--","--","0.0","--","--","--","--","16.0","לא","00:08:57.7","2","18.0","--:--:--","01:10:37","22","33"
אופני כביש,2021-05-10 05:49:59,false,"אופני כביש","38.32","686","01:08:55","134","160","33.4","50.5","65","70","--","--","--","--","0.0","--","--","--","--","19.0","לא","00:03:08.0","6","20.0","--:--:--","01:08:55","5","17"
אופני כביש,2021-05-06 05:35:36,false,"אופני כביש","41.09","608","01:18:47","121","156","31.3","49.6","77","84","--","--","--","--","0.0","--","--","--","--","13.0","לא","00:03:24.1","5","17.0","--:--:--","01:18:47","'-5","8"
אופני כביש,2021-05-05 05:45:11,false,"אופני כביש","62.87","796","01:54:32","119","161","32.9","49.5","129","131","--","--","--","--","0.0","--","--","--","--","16.0","לא","00:08:04.7","4","22.0","--:--:--","01:54:32","36","51"
אופני כביש,2021-05-01 07:00:40,false,"אופני כביש","81.06","1,545","02:54:46","118","173","27.8","74.0","1,101","915","--","--","--","--","0.0","--","--","--","--","15.0","לא","00:02:19.8","6","31.0","--:--:--","02:54:46","112","330"
אופני כביש,2021-04-24 06:21:54,false,"אופני כביש","67.56","1,627","03:13:03","115","158","21.0","80.6","1,422","1,422","--","--","--","--","0.0","--","--","--","--","12.0","לא","03:13:03","1","21.0","--:--:--","03:13:03","256","880"
אופני כביש,2021-04-23 06:04:10,false,"אופני כביש","34.00","481","01:07:32","118","137","30.2","36.2","87","83","--","--","--","--","0.0","--","--","--","--","8.0","לא","00:11:52","3","13.0","--:--:--","01:07:32","'-0","10"
אופני כביש,2021-04-17 06:34:39,false,"אופני כביש","78.60","2,877","03:20:48","90","128","23.5","83.9","1,477","1,354","--","--","--","--","0.0","--","--","--","--","9.0","לא","00:00:09.5","12","28.0","--:--:--","03:20:48","123","729"
אופני כביש,2021-04-16 08:46:34,false,"אופני כביש","54.69","1,139","02:07:35","119","161","25.7","52.9","107","102","--","--","--","--","0.0","--","--","--","--","15.0","לא","00:12:11","4","37.0","--:--:--","21:47:57","5","140"
אופני כביש,2021-04-14 05:42:48,false,"אופני כביש","32.01","583","01:02:39","127","161","30.7","40.1","64","63","--","--","--","--","0.0","--","--","--","--","4.0","לא","00:03:44.5","3","7.0","--:--:--","01:02:39","'-51","'-43"
אופני כביש,2021-04-10 06:55:30,false,"אופני כביש","74.34","3,186","02:33:33","--","--","29.0","53.6","787","775","--","--","--","--","0.0","--","--","--","--","11.0","לא","02:33:33","1","16.0","--:--:--","02:33:34","'-171","28"
אופני כביש,2021-04-08 05:09:19,false,"אופני כביש","47.80","759","01:31:05","125","157","31.5","42.3","83","94","--","--","--","--","0.0","--","--","--","--","13.0","לא","00:01:48.1","7","15.0","--:--:--","01:31:05","'-16","3"
אופני כביש,2021-04-06 05:51:03,false,"אופני כביש","33.62","606","01:03:10","129","157","31.9","44.4","64","64","--","--","--","--","0.0","--","--","--","--","5.0","לא","00:10:06","2","9.0","--:--:--","01:03:10","45","52"
אופני כביש,2021-04-05 06:15:33,false,"אופני כביש","32.62","551","01:03:38","126","159","30.8","43.5","83","84","--","--","--","--","0.0","--","--","--","--","5.0","לא","00:02:18.6","6","8.0","--:--:--","01:03:38","'-49","'-39"
אופני כביש,2021-04-03 07:55:27,false,"אופני כביש","72.35","1,110","02:27:58","126","152","29.3","39.3","193","172","--","--","--","--","0.0","--","--","--","--","10.0","לא","00:10:12","4","19.0","--:--:--","02:27:58","'-64","'-39"
אופני כביש,2021-03-31 06:44:25,false,"אופני כביש","38.04","689","01:09:00","135","154","33.1","42.9","82","87","--","--","--","--","0.0","--","--","--","--","9.0","לא","00:00:05.4","6","11.0","--:--:--","01:09:00","'-46","'-35"
אופני כביש,2021-03-30 06:44:10,false,"אופני כביש","34.88","591","01:05:11","129","155","32.1","40.9","78","70","--","--","--","--","0.0","--","--","--","--","5.0","לא","00:02:53.3","7","8.0","--:--:--","01:05:11","'-10","'-1"
אופני כביש,2021-03-27 08:50:24,false,"אופני כביש","49.64","716","01:43:54","120","146","28.7","40.4","114","115","--","--","--","--","0.0","--","--","--","--","14.0","לא","00:43:44","2","18.0","--:--:--","01:43:54","'-99","'-85"
אופני כביש,2021-03-20 06:56:36,false,"אופני כביש","78.17","1,138","02:45:20","119","168","28.4","66.0","428","438","--","--","--","--","0.0","--","--","--","--","10.0","לא","00:00:30.1","12","19.0","--:--:--","02:45:20","'-7","82"
אופני כביש,2021-03-16 05:49:16,false,"אופני כביש","31.93","499","01:01:03","124","142","31.4","36.6","67","71","--","--","--","--","0.0","--","--","--","--","7.0","לא","01:01:03","1","10.0","--:--:--","01:01:03","'-44","'-33"
אופני כביש,2021-03-15 06:37:03,false,"אופני כביש","47.10","757","01:29:06","129","162","31.7","48.1","95","101","--","--","--","--","0.0","--","--","--","--","9.0","לא","00:03:06.5","8","14.0","--:--:--","01:29:06","13","23"
אופני כביש,2021-03-13 06:16:04,false,"אופני כביש","95.67","1,904","04:39:53","119","159","20.5","66.4","2,206","2,223","--","--","--","--","0.0","--","--","--","--","4.0","לא","00:23:46","2","20.0","--:--:--","04:39:53","154","712"
אופני כביש,2021-03-08 05:49:51,false,"אופני כביש","37.55","617","01:10:17","127","158","32.1","44.8","63","56","--","--","--","--","0.0","--","--","--","--","6.0","לא","01:10:17","1","10.0","01:10:15","01:10:17","13","20"
אופני כביש,2021-03-06 10:03:44,false,"אופני כביש","41.91","722","01:34:02","123","162","26.7","60.3","281","273","--","--","--","--","0.0","--","--","--","--","16.0","לא","01:34:02","1","25.0","01:28:40","01:34:02","'-47","61"
אופני כביש,2021-03-05 06:09:39,false,"אופני כביש","40.14","704","01:23:32","125","167","28.8","51.5","78","83","--","--","--","--","0.0","--","--","--","--","5.0","לא","00:01:15.2","4","10.0","01:19:13","01:23:32","'-6","5"
אופני כביש,2021-02-27 07:19:57,false,"אופני כביש","122.83","2,228","04:43:16","129","171","26.0","77.8","1,550","1,519","--","--","--","--","0.0","--","--","--","--","10.0","לא","00:00:27.1","11","24.0","04:09:35","04:43:22","190","462"
אופני כביש,2021-02-25 06:46:17,false,"אופני כביש","42.23","937","01:18:41","143","163","32.2","39.2","74","84","--","--","--","--","0.0","--","--","--","--","8.0","לא","00:05:05.2","4","11.0","01:18:40","01:18:41","'-1","11"
אופני כביש,2021-02-23 05:41:01,false,"אופני כביש","38.12","562","01:14:49","121","154","30.6","40.2","87","96","--","--","--","--","0.0","--","--","--","--","10.0","לא","00:01:49.9","8","12.0","01:14:47","01:14:52","'-10","3"
אופני כביש,2021-02-20 07:51:18,false,"אופני כביש","65.07","1,062","02:17:50","125","154","28.3","53.8","648","625","--","--","--","--","0.0","--","--","--","--","9.0","לא","00:08:04.6","8","15.0","02:14:07","02:17:50","'-44","151"
אופני כביש,2021-02-13 07:03:24,false,"אופני כביש","102.53","1,628","03:59:10","120","159","25.7","71.6","1,257","1,257","--","--","--","--","0.0","--","--","--","--","5.0","לא","00:08:26.8","6","23.0","03:28:42","03:59:10","1","421"
אופני כביש,2021-02-09 15:30:38,false,"אופני כביש","30.07","469","01:02:23","122","140","28.9","37.7","69","67","--","--","--","--","0.0","--","--","--","--","18.0","לא","00:02:28.6","8","21.0","01:02:16","01:02:23","'-4","7"
אופני כביש,2021-02-06 06:39:04,false,"אופני כביש","125.45","2,119","05:02:35","120","161","24.9","62.0","1,453","1,481","--","--","--","--","0.0","--","--","--","--","7.0","לא","00:09:56.7","4","21.0","04:31:56","05:02:35","'-51","604"
אופני כביש,2021-02-03 07:20:43,false,"אופני כביש","41.55","640","01:17:57","127","163","32.0","47.3","76","78","--","--","--","--","0.0","--","--","--","--","10.0","לא","00:00:16.5","7","15.0","01:17:55","01:17:57","'-7","--"
אופני כביש,2021-02-01 07:12:21,false,"אופני כביש","47.52","863","01:29:33","133","161","31.8","45.6","102","98","--","--","--","--","0.0","--","--","--","--","7.0","לא","00:10:22","4","13.0","01:28:30","01:29:33","'-54","'-44"
אופני כביש,2021-01-30 06:22:26,false,"אופני כביש","124.13","1,938","05:26:18","113","142","22.8","62.3","1,308","1,317","--","--","--","--","0.0","--","--","--","--","4.0","לא","00:47:40","3","13.0","05:02:25","05:28:38","'-41","725"
אופני כביש,2021-01-28 06:10:18,false,"אופני כביש","42.26","778","01:23:25","131","157","30.4","40.2","86","87","--","--","--","--","0.0","--","--","--","--","12.0","לא","00:04:58.1","4","13.0","01:23:07","01:23:25","8","19"
אופני כביש,2021-01-26 06:55:41,false,"אופני כביש","37.49","567","01:13:30","122","145","30.6","37.5","65","79","--","--","--","--","0.0","--","--","--","--","3.0","לא","00:01:56.8","7","10.0","01:13:29","01:13:30","4","18"
אופני כביש,2021-01-23 04:57:48,false,"אופני כביש","182.50","6,969","07:40:47","--","--","23.8","75.4","2,047","2,036","--","--","--","--","0.0","--","--","--","--","2.0","לא","07:40:47","1","21.0","07:19:49","07:41:33","'-37","691"
אופני כביש,2021-01-21 06:43:05,false,"אופני כביש","42.53","798","01:20:44","135","162","31.6","39.0","73","77","--","--","--","--","0.0","--","--","--","--","1.0","לא","00:03:55.2","4","5.0","01:20:42","01:20:44","2","13"
אופני כביש,2021-01-16 06:35:40,false,"אופני כביש","138.78","1,745","05:39:34","107","148","24.5","55.1","894","869","--","--","--","--","0.0","--","--","--","--","5.0","לא","05:39:34","1","20.0","04:55:41","05:39:34","24","134"
אופני כביש,2021-01-13 07:26:26,false,"אופני כביש","45.00","797","01:26:20","130","165","31.3","49.7","86","83","--","--","--","--","0.0","--","--","--","--","11.0","לא","00:01:03.3","3","15.0","01:24:53","01:26:20","'-44","'-34"
אופני כביש,2021-01-11 06:21:52,false,"אופני כביש","39.74","636","01:13:21","126","162","32.5","44.0","60","68","--","--","--","--","0.0","--","--","--","--","5.0","לא","00:23:27","2","9.0","01:12:27","01:13:21","'-70","'-56"
אופני כביש,2021-01-09 06:20:08,false,"אופני כביש","166.97","2,679","06:34:44","120","164","25.4","61.3","1,161","1,135","--","--","--","--","0.0","--","--","--","--","7.0","לא","06:34:44","1","28.0","06:01:48","06:35:36","'-1","334"
אופני כביש,2021-01-08 05:52:26,false,"אופני כביש","42.39","449","01:44:58","96","144","24.2","39.0","119","145","--","--","--","--","0.0","--","--","--","--","6.0","לא","01:44:58","1","21.0","01:44:27","01:44:59","'-41","13"
אופני כביש,2021-01-05 05:58:36,false,"אופני כביש","33.14","591","01:07:54","127","165","29.3","47.5","61","60","--","--","--","--","0.0","--","--","--","--","6.0","לא","00:03:57.4","3","8.0","01:07:54","01:07:54","'-5","7"
אופני כביש,2021-01-04 06:21:01,false,"אופני כביש","32.41","443","01:23:08","104","137","23.4","34.5","85","57","--","--","--","--","0.0","--","--","--","--","5.0","לא","00:02:02.5","4","9.0","01:21:29","01:34:46","'-35","29"
אופני כביש,2021-01-02 05:26:44,false,"אופני כביש","174.32","2,405","07:17:36","111","144","23.9","67.5","1,316","1,322","--","--","--","--","0.0","--","--","--","--","5.0","לא","00:29:44","4","24.0","06:15:49","07:17:36","'-8","288"
אופני כביש,2021-01-01 07:11:07,false,"אופני כביש","44.33","661","01:28:49","122","150","29.9","39.4","77","83","--","--","--","--","0.0","--","--","--","--","6.0","לא","00:00:47.3","12","12.0","01:28:46","01:28:51","'-23","'-13"
אופני כביש,2020-12-31 07:43:47,false,"אופני כביש","41.81","616","01:25:14","121","145","29.4","37.1","97","91","--","--","--","--","0.0","--","--","--","--","8.0","לא","00:02:08.2","6","16.0","01:25:02","01:25:19","'-22","'-8"
אופני כביש,2020-12-26 06:58:43,false,"אופני כביש","79.65","1,754","03:42:23","126","164","21.5","71.2","1,659","1,657","--","--","--","--","0.0","--","--","--","--","6.0","לא","03:42:23","1","14.0","03:23:25","03:42:23","63","532"
אופני כביש,2020-12-25 05:36:09,false,"אופני כביש","31.41","317","01:17:58","97","117","24.2","30.3","58","51","--","--","--","--","0.0","--","--","--","--","3.0","לא","01:17:58","1","8.0","01:17:58","01:17:58","'-54","'-45"
אופני כביש,2020-12-22 06:18:08,false,"אופני כביש","40.87","547","01:28:43","111","159","27.6","39.5","79","71","--","--","--","--","0.0","--","--","--","--","7.0","לא","00:01:17.9","10","10.0","01:27:43","01:28:43","'-19","'-10"
אופני כביש,2020-12-21 06:36:48,false,"אופני כביש","39.47","790","01:25:55","127","164","27.6","47.2","64","69","--","--","--","--","0.0","--","--","--","--","5.0","לא","00:38:51","2","9.0","01:13:31","01:25:55","'-2","10"
אופני כביש,2020-12-19 06:39:35,false,"אופני כביש","76.47","2,038","03:44:21","132","164","20.5","69.4","1,923","1,907","--","--","--","--","0.0","--","--","--","--","3.0","לא","03:44:21","1","19.0","03:40:14","03:45:06","132","732"
אופני כביש,2020-12-14 06:24:46,false,"אופני כביש","30.75","572","01:17:50","118","153","23.7","37.0","69","83","--","--","--","--","0.0","--","--","--","--","19.0","לא","00:17:20","3","22.0","01:16:37","01:36:15","13","33"
אופני כביש,2020-12-12 07:08:46,false,"אופני כביש","143.28","1,969","04:09:04","130","162","34.5","60.1","823","817","--","--","--","--","0.0","--","--","--","--","8.0","לא","00:01:31.5","14","23.0","04:04:55","04:09:04","65","195"
אופני כביש,2020-12-11 07:19:07,false,"אופני כביש","32.33","601","01:04:52","125","153","29.9","46.4","48","53","--","--","--","--","0.0","--","--","--","--","8.0","לא","00:15:29","3","13.0","01:04:31","01:18:13","'-9","6"
אופני כביש,2020-12-10 15:24:30,false,"אופני כביש","32.51","519","01:31:26","108","141","21.3","38.0","98","91","--","--","--","--","0.0","--","--","--","--","13.0","לא","00:30:06","2","20.0","01:21:53","01:31:28","'-23","'-12"
אופני כביש,2020-12-07 06:18:45,false,"אופני כביש","35.80","606","01:32:05","117","150","23.3","43.1","60","58","--","--","--","--","0.0","--","--","--","--","9.0","לא","00:03:12.7","5","14.0","01:16:05","01:32:05","6","14"
אופני כביש,2020-12-03 06:08:17,false,"אופני כביש","49.49","1,867","01:35:14","--","--","31.2","43.4","104","93","--","--","--","--","0.0","--","--","--","--","9.0","לא","00:03:23.7","5","11.0","01:34:07","01:35:14","'-33","'-24"
אופני כביש,2020-11-30 06:35:38,false,"אופני כביש","50.90","1,596","02:29:40","--","--","20.4","39.9","118","93","--","--","--","--","0.0","--","--","--","--","7.0","לא","00:07:58.7","5","13.0","02:06:46","49:24:17","'-18","18"
אופני כביש,2020-11-28 05:45:20,false,"אופני כביש","78.77","3,049","03:00:00","--","--","26.3","65.7","741","809","--","--","--","--","0.0","--","--","--","--","8.0","לא","03:00:00","1","14.0","02:54:43","03:00:41","46","345"
אופני כביש,2020-11-24 05:44:22,false,"אופני כביש","37.10","553","01:14:19","120","154","29.9","41.3","61","57","--","--","--","--","0.0","--","--","--","--","7.0","לא","00:00:03.1","7","9.0","01:14:09","01:14:19","6","10"
אופני כביש,2020-11-19 15:27:43,false,"אופני כביש","36.63","1,144","01:27:56","--","--","25.0","35.4","83","72","--","--","--","--","0.0","--","--","--","--","17.0","לא","00:12:40","2","21.0","01:26:44","01:27:56","33","43"
אופני כביש,2020-11-13 05:59:16,false,"אופני כביש","138.15","2,333","05:06:57","123","171","27.0","64.7","1,213","1,224","--","--","--","--","0.0","--","--","--","--","11.0","לא","00:03:28.2","7","27.0","04:30:54","28:44:54","'-47","350"
אופני כביש,2020-11-09 06:14:02,false,"אופני כביש","40.80","635","01:17:32","125","156","31.6","48.8","69","76","--","--","--","--","0.0","--","--","--","--","11.0","לא","00:00:05.6","10","15.0","01:17:31","01:17:32","'-2","11"
אופני כביש,2020-11-07 07:01:14,false,"אופני כביש","103.65","1,872","03:50:01","130","173","27.0","65.2","1,043","1,042","--","--","--","--","0.0","--","--","--","--","13.0","לא","00:10:48","4","28.0","03:22:24","03:50:01","55","347"
אופני כביש,2020-11-02 05:38:00,false,"אופני כביש","37.89","565","01:14:08","119","155","30.7","43.9","59","61","--","--","--","--","0.0","--","--","--","--","18.0","לא","00:03:01.1","7","19.0","01:13:59","01:14:08","'-14","'-2"
אופני כביש,2020-10-31 06:12:21,false,"אופני כביש","97.06","1,851","03:50:32","121","165","25.3","77.2","1,211","1,223","--","--","--","--","0.0","--","--","--","--","17.0","לא","01:04:19","3","28.0","03:26:39","03:51:18","86","745"
אופני כביש,2020-10-27 05:46:46,false,"אופני כביש","43.69","673","01:20:15","126","156","32.7","46.6","75","79","--","--","--","--","0.0","--","--","--","--","16.0","לא","00:00:48.0","8","18.0","01:20:14","01:20:15","21","32"
אופני כביש,2020-10-26 05:32:02,false,"אופני כביש","41.75","611","01:23:22","121","143","30.0","38.0","70","72","--","--","--","--","0.0","--","--","--","--","15.0","לא","00:15:28","2","17.0","01:23:22","01:23:22","'-2","9"
אופני כביש,2020-10-24 06:24:43,false,"אופני כביש","102.62","2,160","05:08:13","118","160","20.0","70.3","2,190","2,185","--","--","--","--","0.0","--","--","--","--","12.0","לא","00:32:07","3","31.0","04:56:15","05:23:33","124","854"
אופני כביש,2020-10-22 04:49:31,false,"אופני כביש","59.60","804","02:04:00","112","158","28.8","45.0","106","105","--","--","--","--","0.0","--","--","--","--","15.0","לא","00:25:31","2","17.0","02:03:36","02:23:42","23","41"
אופני כביש,2020-10-20 05:28:59,false,"אופני כביש","52.45","780","01:41:15","121","154","31.1","46.4","86","85","--","--","--","--","0.0","--","--","--","--","15.0","לא","00:00:16.0","5","17.0","01:41:14","01:41:15","'-7","1"
אופני כביש,2020-10-19 06:23:01,false,"אופני כביש","33.32","524","01:05:11","121","165","30.7","49.0","60","56","--","--","--","--","0.0","--","--","--","--","15.0","לא","00:31:37","2","17.0","01:04:47","01:05:11","'-20","'-12"
אופני כביש,2020-10-17 04:13:52,false,"אופני כביש","156.72","2,878","06:56:57","121","158","22.6","75.6","1,920","1,919","--","--","--","--","0.0","--","--","--","--","9.0","לא","06:56:57","1","27.0","06:21:47","06:57:56","6","721"
אופני כביש,2020-10-16 05:42:16,false,"אופני כביש","49.63","640","01:48:50","111","161","27.4","49.8","110","83","--","--","--","--","0.0","--","--","--","--","16.0","לא","00:00:17.3","10","19.0","01:48:06","01:48:50","'-13","22"
אופני כביש,2020-10-13 06:04:50,false,"אופני כביש","34.19","452","01:23:52","105","146","24.5","43.2","73","74","--","--","--","--","0.0","--","--","--","--","16.0","לא","00:31:38","2","18.0","01:22:40","01:23:52","'-3","12"
אופני כביש,2020-10-10 04:15:56,false,"אופני כביש","170.23","2,668","07:25:01","115","154","23.0","72.0","1,924","1,944","--","--","--","--","0.0","--","--","--","--","16.0","לא","07:25:01","1","30.0","07:01:28","07:25:01","'-12","765"
אופני כביש,2020-10-09 05:06:20,false,"אופני כביש","86.92","1,200","02:55:13","119","156","29.8","43.8","268","291","--","--","--","--","0.0","--","--","--","--","16.0","לא","00:12:47","3","23.0","02:51:42","02:55:20","21","82"
אופני כביש,2020-10-07 04:56:27,false,"אופני כביש","48.38","650","01:58:23","105","154","24.5","46.5","251","266","--","--","--","--","0.0","--","--","--","--","14.0","לא","00:29:29","2","22.0","01:49:55","01:58:23","18","74"
אופני כביש,2020-10-05 05:57:04,false,"אופני כביש","45.96","667","01:31:13","119","158","30.2","49.4","86","84","--","--","--","--","0.0","--","--","--","--","15.0","לא","00:03:39.7","5","21.0","01:30:46","01:31:13","'-8","4"
אופני כביש,2020-10-03 03:33:56,false,"אופני כביש","164.65","2,452","07:12:00","111","155","22.9","63.9","2,015","2,024","--","--","--","--","0.0","--","--","--","--","11.0","לא","07:12:00","1","28.0","06:54:45","07:12:00","11","732"
אופני כביש,2020-09-28 03:07:12,false,"אופני כביש","147.57","2,466","06:16:18","118","153","23.5","72.6","1,569","1,594","--","--","--","--","0.0","--","--","--","--","13.0","לא","00:30:46","4","29.0","05:59:40","06:56:28","1","771"
אופני כביש,2020-09-26 04:08:28,false,"אופני כביש","161.57","2,547","06:25:24","120","158","25.2","72.6","1,764","1,783","--","--","--","--","0.0","--","--","--","--","16.0","לא","02:08:17","2","28.0","06:10:30","06:25:24","15","722"
אופני כביש,2020-09-23 04:36:52,false,"אופני כביש","64.84","895","02:10:01","117","154","29.9","42.0","243","265","--","--","--","--","0.0","--","--","--","--","20.0","לא","02:10:01","1","23.0","02:08:32","02:10:01","'-13","41"
אופני כביש,2020-09-18 05:43:08,false,"אופני כביש","46.17","1,602","01:32:38","--","--","29.9","47.0","77","70","--","--","--","--","0.0","--","--","--","--","19.0","לא","01:32:38","1","20.0","01:32:38","01:32:38","16","24"
אופני כביש,2020-09-16 05:16:26,false,"אופני כביש","53.25","872","02:00:45","122","161","26.5","46.5","124","104","--","--","--","--","0.0","--","--","--","--","20.0","לא","00:02:05.4","8","24.0","01:53:24","02:00:47","25","57"
אופני כביש,2020-09-15 06:36:46,false,"אופני כביש","42.72","823","01:16:20","139","171","33.6","52.1","70","79","--","--","--","--","0.0","--","--","--","--","21.0","לא","00:00:02.6","11","24.0","01:16:18","01:16:20","6","14"
אופני כביש,2020-09-14 17:24:45,false,"אופני כביש","36.04","680","01:10:46","133","157","30.6","41.4","59","54","--","--","--","--","0.0","--","--","--","--","26.0","לא","01:10:46","1","28.0","01:09:24","01:10:46","5","13"
אופני כביש,2020-09-05 06:09:22,false,"אופני כביש","70.31","1,197","02:34:29","125","165","27.3","75.4","950","937","--","--","--","--","0.0","--","--","--","--","22.0","לא","00:00:21.2","4","27.0","02:28:19","02:34:29","110","779"
אופני כביש,2020-09-03 05:49:23,false,"אופני כביש","49.79","825","01:41:28","128","162","29.4","46.1","123","129","--","--","--","--","0.0","--","--","--","--","22.0","לא","00:03:01.3","6","24.0","01:41:27","01:41:28","4","19"
אופני כביש,2020-09-02 05:09:07,false,"אופני כביש","50.22","809","01:37:57","124","161","30.8","44.3","46","65","--","--","--","--","0.0","--","--","--","--","21.0","לא","00:00:31.6","3","22.0","01:36:42","01:37:57","50","63"
אופני כביש,2020-08-29 06:06:18,false,"אופני כביש","76.61","1,734","03:53:45","124","163","19.7","73.7","1,852","1,850","--","--","--","--","0.0","--","--","--","--","16.0","לא","00:12:27","2","33.0","03:46:56","03:53:45","254","848"
אופני כביש,2020-08-27 05:24:44,false,"אופני כביש","56.62","709","01:53:23","113","148","30.0","40.6","64","74","--","--","--","--","0.0","--","--","--","--","20.0","לא","00:54:03","2","22.0","01:53:23","01:53:23","'-40","'-31"
אופני כביש,2020-08-24 05:24:03,false,"אופני כביש","40.68","702","01:16:06","127","160","32.1","43.3","35","47","--","--","--","--","0.0","--","--","--","--","20.0","לא","00:15:44","3","24.0","01:16:05","01:16:06","'-6","4"
אופני כביש,2020-08-19 05:54:58,false,"אופני כביש","41.65","653","07:07:05","118","157","5.9","41.1","62","46","--","--","--","--","0.0","--","--","--","--","21.0","לא","00:05:19.4","3","29.0","01:27:48","96:14:11","'-0","84"
אופני כביש,2020-08-15 05:34:45,false,"אופני כביש","45.16","806","01:46:17","118","158","25.5","42.8","171","200","--","--","--","--","0.0","--","--","--","--","22.0","לא","00:00:10.9","4","24.0","01:38:40","01:46:17","'-23","33"
אופני כביש,2020-08-14 06:13:19,false,"אופני כביש","35.24","568","01:10:38","123","158","29.9","42.4","39","44","--","--","--","--","0.0","--","--","--","--","22.0","לא","00:03:05.0","6","23.0","01:10:13","01:10:38","67","78"
אופני כביש,2020-08-12 05:54:33,false,"אופני כביש","50.12","1,874","01:37:05","--","--","31.0","48.2","69","72","--","--","--","--","0.0","--","--","--","--","21.0","לא","00:16:55","3","24.0","01:35:54","01:37:05","49","58"
אופני כביש,2020-08-10 05:51:30,false,"אופני כביש","31.94","444","01:09:00","113","151","27.8","42.2","40","47","--","--","--","--","0.0","--","--","--","--","22.0","לא","00:03:00.6","4","23.0","01:07:03","01:09:00","5","15"
אופני כביש,2020-08-08 06:25:32,false,"אופני כביש","92.02","1,607","03:20:15","129","167","27.6","67.9","974","948","--","--","--","--","0.0","--","--","--","--","22.0","לא","00:00:11.4","7","36.0","03:14:52","03:20:15","46","329"
אופני כביש,2020-08-06 05:14:16,false,"אופני כביש","58.86","862","02:02:31","118","160","28.8","44.2","166","197","--","--","--","--","0.0","--","--","--","--","21.0","לא","00:03:24.4","7","22.0","02:02:14","02:02:31","22","80"
אופני כביש,2020-08-05 06:37:35,false,"אופני כביש","42.68","685","01:24:52","125","163","30.2","45.6","47","80","--","--","--","--","0.0","--","--","--","--","22.0","לא","00:00:04.3","8","25.0","01:23:42","01:24:52","76","107"
אופני כביש,2020-08-03 06:04:20,false,"אופני כביש","38.26","580","01:13:08","125","151","31.4","41.5","62","69","--","--","--","--","0.0","--","--","--","--","19.0","לא","00:03:03.4","7","21.0","01:13:07","01:13:10","'-4","8"
אופני כביש,2020-08-01 06:16:37,false,"אופני כביש","35.41","915","02:21:00","120","169","15.1","61.1","343","364","62","103","217","--","18.0","94","174","398","436","19.0","לא","00:00:07.3","5","29.0","01:24:50","47:47:33","59","197"
אופני כביש,2020-07-29 06:32:26,false,"אופני כביש","33.68","1,052","01:15:21","--","--","26.8","43.5","66","69","--","--","--","--","0.0","--","--","--","--","22.0","לא","01:15:21","1","25.0","01:15:21","01:15:21","'-7","5"
אופני כביש,2020-07-27 06:07:43,false,"אופני כביש","41.45","633","01:22:42","121","159","30.1","45.7","70","82","--","--","--","--","0.0","--","--","--","--","21.0","לא","00:04:11.9","8","24.0","01:22:40","01:22:42","9","28"
אופני כביש,2020-07-25 06:04:53,false,"אופני כביש","68.47","731","02:27:32","107","137","27.8","38.3","80","120","--","--","--","--","0.0","--","--","--","--","21.0","לא","02:27:32","1","26.0","02:26:37","02:27:32","71","109"
אופני כביש,2020-07-23 06:18:00,false,"אופני כביש","41.77","627","01:17:05","126","149","32.5","41.6","78","77","--","--","--","--","0.0","--","--","--","--","20.0","לא","00:03:36.8","4","23.0","01:17:04","01:17:05","'-66","'-58"
אופני כביש,2020-07-22 06:36:39,false,"אופני כביש","32.37","469","01:01:02","121","157","31.8","44.6","66","62","--","--","--","--","0.0","--","--","--","--","21.0","לא","01:01:02","1","23.0","01:01:01","01:01:02","8","16"
אופני כביש,2020-07-18 06:48:36,false,"אופני כביש","95.37","1,899","04:17:49","124","165","22.2","72.3","1,372","1,370","--","--","--","--","0.0","--","--","--","--","20.0","לא","00:15:23","4","33.0","03:43:06","04:17:49","59","561"
אופני כביש,2020-07-17 06:24:16,false,"אופני כביש","40.75","627","01:24:34","118","155","28.9","42.9","70","99","--","--","--","--","0.0","--","--","--","--","22.0","לא","00:32:01","2","26.0","01:20:16","01:24:34","62","98"
אופני כביש,2020-07-15 05:10:51,false,"אופני כביש","61.59","821","02:04:23","123","161","29.7","45.3","259","292","74","136","169","--","77.6","124","94","935","2132","19.0","לא","00:00:02.3","5","24.0","02:03:52","02:04:23","'-21","40"
אופני כביש,2020-07-13 06:26:24,false,"אופני כביש","31.36","615","01:12:36","106","142","25.9","38.1","56","51","78","110","169","--","75.6","204","142","400","5238","21.0","לא","00:19:27","3","25.0","01:10:39","01:12:36","'-6","3"
אופני כביש,2020-07-11 06:59:33,false,"אופני כביש","114.28","2,320","04:01:06","105","153","28.4","65.9","987","976","83","139","219","--","428.6","234","161","799","15065","20.0","לא","04:01:06","1","31.0","03:28:33","04:01:06","'-126","158"
אופני כביש,2020-07-10 09:19:37,false,"אופני כביש","44.12","1,109","01:26:56","153","168","30.5","63.1","566","511","79","131","274","--","240.3","252","213","912","5614","27.0","לא","00:00:05.6","4","34.0","01:21:35","01:26:56","202","260"
אופני כביש,2020-07-06 05:59:44,false,"אופני כביש","48.57","1,071","01:34:37","127","163","30.8","41.0","78","71","85","158","215","--","160.8","232","190","524","7634","22.0","לא","00:00:01.5","11","23.0","01:34:34","01:34:37","'-41","'-35"
אופני כביש,2020-07-04 06:57:43,false,"אופני כביש","107.88","2,143","03:53:16","119","170","27.7","64.9","851","864","81","120","225","--","437.1","256","153","1,054","14131","21.0","לא","00:45:48","3","32.0","03:25:06","03:53:16","13","286"
אופני כביש,2020-07-01 05:46:19,false,"אופני כביש","42.75","975","01:29:21","122","160","28.7","43.7","63","68","78","112","234","--","177.6","244","186","887","6245","19.0","לא","00:03:10.8","10","22.0","01:24:30","01:29:21","'-23","'-10"
אופני כביש,2020-06-29 06:01:46,false,"אופני כביש","49.89","1,188","01:30:24","121","161","33.1","46.3","84","83","81","146","242","--","194.8","259","220","630","7008","20.0","לא","00:00:03.7","8","23.0","01:30:23","01:30:24","6","12"
אופני כביש,2020-06-27 08:34:47,false,"אופני כביש","44.37","906","01:28:13","160","194","30.2","55.1","124","129","88","136","239","--","186.2","247","172","1,002","5076","24.0","לא","00:00:20.5","7","29.0","01:16:14","01:28:13","18","30"
אופני כביש,2020-06-25 05:49:10,false,"אופני כביש","35.57","563","01:11:04","--","--","30.0","47.4","77","52","84","106","161","--","67.5","151","132","674","5490","16.0","לא","01:11:04","1","20.0","01:10:49","01:11:04","11","32"
אופני כביש,2020-06-22 05:38:34,false,"אופני כביש","40.98","970","01:20:30","130","157","30.5","45.2","72","74","80","120","231","--","159.0","227","202","714","5944","20.0","לא","00:03:12.8","8","24.0","01:20:29","01:20:30","13","26"
אופני כביש,2020-06-20 05:13:34,false,"אופני כביש","69.92","2,641","03:44:07","147","197","18.7","74.4","2,339","2,343","68","119","244","--","493.9","288","196","734","12389","16.0","לא","00:06:55.0","2","24.0","03:41:48","03:44:07","196","592"
אופני כביש,2020-06-12 07:48:53,false,"אופני כביש","30.69","862","00:53:37","148","167","34.3","45.9","74","73","86","115","288","--","163.5","294","268","749","4433","20.0","לא","00:53:37","1","23.0","00:53:20","00:53:37","'-18","'-11"
אופני כביש,2020-06-11 05:42:31,false,"אופני כביש","32.36","735","01:32:17","115","187","21.0","31.7","85","88","65","106","156","--","82.9","178","133","588","5622","16.0","לא","00:18:41","2","19.0","01:32:17","01:32:17","19","35"
אופני כביש,2020-06-09 05:29:46,false,"אופני כביש","43.00","816","01:33:03","--","--","27.7","47.7","81","92","77","134","182","--","114.3","191","146","922","6638","15.0","לא","00:32:59","2","20.0","01:33:03","01:33:03","2","21"
אופני כביש,2020-06-06 06:09:42,false,"אופני כביש","94.27","2,901","04:22:58","134","207","21.5","75.5","2,238","2,100","73","129","228","--","507.7","278","184","770","15629","14.0","לא","00:19:53","4","31.0","04:15:50","04:22:58","122","806"
אופני כביש,2020-06-03 05:27:51,false,"אופני כביש","43.01","893","01:25:13","131","190","30.3","46.3","72","85","88","173","228","--","163.2","221","175","780","6921","16.0","לא","00:11:00","3","20.0","01:25:12","01:25:13","'-21","4"
אופני כביש,2020-06-01 06:02:10,false,"אופני כביש","46.17","906","01:38:00","124","181","28.3","38.7","71","76","79","110","189","--","129.7","210","155","642","7076","14.0","לא","00:02:40.3","8","19.0","01:36:26","01:38:00","6","16"
אופני כביש,2020-05-30 07:03:20,false,"אופני כביש","98.41","2,307","03:48:01","128","162","25.9","69.4","1,323","1,318","82","120","228","--","439.0","277","169","766","14766","14.0","לא","01:21:09","2","27.0","03:24:47","03:48:01","23","569"
אופני כביש,2020-05-29 05:58:54,false,"אופני כביש","58.19","1,407","02:04:26","130","188","28.1","53.9","786","770","75","108","240","--","265.3","233","189","724","8407","15.0","לא","00:08:20.3","7","21.0","02:03:35","02:04:26","123","242"
אופני כביש,2020-05-27 06:36:02,false,"אופני כביש","37.53","803","01:17:34","124","153","29.0","43.1","113","120","81","131","219","--","137.0","222","173","1,017","5290","16.0","לא","00:14:38","3","20.0","01:17:30","01:17:34","5","16"
אופני כביש,2020-05-26 06:22:56,false,"אופני כביש","44.58","901","01:27:52","125","161","30.4","43.9","78","81","83","148","206","--","137.2","216","172","610","6847","13.0","לא","00:00:28.0","12","18.0","01:27:51","01:27:52","'-15","'-4"
אופני כביש,2020-05-25 06:31:19,false,"אופני כביש","44.18","797","01:26:15","116","144","30.7","42.2","71","78","80","110","174","--","96.0","184","154","788","6233","17.0","לא","--:--:--","1","20.0","01:25:48","01:26:23","'-8","5"
אופני כביש,2020-05-23 06:48:12,false,"אופני כביש","81.00","2,281","03:24:04","142","164","23.8","85.2","1,894","1,869","78","160","237","--","424.5","289","186","779","12593","15.0","לא","--:--:--","1","21.0","03:14:35","03:25:11","172","782"
אופני כביש,2020-05-21 04:35:42,false,"אופני כביש","46.33","993","01:32:35","127","159","30.0","41.3","197","210","78","129","220","--","165.3","245","179","906","6553","15.0","לא","00:03:16.0","5","24.0","01:32:04","01:32:35","64","119"
אופני כביש,2020-05-18 05:35:00,false,"אופני כביש","47.90","903","01:42:52","121","184","27.9","47.5","86","105","84","185","177","--","118.8","177","147","691","7856","18.0","לא","00:02:00.8","12","24.0","01:41:57","01:42:52","42","72"
אופני כביש,2020-05-16 06:19:03,false,"אופני כביש","53.59","1,797","03:00:23","131","171","17.8","71.1","1,388","1,380","67","120","217","--","309.1","266","169","640","9084","25.0","לא","00:51:52","3","34.0","02:47:31","03:00:23","211","651"
אופני כביש,2020-05-13 06:53:15,false,"אופני כביש","37.41","914","01:12:33","138","160","30.9","43.2","93","96","83","110","246","--","162.2","243","211","747","5696","15.0","לא","00:02:09.8","7","21.0","01:12:23","01:12:33","0","11"
אופני כביש,2020-05-12 06:30:45,false,"אופני כביש","42.57","875","01:20:19","129","163","31.8","45.5","72","77","84","107","214","--","135.9","226","182","788","6423","13.0","לא","00:00:11.4","9","16.0","01:20:17","01:20:19","37","49"
אופני כביש,2020-05-11 06:50:33,false,"אופני כביש","43.21","805","01:28:33","125","149","29.3","36.0","74","76","82","150","171","--","95.2","177","153","436","6910","13.0","לא","00:00:58.5","10","18.0","01:27:36","01:28:33","'-34","'-26"
אופני כביש,2020-05-09 12:21:44,false,"אופני כביש","39.02","1,029","01:24:25","129","161","27.7","53.4","526","489","80","117","241","--","181.2","247","204","676","6184","25.0","לא","00:00:42.0","7","30.0","01:23:47","01:24:25","134","252"
אופני כביש,2020-05-08 06:59:00,false,"אופני כביש","30.30","928","01:20:00","--","--","22.7","34.7","90","79","--","--","--","--","0.0","--","--","--","--","15.0","לא","00:07:36.5","2","18.0","01:12:34","01:20:01","20","58"
אופני כביש,2020-05-07 06:41:30,false,"אופני כביש","43.70","1,011","01:30:45","141","188","28.9","44.0","60","96","--","--","--","--","0.0","--","--","--","--","14.0","לא","00:00:30.7","9","17.0","01:29:08","01:30:46","41","79"
אופני כביש,2020-05-05 07:17:34,false,"אופני כביש","35.08","638","01:15:07","121","160","28.0","40.0","99","110","83","141","177","--","86.4","184","142","881","3838","16.0","לא","00:03:13.3","7","18.0","01:15:05","01:15:07","12","22"
אופני כביש,2020-05-04 06:43:45,false,"אופני כביש","35.57","734","01:19:03","124","145","27.0","37.5","117","104","84","119","192","--","107.7","188","155","1,019","5392","13.0","לא","00:13:34","3","18.0","01:18:02","01:19:03","'-11","14"
אופני כביש,2020-05-02 06:18:47,false,"אופני כביש","83.18","2,076","03:46:35","123","156","22.0","72.1","1,574","1,581","70","111","191","--","306.3","202","153","738","12225","10.0","לא","--:--:--","1","23.0","03:42:05","03:46:35","121","746"
אופני כביש,2020-04-30 06:29:11,false,"אופני כביש","45.11","880","01:32:02","--","--","29.4","40.8","57","92","81","105","195","--","129.2","217","160","724","6742","11.0","לא","00:14:57","3","17.0","01:31:15","01:32:02","'-9","25"
אופני כביש,2020-03-19 06:24:49,false,"אופני כביש","41.42","811","01:25:53","--","--","28.9","38.3","34","45","81","132","182","--","104.5","192","158","813","6381","12.0","לא","00:02:33.3","6","13.0","01:22:57","01:25:53","3","13"
אופני כביש,2020-03-17 06:22:21,false,"אופני כביש","33.47","547","01:09:52","--","--","28.7","47.1","32","36","83","157","195","--","97.9","182","131","746","5252","13.0","לא","00:14:48","3","14.0","01:08:05","01:09:52","24","30"
אופני כביש,2020-03-16 06:59:14,false,"אופני כביש","31.33","584","00:59:48","--","--","31.4","44.0","25","33","77","133","198","--","86.6","225","163","572","4287","12.0","לא","00:02:48.9","5","16.0","00:59:38","00:59:48","'-16","'-8"
אופני כביש,2020-03-14 07:05:15,false,"אופני כביש","85.52","1,643","03:07:05","123","169","27.4","58.9","781","780","80","143","201","--","278.2","247","147","955","12100","11.0","לא","00:28:21","3","18.0","02:51:52","03:07:05","59","262"
אופני כביש,2020-03-12 05:25:26,false,"אופני כביש","31.51","599","01:03:14","124","161","29.9","42.3","30","44","85","155","191","--","85.3","205","158","620","5093","14.0","לא","00:00:27.5","6","15.0","01:03:12","01:03:48","63","77"
אופני כביש,2020-03-11 06:16:37,false,"אופני כביש","43.63","686","01:12:46","--","--","36.0","46.0","44","50","90","124","188","--","94.5","207","157","872","6101","8.0","לא","00:19:47","2","11.0","01:12:46","01:12:46","5","12"
אופני כביש,2020-03-10 06:19:18,false,"אופני כביש","46.67","892","01:33:16","--","--","30.0","47.2","134","147","76","145","213","--","156.5","207","160","1,000","5824","11.0","לא","00:04:13.2","6","15.0","01:32:05","01:33:22","'-21","'-5"
אופני כביש,2020-03-09 06:03:46,false,"אופני כביש","56.39","911","01:38:02","--","--","34.5","45.9","59","74","86","123","187","--","126.5","205","155","805","7796","8.0","לא","--:--:--","1","13.0","01:37:52","01:38:02","'-0","12"
אופני כביש,2020-03-07 07:55:08,false,"אופני כביש","41.31","815","01:22:45","131","154","30.0","39.2","26","57","85","112","193","--","113.7","211","165","584","6353","11.0","לא","00:01:48.9","9","15.0","01:21:47","01:22:45","'-35","3"
אופני כביש,2020-03-04 06:38:19,false,"אופני כביש","30.57","496","00:51:16","137","161","35.8","44.3","32","38","90","119","193","--","69.9","201","161","736","4233","7.0","לא","--:--:--","1","10.0","00:51:16","00:51:16","9","14"
אופני כביש,2020-02-29 07:09:04,false,"אופני כביש","114.78","2,551","05:04:05","129","161","22.6","67.6","1,289","1,286","--","--","--","--","0.0","--","--","--","--","8.0","לא","00:08:29.0","6","20.0","04:43:04","05:04:05","'-87","485"
אופני כביש,2020-02-22 06:56:33,false,"רכיבה על אופני כביש","113.94","1,665","04:05:38","124","157","27.8","51.4","627","635","81","112","155","--","183.7","176","105","1,441","9884","8.0","לא","01:12:58","2","17.0","03:45:10","04:05:38","3","117"
אופני כביש,2020-02-21 06:01:44,false,"רכיבה על אופני כביש","42.95","799","01:28:17","131","157","29.2","49.7","56","63","84","129","191","--","118.2","206","152","780","6867","7.0","לא","00:05:16.2","5","14.0","01:26:41","01:39:03","'-26","11"
אופני כביש,2020-02-19 04:44:14,false,"רכיבה על אופני כביש","48.24","780","01:56:40","112","167","24.8","45.5","139","160","--","--","--","--","0.0","--","--","--","--","8.0","לא","00:41:43","2","13.0","01:56:26","01:56:40","'-1","58"
אופני כביש,2020-02-15 07:04:55,false,"רכיבה על אופני כביש","99.09","2,020","04:02:13","129","172","24.5","72.9","1,460","1,447","79","122","201","--","360.5","263","139","916","14045","9.0","לא","--:--:--","1","18.0","03:45:32","04:02:13","11","462"
אופני כביש,2020-02-13 03:52:56,false,"רכיבה על אופני כביש","70.02","1,290","02:40:06","120","164","26.2","39.2","319","347","69","121","178","--","187.7","205","134","626","9920","5.0","לא","--:--:--","1","10.0","02:39:13","02:40:06","'-66","'-7"
אופני כביש,2020-02-04 03:30:21,false,"רכיבה על אופני כביש","75.85","1,376","02:57:01","119","172","25.7","39.3","478","500","--","--","--","--","0.0","--","--","--","--","6.0","לא","--:--:--","1","13.0","02:52:29","02:57:03","'-8","48"
אופני כביש,2020-02-01 07:48:28,false,"רכיבה על אופני כביש","95.93","1,636","02:42:06","144","173","35.5","61.5","550","562","87","134","223","--","298.3","216","168","1,370","11293","8.0","לא","00:01:24.0","3","14.0","02:31:31","02:42:11","76","143"
אופני כביש,2020-01-30 04:31:25,false,"רכיבה על אופני כביש","52.64","933","02:03:08","110","152","25.7","37.4","193","226","71","118","150","--","102.0","181","126","620","7877","6.0","לא","--:--:--","1","10.0","02:01:55","02:03:08","'-75","'-16"
אופני כביש,2020-01-27 04:59:04,false,"רכיבה על אופני כביש","37.78","574","01:27:43","111","131","25.8","33.4","39","52","80","150","124","--","50.0","133","110","702","6557","2.0","לא","00:02:08.2","10","3.0","01:26:42","01:27:43","'-80","'-72"
אופני כביש,2020-01-25 10:56:21,false,"רכיבה על אופני כביש","48.92","1,013","01:35:53","147","175","30.6","57.5","330","311","89","126","227","--","175.2","231","181","922","5824","12.0","לא","00:00:21.0","3","22.0","01:18:59","01:35:53","111","136"
אופני כביש,2020-01-18 08:23:43,false,"רכיבה על אופני כביש","102.47","2,351","04:02:40","134","173","25.3","73.2","1,134","1,057","84","135","217","--","423.3","271","162","966","17009","7.0","לא","00:03:33.5","10","17.0","03:42:35","04:02:40","'-66","574"
אופני כביש,2020-01-16 08:31:37,false,"רכיבה על אופני כביש","37.07","801","01:19:55","129","161","27.8","40.0","98","103","81","119","199","--","116.9","210","167","890","5668","12.0","לא","--:--:--","1","18.0","01:19:11","01:19:55","'-5","11"
אופני כביש,2020-01-15 04:35:55,false,"רכיבה על אופני כביש","53.57","984","01:58:47","121","186","27.1","39.5","50","74","72","125","175","--","134.3","226","138","570","8151","7.0","לא","00:17:19","4","9.0","01:58:24","01:58:47","'-48","'-36"
אופני כביש,2020-01-11 10:15:44,false,"רכיבה על אופני כביש","49.41","933","01:58:19","116","169","25.1","42.6","324","314","75","135","185","--","149.5","169","132","714","7609","8.0","לא","00:00:14.9","7","18.0","01:57:45","44:01:29","'-41","28"
אופני כביש,2020-01-11 07:39:50,false,"רכיבה על אופני כביש","58.24","1,280","02:06:41","130","162","27.6","54.1","815","811","81","126","203","--","192.4","192","169","548","9615","6.0","לא","00:20:09","3","12.0","02:06:24","02:06:41","29","154"
אופני כביש,2020-01-07 04:30:53,false,"רכיבה על אופני כביש","53.28","897","01:58:17","115","154","27.0","46.9","63","73","83","146","159","--","111.0","164","128","1,017","9062","7.0","לא","00:00:11.5","14","9.0","01:57:24","01:58:17","'-8","3"
אופני כביש,2020-01-02 03:37:20,false,"רכיבה על אופני כביש","68.57","1,324","02:32:53","119","154","26.9","40.8","318","339","75","111","175","--","172.7","203","145","662","10306","7.0","לא","00:07:24.0","3","14.0","02:31:56","02:33:28","8","68"
אופני כביש,2019-12-23 04:28:59,false,"רכיבה על אופני כביש","57.26","978","02:00:07","123","165","28.6","41.0","72","83","80","125","177","--","139.5","205","137","598","8937","3.0","לא","00:00:32.3","24","9.0","01:59:55","02:00:07","19","31"
אופני כביש,2019-12-21 07:04:32,false,"רכיבה על אופני כביש","103.38","1,769","03:40:21","122","167","28.2","73.5","769","802","90","144","194","--","308.0","228","134","724","16169","4.0","לא","00:03:32.2","6","21.0","03:17:55","03:40:22","'-23","218"
אופני כביש,2019-12-18 04:14:07,false,"רכיבה על אופני כביש","58.66","1,017","02:07:19","118","161","27.6","40.7","101","132","80","139","180","--","152.0","211","134","720","9569","5.0","לא","00:02:02.9","16","16.0","02:06:26","02:07:19","105","149"
אופני כביש,2019-12-16 03:17:21,false,"רכיבה על אופני כביש","44.51","800","01:54:47","113","157","23.3","42.4","476","497","82","147","178","--","133.9","162","116","802","7243","5.0","לא","--:--:--","1","14.0","01:47:22","01:54:47","41","101"
אופני כביש,2019-12-14 06:52:00,false,"רכיבה על אופני כביש","94.37","1,678","03:25:44","121","167","27.5","70.9","665","682","91","126","169","--","153.8","202","118","734","10418","8.0","לא","00:06:51.5","5","20.0","02:59:16","03:25:44","15","249"
אופני כביש,2019-12-11 04:59:23,false,"רכיבה על אופני כביש","43.16","764","01:37:23","113","156","26.6","42.5","87","84","80","119","183","--","120.6","186","132","892","6812","7.0","לא","00:01:59.7","15","18.0","01:35:20","01:49:07","'-4","36"
אופני כביש,2019-12-09 03:14:20,false,"רכיבה על אופני כביש","72.58","1,408","03:26:14","70","98","21.1","41.9","433","442","73","116","172","--","221.8","168","116","1,352","11125","10.0","לא","00:04:00.3","12","22.0","03:01:00","03:30:09","4","70"
אופניים,2019-12-07 07:04:23,false,"רכיבה על אופנייים","120.55","1,924","04:15:39","114","150","28.3","66.1","951","914","86","129","168","--","158.5","177","154","888","18127","9.0","לא","00:04:35.8","9","19.0","03:52:22","04:15:39","54","362"
אופניים,2019-12-05 04:26:09,false,"רכיבה על אופנייים","54.69","1,044","02:02:51","117","154","26.7","43.5","243","273","79","137","192","--","99.5","202","165","689","8409","10.0","לא","00:06:41.7","5","15.0","02:01:31","02:02:51","18","74"
אופניים,2019-12-04 04:38:11,false,"רכיבה על אופנייים","55.87","1,088","02:00:11","119","161","27.9","42.9","58","83","81","169","199","--","104.1","228","168","618","8854","11.0","לא","00:02:02.9","16","13.0","01:57:22","02:00:11","'-5","14"
אופניים,2019-12-03 05:13:26,false,"רכיבה על אופנייים","37.05","616","01:30:03","--","--","24.7","40.3","77","62","75","138","148","--","43.2","175","127","670","6128","11.0","לא","00:02:01.5","6","14.0","01:29:14","01:30:03","14","50"
אופניים,2019-11-30 07:03:15,false,"רכיבה על אופנייים","83.13","1,705","03:05:00","126","161","27.0","75.0","1,242","1,237","86","120","210","--","179.8","272","194","790","12772","8.0","לא","00:04:07.6","6","19.0","02:50:20","03:05:00","115","723"
אופניים,2019-11-28 04:09:40,false,"רכיבה על אופנייים","60.79","1,067","02:25:57","108","155","25.0","43.2","301","328","73","136","153","--","75.1","146","138","604","9443","9.0","לא","00:04:28.6","6","17.0","02:23:12","02:25:57","97","157"
אופניים,2019-11-21 04:52:23,false,"רכיבה על אופנייים","36.67","576","01:24:02","114","154","26.2","38.8","45","75","79","156","149","--","40.8","152","126","680","6111","2.0","לא","00:02:09.7","8","15.0","01:23:02","01:24:02","'-17","13"
אופניים,2019-11-20 03:35:48,false,"רכיבה על אופנייים","80.27","1,541","02:52:44","120","165","27.9","44.8","401","433","76","113","183","--","127.4","205","165","852","11758","3.0","לא","00:01:58.0","2","21.0","02:50:04","02:52:44","'-8","52"
אופניים,2019-11-18 04:51:16,false,"רכיבה על אופנייים","42.11","642","01:35:39","115","148","26.4","39.4","44","53","88","152","152","--","48.5","167","130","701","7346","6.0","לא","00:02:01.1","16","10.0","01:33:07","01:35:39","26","38"
אופניים,2019-11-16 06:06:18,false,"רכיבה על אופנייים","69.05","1,401","02:27:35","130","161","28.1","63.5","362","369","88","144","223","--","149.7","240","214","956","9570","13.0","לא","00:00:45.1","4","22.0","02:06:02","02:27:35","'-207","'-142"
אופניים,2019-11-15 08:32:34,false,"רכיבה על אופנייים","109.86","2,572","04:59:59","130","161","22.0","69.6","1,877","1,859","80","120","199","--","260.8","263","202","1,385","16495","17.0","לא","00:12:30","4","30.0","04:22:09","04:59:59","37","1,573"
אופניים,2019-11-13 06:08:01,false,"רכיבה על אופנייים","95.00","1,909","03:22:05","117","156","28.2","43.6","411","411","78","120","191","--","161.4","211","179","995","13755","14.0","לא","00:12:14","5","22.0","03:19:28","24:33:13","5","72"
אופניים,2019-11-12 05:15:35,false,"רכיבה על אופנייים","33.06","544","01:12:33","110","143","27.3","36.7","31","38","85","164","147","--","34.2","154","137","562","5664","10.0","לא","00:02:02.4","10","14.0","01:11:56","01:12:33","'-9","'-5"
אופניים,2019-11-09 07:08:07,false,"רכיבה על אופנייים","112.79","2,339","03:51:38","136","179","29.2","74.2","1,263","1,277","86","124","219","--","244.2","256","203","930","16492","15.0","לא","01:23:38","2","27.0","03:35:13","03:51:38","180","431"
אופניים,2019-11-08 06:09:28,false,"רכיבה על אופנייים","30.96","507","01:12:12","110","147","25.7","38.0","52","47","86","127","138","--","30.3","153","129","610","5632","12.0","לא","--:--:--","1","17.0","01:11:07","01:12:12","13","36"
אופניים,2019-11-06 04:42:49,false,"רכיבה על אופנייים","48.89","846","01:52:52","112","159","26.0","48.7","60","71","71","114","195","--","94.6","173","147","908","7058","12.0","לא","00:01:45.8","17","15.0","01:51:25","01:52:52","'-33","'-22"
אופניים,2019-11-04 04:34:46,false,"רכיבה על אופנייים","54.52","1,007","01:54:32","117","157","28.6","45.1","279","313","83","144","196","--","96.3","203","173","843","8056","10.0","לא","00:00:20.3","6","17.0","01:52:53","01:54:32","44","101"
אופניים,2019-11-02 07:36:44,false,"רכיבה על אופנייים","91.65","1,627","03:19:35","117","162","27.6","60.2","566","570","92","138","188","--","155.6","202","169","653","14837","18.0","לא","00:12:03","4","27.0","03:01:22","03:21:15","12","216"
אופניים,2019-10-30 04:37:48,false,"רכיבה על אופנייים","55.91","1,008","02:03:47","112","154","27.1","44.3","64","83","80","139","178","--","86.6","197","154","588","8726","12.0","לא","00:00:09.9","18","15.0","02:01:30","02:03:47","'-4","11"
אופניים,2019-10-29 04:50:15,false,"רכיבה על אופנייים","44.73","802","01:42:47","110","156","26.1","39.4","103","111","81","140","174","--","68.3","162","157","1,124","6937","16.0","לא","00:00:57.6","12","17.0","01:41:37","01:42:47","'-4","6"
אופניים,2019-10-28 04:45:46,false,"רכיבה על אופנייים","46.66","919","02:04:59","105","152","22.4","45.6","229","236","73","145","187","--","96.2","211","167","782","6712","16.0","לא","00:14:07","4","18.0","01:58:55","02:04:59","24","77"
אופניים,2019-10-26 07:09:07,false,"רכיבה על אופנייים","74.69","2,033","04:25:13","107","152","16.9","84.2","1,710","1,706","63","113","188","--","195.2","244","175","723","12187","13.0","לא","00:12:59","4","19.0","04:04:22","04:25:13","224","815"
אופניים,2019-10-23 05:10:38,false,"רכיבה על אופנייים","38.22","691","01:25:15","106","146","26.9","45.1","41","48","70","117","170","--","54.2","190","149","916","5510","18.0","לא","00:00:15.4","6","20.0","01:25:01","01:25:15","'-22","'-11"
אופניים,2019-10-22 04:59:54,false,"רכיבה על אופנייים","54.72","909","01:57:13","107","132","28.0","42.0","77","94","79","114","151","--","58.7","159","144","974","8410","13.0","לא","00:03:10.2","10","16.0","01:56:54","01:57:13","27","42"
אופניים,2019-10-21 05:22:38,false,"רכיבה על אופנייים","38.26","679","01:20:34","117","166","28.5","44.0","40","54","92","179","176","--","54.4","172","155","783","6748","16.0","לא","00:00:26.9","10","17.0","01:20:05","01:20:34","'-11","'-5"
אופניים,2019-10-20 06:01:41,false,"רכיבה על אופנייים","33.49","644","01:11:30","116","153","28.1","49.6","37","42","86","117","199","--","62.1","209","164","813","5638","16.0","לא","00:02:08.8","9","17.0","01:11:28","01:11:30","'-25","'-18"
אופניים,2019-10-19 07:30:33,false,"רכיבה על אופנייים","46.73","1,095","01:48:11","--","--","25.9","60.6","578","597","77","133","232","--","127.8","219","196","836","7220","17.0","לא","00:08:40.7","7","24.0","01:46:04","01:48:39","83","235"
אופניים,2019-10-17 05:11:53,false,"רכיבה על אופנייים","39.24","763","01:21:13","117","153","29.0","40.4","36","44","79","123","181","--","58.4","182","170","536","5999","20.0","לא","00:02:53.4","9","21.0","01:21:12","01:21:13","0","6"
אופניים,2019-10-16 05:37:44,false,"רכיבה על אופנייים","51.50","967","02:08:04","116","163","24.1","41.7","138","123","84","151","171","--","81.8","182","157","959","8662","21.0","לא","00:02:01.0","12","22.0","02:04:38","02:08:04","4","38"
אופניים,2019-10-12 07:01:51,false,"רכיבה על אופנייים","98.08","1,775","03:09:50","122","157","31.0","62.6","641","652","88","133","203","--","171.6","220","186","895","14118","15.0","לא","00:21:08","5","27.0","02:53:58","03:09:50","46","214"
אופניים,2019-10-09 04:01:46,false,"רכיבה על אופנייים","200.96","3,743","07:48:46","121","155","25.7","62.3","1,273","1,297","--","--","--","--","0.0","--","--","--","--","14.0","לא","00:00:09.3","6","29.0","07:24:27","07:55:52","2","509"
אופניים,2019-10-07 04:24:55,false,"רכיבה על אופנייים","59.14","1,179","02:11:34","118","166","27.0","44.9","284","306","73","120","204","--","56.6","182","160","855","3569","17.0","לא","00:00:12.8","5","21.0","02:10:49","02:12:09","'-17","75"
אופניים,2019-10-05 06:59:21,false,"רכיבה על אופנייים","80.40","1,453","03:00:29","116","163","26.7","55.9","660","658","79","128","208","--","170.9","192","171","706","11296","15.0","לא","00:03:58.0","4","26.0","02:49:45","03:00:29","411","812"
אופניים,2019-09-28 06:14:34,false,"רכיבה על אופנייים","63.43","1,914","03:28:16","119","155","18.3","79.0","1,713","1,720","64","120","208","--","196.8","250","189","776","10999","14.0","לא","00:00:07.0","11","29.0","03:24:39","03:45:53","215","681"
אופניים,2019-09-25 05:16:41,false,"רכיבה על אופנייים","32.56","567","01:16:09","110","152","25.7","46.3","81","92","83","143","180","--","54.1","164","153","924","5211","15.0","לא","00:02:07.3","12","18.0","01:14:00","01:16:09","15","26"
אופניים,2019-09-24 03:35:10,false,"רכיבה על אופנייים","80.34","1,351","02:55:38","119","161","27.4","42.8","480","541","64","81","51","--","0.4","5","186","263","35","17.0","לא","00:02:32.3","7","22.0","02:54:34","02:55:48","'-17","61"
אופניים,2019-09-23 04:33:14,false,"רכיבה על אופנייים","44.52","768","02:00:03","97","160","22.3","45.9","141","159","68","107","172","--","76.9","218","128","762","6762","17.0","לא","00:24:20","2","24.0","01:58:32","02:00:46","21","48"
אופניים,2019-09-21 06:30:17,false,"רכיבה על אופנייים","106.05","1,759","03:39:12","121","155","29.0","56.3","602","602","87","130","184","--","160.6","213","175","821","14590","15.0","לא","00:06:40.6","8","27.0","03:10:23","03:39:12","21","147"
אופניים,2019-09-19 03:38:05,false,"רכיבה על אופנייים","79.14","1,580","02:46:54","130","165","28.5","44.1","431","449","75","162","210","--","162.2","215","181","874","11058","21.0","לא","00:20:20","4","25.0","02:45:19","02:46:54","9","63"
אופניים,2019-09-17 06:05:13,false,"רכיבה על אופנייים","55.08","983","01:51:12","126","159","29.7","44.4","51","67","86","130","185","--","83.6","212","171","695","8284","18.0","לא","00:01:03.4","12","22.0","01:45:15","01:51:12","2","12"
אופניים,2019-09-14 06:40:37,false,"רכיבה על אופנייים","94.64","1,605","03:19:51","119","154","28.4","64.7","553","543","85","125","192","--","161.7","194","180","825","12494","19.0","לא","00:19:22","5","30.0","02:59:18","03:19:51","24","268"
אופניים,2019-09-12 05:02:59,false,"רכיבה על אופנייים","42.60","749","01:31:53","108","158","27.8","45.7","46","52","73","105","181","--","124.7","206","146","648","6348","19.0","לא","00:03:33.7","5","20.0","01:30:45","01:31:53","10","17"
אופניים,2019-09-11 04:37:37,false,"רכיבה על אופנייים","54.88","1,008","01:51:09","121","159","29.6","43.7","61","72","86","168","176","--","143.6","202","163","600","8941","21.0","לא","00:00:02.2","19","23.0","01:51:04","01:51:09","'-2","11"
אופניים,2019-09-10 04:44:02,false,"רכיבה על אופנייים","47.43","998","01:41:56","114","157","27.9","44.3","414","404","72","116","207","--","180.7","196","184","672","6546","21.0","לא","00:00:06.6","3","24.0","01:41:55","01:41:56","24","55"
אופניים,2019-09-07 06:25:37,false,"רכיבה על אופנייים","109.00","2,135","03:58:35","130","168","27.4","79.9","1,287","1,284","84","125","206","--","416.8","259","198","753","15023","17.0","לא","00:25:20","5","30.0","03:31:52","03:58:35","46","555"
אופניים,2019-09-05 05:03:48,false,"רכיבה על אופנייים","42.00","749","01:34:21","118","163","26.7","45.8","101","115","85","181","182","--","129.9","175","167","962","6404","20.0","לא","00:03:00.6","11","21.0","01:33:36","01:34:21","16","27"
אופניים,2019-09-04 05:06:30,false,"רכיבה על אופנייים","38.09","706","01:17:42","121","161","29.4","46.1","29","39","81","160","186","--","110.8","220","168","682","5706","21.0","לא","00:04:19.1","7","22.0","01:17:14","01:17:42","'-36","'-30"
אופניים,2019-09-03 05:10:15,false,"רכיבה על אופנייים","37.49","762","01:17:33","118","150","29.0","45.2","291","260","75","104","201","--","129.3","205","179","582","5375","21.0","לא","--:--:--","1","27.0","01:17:33","01:17:33","51","83"
אופניים,2019-08-31 06:25:42,false,"רכיבה על אופנייים","53.91","1,934","03:03:54","128","165","17.6","67.9","1,673","1,221","67","113","218","--","361.7","267","213","514","10145","15.0","לא","00:07:07.1","6","27.0","03:01:41","03:03:54","215","683"
אופניים,2019-08-29 05:06:32,false,"רכיבה על אופנייים","41.82","723","01:31:03","110","136","27.6","36.0","35","55","83","104","150","--","84.6","168","145","471","6930","22.0","לא","--:--:--","1","25.0","01:27:03","01:31:03","19","26"
אופניים,2019-08-28 05:05:02,false,"רכיבה על אופנייים","47.36","746","01:40:17","109","164","28.3","50.2","94","110","74","117","182","--","137.7","172","154","1,008","6011","21.0","לא","00:00:14.9","5","23.0","01:39:47","01:40:17","18","31"
אופניים,2019-08-27 04:57:14,false,"רכיבה על אופנייים","51.05","822","01:52:20","113","164","27.3","47.1","54","70","84","187","169","--","133.2","167","151","797","7661","20.0","לא","00:01:04.2","16","22.0","01:50:09","01:52:20","30","42"
אופניים,2019-08-24 06:24:24,false,"רכיבה על אופנייים","129.45","1,709","04:17:14","122","169","30.2","122.4","1,013","1,093","83","132","189","--","344.2","239","180","856","12954","21.0","לא","00:04:58.0","6","34.0","03:50:07","04:17:14","5","301"
אופניים,2019-08-22 05:03:48,false,"רכיבה על אופנייים","48.49","819","01:41:40","111","154","28.6","48.6","45","67","80","162","172","--","124.9","204","151","706","7325","19.0","לא","00:01:12.5","11","22.0","01:41:31","01:41:45","'-4","7"
אופניים,2019-08-16 07:15:33,false,"Helsingborg רכיבה על אופנייים","65.47","1,419","03:07:42","114","158","20.9","53.4","295","296","--","--","--","--","0.0","--","--","--","--","13.0","לא","00:00:06.3","6","17.0","02:34:18","03:07:42","'-11","85"
אופניים,2019-08-10 08:11:45,false,"Helsingborg רכיבה על אופנייים","65.22","968","03:08:56","100","140","20.7","52.1","295","311","--","--","--","--","0.0","--","--","--","--","13.0","לא","00:03:15.0","4","20.0","02:47:28","03:08:58","'-3","95"
אופניים,2019-08-06 17:56:02,false,"Helsingborg רכיבה על אופנייים","65.07","1,293","02:11:16","129","171","29.7","50.1","160","146","--","--","--","--","0.0","--","--","--","--","16.0","לא","00:31:01","3","24.0","01:59:39","02:11:16","35","116"
אופניים,2019-08-03 06:50:23,false,"Helsingborg רכיבה על אופנייים","85.07","2,741","03:44:45","--","--","22.7","55.0","319","321","--","--","--","--","0.0","--","--","--","--","12.0","לא","01:34:32","2","23.0","03:36:46","04:39:59","1","84"
אופניים,2019-08-01 07:26:06,false,"Helsingborg רכיבה על אופנייים","46.52","1,548","02:10:26","--","--","21.4","45.7","184","182","--","--","--","--","0.0","--","--","--","--","12.0","לא","--:--:--","1","20.0","01:53:30","02:10:26","'-7","32"
אופניים,2019-07-31 07:15:31,false,"Helsingborg רכיבה על אופנייים","35.04","1,023","01:32:04","--","--","22.8","32.8","42","52","--","--","--","--","0.0","--","--","--","--","9.0","לא","--:--:--","1","11.0","01:30:54","01:32:04","2","37"
אופניים,2019-07-26 06:04:10,false,"רכיבה על אופנייים","65.32","1,011","01:56:00","124","160","33.8","48.1","56","99","90","124","185","--","165.0","189","174","853","8727","19.0","לא","--:--:--","1","24.0","01:53:39","01:56:00","40","72"
אופניים,2019-07-23 05:20:22,false,"רכיבה על אופנייים","45.29","807","01:26:15","128","163","31.5","44.7","69","83","86","111","194","--","134.5","203","173","675","6714","21.0","לא","00:04:34.4","8","24.0","01:26:13","01:26:15","16","34"
אופניים,2019-07-20 06:35:04,false,"רכיבה על אופנייים","102.36","1,781","03:36:11","127","167","28.4","67.0","720","735","89","128","194","--","320.6","220","187","755","13830","17.0","לא","--:--:--","1","30.0","03:01:00","70:44:55","57","303"
אופניים,2019-07-17 05:26:13,false,"רכיבה על אופנייים","50.33","835","01:40:47","115","165","30.0","50.1","68","99","78","130","193","--","156.2","191","160","821","6791","20.0","לא","00:47:40","2","26.0","01:40:45","01:40:47","'-70","'-35"
אופניים,2019-07-16 05:44:13,false,"רכיבה על אופנייים","49.89","734","01:31:05","118","158","32.9","48.5","64","62","85","119","172","--","112.0","168","163","836","6443","21.0","לא","--:--:--","1","24.0","01:30:14","01:31:05","44","64"
אופניים,2019-07-13 06:18:14,false,"רכיבה על אופנייים","79.96","1,503","02:32:06","127","161","31.5","45.9","115","159","80","127","196","--","243.3","236","180","650","11080","23.0","לא","00:00:02.8","10","27.0","02:31:26","02:32:06","'-42","'-2"
אופניים,2019-07-12 06:12:47,false,"רכיבה על אופנייים","35.93","719","01:54:55","100","139","18.8","36.7","202","209","--","--","--","--","0.0","--","--","--","--","22.0","לא","--:--:--","1","27.0","01:49:52","01:54:55","46","79"
אופניים,2019-07-10 05:28:37,false,"רכיבה על אופנייים","49.99","908","01:37:12","126","165","30.9","51.1","68","85","85","119","201","--","162.5","220","180","718","7149","21.0","לא","00:04:00.5","6","25.0","01:35:52","01:37:12","'-9","29"
אופניים,2019-07-09 05:41:42,false,"רכיבה על אופנייים","41.91","723","01:23:15","126","164","30.2","46.3","53","82","85","115","196","--","132.2","206","175","701","5854","21.0","לא","00:02:16.2","6","25.0","01:20:16","01:23:15","36","71"
אופניים,2019-07-06 06:54:03,false,"רכיבה על אופנייים","96.09","1,532","03:24:06","--","--","28.2","59.6","761","761","84","130","181","--","279.0","185","167","663","12732","20.0","לא","--:--:--","1","31.0","03:02:05","03:24:06","98","321"
אופניים,2019-07-03 05:26:58,false,"רכיבה על אופנייים","35.07","604","01:15:06","114","161","28.0","47.4","44","75","80","108","181","--","102.0","216","151","762","5355","19.0","לא","00:09:59.6","4","25.0","01:13:28","01:15:06","29","47"
אופניים,2019-07-02 05:52:30,false,"רכיבה על אופנייים","33.39","572","01:18:57","114","159","25.4","48.7","66","78","81","113","181","--","107.4","203","155","746","4960","18.0","לא","00:00:02.3","7","25.0","01:10:36","01:18:57","39","72"
אופניים,2019-06-29 07:42:02,false,"רכיבה על אופנייים","70.26","1,846","02:37:12","147","168","26.8","87.4","1,553","1,571","78","131","239","--","371.6","244","237","849","10102","21.0","לא","00:04:39.7","3","27.0","02:31:55","02:37:12","478","786"
אופניים,2019-06-28 06:44:49,false,"רכיבה על אופנייים","38.17","537","01:24:09","--","--","27.2","53.0","51","83","78","113","169","--","100.0","138","125","1,107","5530","21.0","לא","00:15:02","3","26.0","01:21:01","01:24:09","57","88"
אופניים,2019-06-25 04:51:25,false,"רכיבה על אופנייים","49.08","862","01:51:29","101","159","26.4","49.5","71","89","74","98","167","--","128.8","162","148","1,300","6984","20.0","לא","00:06:10.8","3","26.0","01:48:09","01:51:29","37","62"
אופניים,2019-06-22 06:26:03,false,"רכיבה על אופנייים","130.34","2,198","04:49:46","120","165","27.0","67.5","1,194","1,203","83","127","192","--","444.1","207","177","775","16927","19.0","לא","--:--:--","1","32.0","04:21:55","04:49:46","'-1","249"
אופניים,2019-06-21 06:32:52,false,"רכיבה על אופנייים","52.47","1,038","02:46:17","101","144","18.9","56.4","291","322","--","--","--","--","0.0","--","--","--","--","19.0","לא","00:00:08.1","2","26.0","02:37:45","02:46:17","'-22","134"
אופניים,2019-06-20 05:23:07,false,"רכיבה על אופנייים","33.98","634","01:05:28","130","164","31.1","44.8","32","67","82","102","205","--","113.6","233","185","599","4666","19.0","לא","00:09:41.5","3","24.0","01:02:28","01:05:28","8","38"
אופניים,2019-06-19 04:37:03,false,"רכיבה על אופנייים","55.41","1,086","02:05:17","117","166","26.5","46.3","291","298","73","131","212","--","234.0","212","179","1,695","7276","17.0","לא","00:02:47.9","8","24.0","02:02:15","02:05:17","18","72"
אופניים,2019-06-18 05:16:01,false,"רכיבה על אופנייים","43.08","814","01:37:06","116","160","26.6","46.9","86","92","75","101","207","--","172.0","229","165","700","6125","19.0","לא","00:23:54","3","24.0","01:34:00","01:37:06","2","37"
אופניים,2019-06-17 05:35:29,false,"רכיבה על אופנייים","30.20","448","01:13:29","--","--","24.7","47.8","70","77","83","137","160","--","77.7","165","132","802","4719","20.0","לא","00:28:28","2","24.0","01:08:34","01:13:29","33","65"
אופניים,2019-06-15 07:03:12,false,"רכיבה על אופנייים","60.27","1,628","02:47:09","126","164","21.6","80.9","1,409","1,397","74","117","224","--","347.0","271","214","899","9472","19.0","לא","00:16:44","5","28.0","02:39:41","02:47:09","186","667"
אופניים,2019-06-14 05:49:17,false,"רכיבה על אופנייים","49.15","955","02:39:59","100","138","18.4","52.0","260","271","--","--","--","--","0.0","--","--","--","--","18.0","לא","--:--:--","1","24.0","02:35:21","02:39:59","34","195"
אופניים,2019-06-13 05:17:04,false,"רכיבה על אופנייים","39.00","707","01:21:50","120","161","28.6","50.0","48","68","78","120","199","--","134.7","202","163","678","5662","19.0","לא","00:02:53.1","7","23.0","01:20:32","01:21:50","12","23"
אופניים,2019-06-12 04:59:57,false,"רכיבה על אופנייים","44.53","816","01:30:39","119","165","29.5","47.1","49","91","80","111","198","--","147.6","239","171","705","6402","19.0","לא","00:01:48.3","10","24.0","01:28:55","01:30:39","4","37"
אופניים,2019-06-11 04:33:29,false,"רכיבה על אופנייים","53.08","1,009","01:54:47","119","160","27.7","47.2","331","370","76","127","219","--","228.4","213","188","959","6778","16.0","לא","00:11:00","3","23.0","01:52:28","01:54:47","36","97"
אופניים,2019-06-09 06:02:37,false,"רכיבה על אופנייים","38.77","766","01:34:29","104","151","24.6","55.8","523","535","68","105","195","--","148.9","178","168","625","5168","17.0","לא","--:--:--","1","20.0","01:32:44","01:34:29","119","237"
אופניים,2019-06-08 06:51:51,false,"רכיבה על אופנייים","71.15","1,833","02:56:39","129","169","24.2","82.9","1,590","1,587","76","120","228","--","380.1","248","226","804","10346","16.0","לא","--:--:--","1","26.0","02:48:35","02:56:39","497","803"
אופניים,2019-06-06 04:42:36,false,"רכיבה על אופנייים","52.87","971","01:49:23","122","163","29.0","45.0","76","116","78","118","195","--","172.3","198","170","754","7436","19.0","לא","00:03:18.2","8","24.0","01:47:42","01:49:23","9","32"
אופניים,2019-06-05 04:55:50,false,"רכיבה על אופנייים","58.89","1,062","01:55:28","125","163","30.6","47.1","75","106","78","100","197","--","185.1","232","180","812","7575","18.0","לא","00:10:04","4","24.0","01:54:22","01:55:28","4","42"
אופניים,2019-06-04 04:28:22,false,"רכיבה על אופנייים","60.03","1,128","02:15:00","117","161","26.7","45.4","361","373","73","131","207","--","239.4","208","191","870","7193","18.0","לא","00:03:17.0","6","24.0","02:11:47","02:15:00","18","72"
אופניים,2019-06-01 10:02:01,false,"רכיבה על אופנייים","75.05","1,276","02:28:51","141","166","30.3","57.4","225","221","85","144","196","--","214.5","213","197","812","9087","25.0","לא","00:00:14.7","4","35.0","02:11:21","02:28:51","18","32"
אופניים,2019-05-29 04:50:03,false,"רכיבה על אופנייים","50.63","901","02:01:24","111","163","25.0","45.0","103","116","75","102","184","--","171.2","210","156","595","7312","16.0","לא","00:02:50.4","14","22.0","01:49:05","02:01:24","10","43"
אופניים,2019-05-28 04:34:44,false,"רכיבה על אופנייים","56.23","871","02:18:33","103","147","24.4","40.4","145","153","76","181","146","--","122.4","150","131","765","8555","17.0","לא","00:00:20.4","15","24.0","02:13:22","02:18:33","9","44"
אופניים,2019-05-27 04:28:01,false,"רכיבה על אופנייים","60.01","1,170","02:05:36","119","156","28.7","46.8","345","382","76","129","207","--","223.0","209","188","803","7869","15.0","לא","00:03:58.0","4","22.0","02:04:55","02:05:36","7","65"
אופניים,2019-05-25 07:26:14,false,"רכיבה על אופנייים","68.07","1,413","02:48:57","122","165","24.2","70.9","1,056","1,059","82","142","207","--","299.7","206","194","990","9948","20.0","לא","--:--:--","1","29.0","02:38:12","02:48:57","12","199"
אופניים,2019-05-24 06:30:22,false,"רכיבה על אופנייים","42.56","620","01:48:32","103","137","23.5","36.9","91","69","82","106","121","--","65.4","145","126","550","6710","20.0","לא","--:--:--","1","28.0","01:35:15","01:48:32","23","56"
אופניים,2019-05-23 05:13:33,false,"רכיבה על אופנייים","70.01","1,162","02:07:20","126","164","33.0","46.6","80","120","84","108","183","--","176.1","197","176","836","9258","15.0","לא","00:04:27.3","5","26.0","02:04:51","02:07:20","20","30"
אופניים,2019-05-22 04:56:13,false,"רכיבה על אופנייים","46.09","811","01:31:10","120","154","30.3","43.1","53","90","82","149","183","--","125.9","200","170","554","6593","13.0","לא","00:02:19.5","8","21.0","01:29:00","01:31:10","'-9","27"
אופניים,2019-05-18 06:19:10,false,"רכיבה על אופנייים","59.32","1,613","02:52:54","124","196","20.6","73.8","1,412","1,390","66","111","207","--","306.1","247","195","676","9145","11.0","לא","00:10:56","5","26.0","02:47:53","03:15:46","223","702"
אופניים,2019-05-17 07:08:56,false,"Ramot menashe race","75.54","1,393","02:40:38","139","170","28.2","66.1","901","909","83","139","213","--","298.9","201","193","858","9916","22.0","לא","00:01:49.8","4","30.0","02:25:57","02:40:38","249","319"
אופניים,2019-05-15 05:14:19,false,"רכיבה על אופנייים","43.81","777","01:33:54","138","190","28.0","45.0","117","117","75","105","191","--","142.7","213","165","642","5884","13.0","לא","00:03:04.0","3","20.0","01:32:43","01:33:54","18","56"
אופניים,2019-05-14 04:58:22,false,"רכיבה על אופנייים","32.42","505","01:17:26","99","134","25.1","35.4","57","92","73","133","140","--","63.1","145","129","516","4831","11.0","לא","00:02:00.0","6","20.0","01:14:22","01:17:26","11","33"
אופניים,2019-05-13 04:52:37,false,"רכיבה על אופנייים","51.66","913","01:55:30","114","155","26.8","44.3","73","101","75","103","188","--","167.0","213","160","696","7097","10.0","לא","00:07:50.8","7","19.0","01:49:01","01:55:30","26","62"
אופניים,2019-05-11 09:55:40,false,"מרוץ שוהם","87.79","1,470","03:08:56","131","164","27.9","58.1","561","535","86","136","196","--","301.1","203","210","942","9875","21.0","לא","00:33:49","3","32.0","02:36:41","03:08:56","85","118"
אופניים,2019-05-09 06:10:21,false,"רכיבה על אופנייים","60.84","1,019","01:48:40","132","161","33.6","46.6","91","105","88","115","199","--","179.0","200","190","880","7787","12.0","לא","00:11:28","2","19.0","01:46:32","01:48:40","7","40"
אופניים,2019-05-08 05:21:55,false,"רכיבה על אופנייים","37.43","645","01:25:52","111","162","26.2","44.0","76","89","74","96","181","--","117.1","215","156","534","5142","11.0","לא","00:06:25.4","7","18.0","01:22:34","01:25:52","'-10","25"
אופניים,2019-05-06 04:37:02,false,"רכיבה על אופנייים","56.02","971","02:06:44","111","152","26.5","43.7","101","109","78","113","175","--","158.1","199","160","618","7776","14.0","לא","00:01:28.2","11","25.0","01:58:41","02:06:53","42","79"
אופניים,2019-05-03 06:02:45,false,"רכיבה על אופנייים","128.48","2,407","05:18:36","140","165","24.2","84.2","2,739","2,796","81","141","195","--","506.1","230","217","834","14835","11.0","לא","--:--:--","1","27.0","04:57:19","05:18:36","227","825"
אופניים,2019-05-02 05:19:07,false,"רכיבה על אופנייים","36.63","566","01:24:36","--","--","26.0","51.2","83","98","84","113","167","--","98.3","179","130","689","6065","16.0","לא","--:--:--","1","19.0","01:21:58","01:24:36","42","76"
אופניים,2019-05-01 05:38:42,false,"רכיבה על אופנייים","41.25","603","01:34:57","--","--","26.1","51.8","98","94","79","100","159","--","99.7","168","123","695","6447","10.0","לא","--:--:--","1","18.0","01:31:49","01:34:57","24","59"
אופניים,2019-04-30 04:56:02,false,"רכיבה על אופנייים","47.04","695","01:52:12","102","132","25.2","35.1","90","101","81","105","123","--","70.1","142","119","490","7866","13.0","לא","00:41:33","2","18.0","01:47:37","01:52:12","'-6","32"
אופניים,2019-04-27 08:07:25,false,"רכיבה על אופנייים","70.24","1,592","02:43:01","130","168","25.9","68.6","1,103","1,095","76","137","213","--","306.7","221","202","928","9986","17.0","לא","--:--:--","1","30.0","02:38:23","02:59:27","176","724"
אופניים,2019-04-26 06:16:47,false,"רכיבה על אופנייים","66.65","1,859","03:17:08","123","158","20.3","66.2","1,639","1,650","68","117","204","--","341.6","254","202","512","10478","8.0","לא","--:--:--","1","25.0","03:14:51","03:17:08","186","720"
אופניים,2019-04-25 09:51:19,false,"רכיבה על אופנייים","69.13","1,182","02:09:49","148","172","31.9","53.6","207","201","85","134","204","--","214.4","205","204","930","8165","21.0","לא","00:05:30.5","4","33.0","01:52:15","02:09:49","13","34"
אופניים,2019-04-22 04:51:43,false,"רכיבה על אופנייים","61.91","1,195","02:18:36","124","165","26.8","43.0","320","346","78","105","193","--","214.5","219","169","740","9191","10.0","לא","01:00:16","2","17.0","02:15:30","02:18:36","'-9","50"
אופניים,2019-04-18 05:34:47,false,"רכיבה על אופנייים","43.13","768","01:39:23","--","--","26.0","45.6","76","84","77","115","195","--","157.5","209","149","774","6582","10.0","לא","--:--:--","1","16.0","01:37:44","01:39:23","'-24","15"
אופניים,2019-04-17 05:19:49,false,"רכיבה על אופנייים","55.04","1,000","01:51:12","122","156","29.7","42.7","62","107","80","104","190","--","167.4","207","172","652","7745","12.0","לא","00:06:05.4","7","17.0","01:48:50","01:51:12","1","39"
אופניים,2019-04-16 04:49:48,false,"רכיבה על אופנייים","33.21","499","01:29:06","91","112","22.4","35.0","65","90","68","101","113","--","47.5","120","112","600","5064","10.0","לא","00:13:47","3","16.0","01:28:03","01:29:06","26","61"
אופניים,2019-04-15 05:41:48,false,"רכיבה על אופנייים","53.79","935","01:54:23","121","157","28.2","46.4","93","71","81","190","171","--","139.3","200","160","821","7839","10.0","לא","00:02:40.2","10","14.0","01:51:33","01:54:23","3","37"
אופניים,2019-04-13 06:57:35,false,"רכיבה על אופנייים","103.88","1,808","03:51:02","123","164","27.0","67.7","998","998","86","123","202","--","391.6","234","188","842","13667","8.0","לא","00:25:53","3","25.0","03:18:00","03:51:02","66","432"
אופניים,2019-04-11 04:38:15,false,"רכיבה על אופנייים","76.67","1,283","02:47:26","111","160","27.5","43.9","309","327","76","123","171","--","203.5","194","149","771","10922","7.0","לא","--:--:--","1","15.0","02:45:20","02:47:26","'-31","27"
אופניים,2019-04-09 05:43:54,false,"רכיבה על אופנייים","54.93","1,435","02:54:39","111","160","18.9","74.9","1,273","1,274","67","108","192","--","258.3","255","181","663","8768","6.0","לא","00:23:17","4","17.0","02:42:54","02:54:39","269","750"
אופניים,2019-04-08 04:50:54,false,"רכיבה על אופנייים","46.89","776","01:42:52","111","160","27.4","44.6","64","98","79","117","166","--","118.1","192","141","563","7253","11.0","לא","00:09:58.8","4","17.0","01:41:47","01:42:52","99","140"
אופניים,2019-04-06 10:50:43,false,"רכיבה על אופנייים","70.49","1,236","02:16:49","140","167","30.9","54.4","452","443","92","130","219","--","272.3","208","237","986","7841","16.0","לא","00:00:40.1","3","24.0","01:55:45","02:16:49","103","129"
אופניים,2019-04-05 06:55:29,false,"רכיבה על אופנייים","30.62","438","01:13:39","--","--","24.9","51.1","38","74","81","111","195","--","116.0","131","111","796","5349","10.0","לא","--:--:--","1","14.0","01:11:57","01:13:39","'-22","18"
אופניים,2019-04-04 04:30:43,false,"רכיבה על אופנייים","54.59","920","02:10:14","108","141","25.1","45.3","100","121","76","144","152","--","125.7","156","136","676","8634","7.0","לא","00:03:01.6","10","14.0","02:08:16","02:10:14","20","59"
אופניים,2019-03-27 05:16:59,false,"רכיבה על אופנייים","37.88","559","01:30:49","--","--","25.0","44.4","79","80","78","132","155","--","90.1","150","119","687","6137","8.0","לא","00:42:34","2","16.0","01:27:48","01:30:49","'-43","'-5"
אופניים,2019-03-26 05:06:09,false,"רכיבה על אופנייים","39.75","729","01:27:06","116","161","27.4","42.5","46","85","79","114","173","--","108.3","203","155","589","6190","6.0","לא","00:28:06","2","14.0","01:23:37","01:27:07","14","49"
אופניים,2019-03-23 06:00:12,false,"רכיבה על אופנייים","101.31","2,544","04:34:23","--","--","22.2","76.6","2,209","2,201","70","121","198","--","448.2","247","185","736","15990","6.0","לא","00:58:33","4","24.0","04:31:07","04:50:16","199","737"
אופניים,2019-03-21 05:20:13,false,"רכיבה על אופנייים","55.88","995","02:04:15","119","158","27.0","41.7","136","164","83","175","178","--","162.8","173","162","902","8547","9.0","לא","00:02:27.6","12","21.0","02:01:16","02:20:55","'-13","24"
אופניים,2019-03-20 05:32:49,false,"רכיבה על אופנייים","41.97","753","01:28:34","119","158","28.4","44.3","54","89","83","117","185","--","125.4","209","166","803","6304","9.0","לא","--:--:--","1","13.0","01:26:51","01:28:34","269","784"
אופניים,2019-03-18 04:54:17,false,"רכיבה על אופנייים","34.06","703","01:16:08","116","148","26.8","45.0","330","341","78","118","201","--","127.9","184","180","640","5112","8.0","לא","--:--:--","1","13.0","01:15:54","01:16:08","9","47"
אופניים,2019-03-16 06:09:37,false,"רכיבה על אופנייים","77.98","1,724","02:54:23","125","159","26.8","51.4","1,101","1,111","81","127","204","--","302.5","190","191","624","12253","9.0","לא","--:--:--","1","15.0","02:51:51","02:54:23","109","236"
אופניים,2019-03-15 05:52:24,false,"רכיבה על אופנייים","41.77","897","01:52:25","116","153","22.3","39.8","170","173","--","--","--","--","0.0","--","--","--","--","10.0","לא","--:--:--","1","15.0","01:49:47","01:52:25","'-13","24"
אופניים,2019-03-13 05:04:32,false,"רכיבה על אופנייים","38.28","626","01:25:10","114","158","27.0","46.7","51","97","83","123","213","--","159.7","184","142","701","6197","8.0","לא","00:00:43.1","18","15.0","01:23:24","01:26:45","54","96"
אופניים,2019-03-12 04:47:56,false,"רכיבה על אופנייים","48.93","809","06:58:57","108","157","7.0","47.3","109","116","74","104","204","--","218.3","176","138","882","7336","4.0","לא","00:00:45.2","17","17.0","01:55:23","06:58:57","'-26","9"
אופניים,2019-03-11 04:23:15,false,"רכיבה על אופנייים","45.72","552","01:53:13","111","159","24.2","41.1","491","495","71","108","114","--","40.3","72","183","895","1648","8.0","לא","--:--:--","1","14.0","01:51:25","01:53:13","'-34","3"
אופניים,2019-03-09 06:07:29,false,"רכיבה על אופנייים","70.20","1,666","03:42:31","120","157","18.9","68.8","1,832","1,267","67","113","172","--","272.3","232","193","1,237","8914","--","לא","--:--:--","1","19.0","03:36:35","03:42:31","196","827"
אופניים,2019-03-06 05:08:27,false,"רכיבה על אופנייים","36.82","603","01:33:07","109","165","23.7","40.7","68","94","76","108","171","--","112.3","205","124","572","6195","4.0","לא","00:46:14","2","14.0","01:31:38","01:33:07","'-78","'-44"
אופניים,2019-03-05 04:30:59,false,"רכיבה על אופנייים","52.57","917","02:11:13","112","159","24.0","42.5","160","176","78","179","169","--","155.7","175","147","786","8163","5.0","לא","00:02:07.5","14","13.0","02:09:46","02:11:41","'-19","20"
אופניים,2019-03-02 11:18:13,false,"רכיבה על אופנייים","85.25","1,291","03:41:02","117","150","23.1","77.0","667","1,154","78","113","154","--","200.9","182","158","648","10312","11.0","לא","01:04:43","2","22.0","02:58:50","03:41:02","'-189","585"
אופניים,2019-03-02 07:43:53,false,"רכיבה על אופנייים","75.97","1,837","03:24:20","138","160","22.3","68.9","1,184","692","78","134","212","--","342.5","258","211","749","11273","9.0","לא","--:--:--","1","16.0","02:38:41","03:24:20","'-145","588"
אופניים,2019-02-26 04:53:52,false,"רכיבה על אופנייים","37.21","712","01:28:08","117","149","25.3","41.3","339","339","76","126","188","--","129.7","172","162","758","5615","13.0","לא","00:24:53","2","15.0","01:26:48","01:28:08","42","82"
אופניים,2019-02-23 10:59:28,false,"רכיבה על אופנייים","69.38","1,237","02:00:29","148","163","34.5","56.2","463","456","91","141","215","--","230.4","206","243","894","7567","15.0","לא","--:--:--","1","27.0","01:51:39","02:00:29","103","129"
אופניים,2019-02-22 06:14:54,false,"רכיבה על אופנייים","33.13","415","01:44:34","128","245","19.0","43.6","80","93","72","107","102","--","45.2","93","86","787","5798","3.0","לא","--:--:--","1","12.0","01:39:37","01:44:34","'-29","4"
אופניים,2019-02-21 05:06:24,false,"רכיבה על אופנייים","32.58","519","01:38:34","243","243","19.8","36.5","80","82","79","108","132","--","68.2","148","128","566","5270","6.0","לא","00:17:44","4","20.0","01:16:46","01:38:34","'-25","15"
אופניים,2019-02-20 05:39:54,false,"רכיבה על אופנייים","30.95","644","01:07:54","243","246","27.3","38.7","68","45","79","97","198","--","109.7","231","182","566","4692","5.0","לא","00:02:49.2","3","7.0","01:06:51","01:07:54","'-11","26"
אופניים,2019-02-13 04:52:33,false,"רכיבה על אופנייים","46.10","817","01:56:57","114","164","23.7","43.7","101","107","76","104","185","--","166.5","193","144","598","7252","4.0","לא","00:03:37.4","12","14.0","01:51:01","01:56:57","80","116"
אופניים,2019-02-12 04:33:53,false,"רכיבה על אופנייים","51.58","873","02:09:09","110","143","24.0","42.8","145","153","79","163","159","--","135.1","186","137","678","8430","5.0","לא","00:01:31.5","6","14.0","02:05:48","02:09:09","'-46","'-10"
אופניים,2019-02-09 07:50:04,false,"רכיבה על אופנייים","77.59","1,510","02:51:47","122","158","27.1","64.1","562","706","84","127","205","--","274.7","228","197","710","10628","8.0","לא","00:35:22","2","15.0","02:39:58","02:51:47","'-33","282"
אופניים,2019-02-08 06:16:20,false,"רכיבה על אופנייים","39.14","821","01:21:16","--","--","28.9","41.0","56","78","82","125","208","--","145.9","249","186","699","6043","7.0","לא","00:58:59","2","11.0","01:20:02","01:21:16","'-32","'-8"
אופניים,2019-02-05 04:51:32,false,"רכיבה על אופנייים","44.92","795","01:56:25","107","140","23.2","38.0","150","153","77","144","164","--","129.4","155","146","1,007","7295","11.0","לא","00:01:07.0","13","14.0","01:52:25","01:56:25","'-22","14"
אופניים,2019-02-02 08:02:49,false,"רכיבה על אופנייים","100.78","1,926","03:03:29","146","166","33.0","67.7","1,235","1,242","85","138","212","--","341.4","211","203","946","13320","6.0","לא","--:--:--","1","18.0","03:02:19","03:03:29","161","341"
אופניים,2019-02-01 06:47:54,false,"רכיבה על אופנייים","31.23","442","01:23:39","--","--","22.4","49.5","83","96","80","126","178","--","110.0","130","106","957","5606","3.0","לא","--:--:--","1","12.0","01:18:50","01:23:39","'-65","'-30"
אופניים,2019-01-30 05:27:11,false,"רכיבה על אופנייים","34.54","643","01:26:48","--","--","23.9","39.0","79","82","80","237","169","--","102.9","210","139","600","6254","3.0","לא","00:57:24","2","12.0","01:24:16","01:26:48","20","55"
אופניים,2019-01-28 04:31:46,false,"רכיבה על אופנייים","39.49","792","01:35:04","121","145","24.9","42.5","367","358","74","125","172","--","116.8","170","158","786","6232","6.0","לא","--:--:--","1","11.0","01:32:51","01:35:04","9","39"
אופניים,2019-01-26 06:54:54,false,"רכיבה על אופנייים","88.99","1,712","03:41:00","125","168","24.2","62.4","1,198","1,185","83","126","196","--","321.5","220","191","819","12617","5.0","לא","00:02:11.5","8","31.0","03:06:54","03:41:00","170","427"
אופניים,2019-01-25 06:38:25,false,"רכיבה על אופנייים","38.04","651","01:24:16","--","--","27.1","41.4","38","80","82","111","163","--","92.4","177","147","649","6145","3.0","לא","--:--:--","2","12.0","01:23:02","01:24:16","80","119"
אופניים,2019-01-24 08:15:43,false,"רכיבה על אופנייים","39.34","793","01:19:39","134","161","29.6","39.0","33","68","90","135","189","--","118.0","202","186","630","6500","10.0","לא","--:--:--","5","17.0","01:17:20","01:19:39","31","50"
אופניים,2019-01-19 08:05:30,false,"רכיבה על אופנייים","107.19","2,138","03:43:36","135","166","28.8","67.6","1,328","1,329","85","139","219","--","447.1","239","214","831","14309","6.0","לא","--:--:--","5","18.0","03:26:59","03:43:36","127","307"
אופניים,2019-01-18 06:50:25,false,"רכיבה על אופנייים","36.67","729","01:36:52","--","--","22.7","47.4","86","94","80","133","185","--","132.5","217","172","736","5806","5.0","לא","--:--:--","3","14.0","01:24:22","01:36:52","'-67","'-26"
אופניים,2019-01-16 04:34:28,false,"רכיבה על אופנייים","47.11","893","02:02:23","104","145","23.1","38.3","134","139","73","151","158","--","126.6","178","144","762","7633","7.0","לא","--:--:--","11","12.0","01:59:39","02:02:23","34","75"
אופניים,2019-01-15 04:43:14,false,"רכיבה על אופנייים","40.61","856","01:36:39","--","--","25.2","42.2","374","380","74","126","202","--","163.9","204","171","550","6196","6.0","לא","--:--:--","1","13.0","01:35:13","01:36:39","6","43"
אופניים,2019-01-12 07:01:24,false,"רכיבה על אופנייים","104.56","2,166","04:12:13","124","162","24.9","62.3","1,153","1,162","87","136","214","--","424.8","236","213","785","14730","3.0","לא","--:--:--","15","20.0","03:24:02","04:12:13","76","242"
אופניים,2019-01-08 08:09:25,false,"רכיבה על אופנייים","42.07","840","01:37:55","121","144","25.8","37.3","54","63","83","168","168","--","114.7","179","165","669","7134","9.0","לא","--:--:--","14","13.0","01:33:21","01:37:55","'-14","'-2"
אופניים,2019-01-05 08:01:20,false,"רכיבה על אופנייים","111.21","1,576","03:01:08","136","173","36.8","56.7","410","413","89","189","185","--","258.2","182","187","808","12185","7.0","לא","--:--:--","1","17.0","02:51:14","03:01:14","27","111"
אופניים,2019-01-02 05:04:33,false,"רכיבה על אופנייים","40.48","662","01:41:43","115","167","23.9","42.0","143","157","84","128","175","--","128.6","193","147","882","6321","8.0","לא","--:--:--","2","14.0","01:36:46","01:41:43","'-10","29"
אופניים,2019-01-01 04:55:34,false,"רכיבה על אופנייים","44.71","883","01:45:16","114","157","25.5","39.6","62","102","80","109","177","--","136.7","200","161","535","7468","3.0","לא","--:--:--","17","12.0","01:44:22","01:45:16","3","45"
אופניים,2018-12-31 04:27:09,false,"רכיבה על אופנייים","47.94","1,019","01:52:39","118","150","25.5","42.1","437","437","74","114","188","--","164.6","191","171","715","7377","7.0","לא","--:--:--","2","15.0","01:51:18","01:52:39","'-35","4"
אופניים,2018-12-29 08:14:14,false,"רכיבה על אופנייים","109.89","2,140","03:34:06","136","167","30.8","59.0","478","454","88","135","209","--","388.4","249","200","836","15787","7.0","לא","--:--:--","10","12.0","03:21:30","03:34:06","34","130"
אופניים,2018-12-26 04:56:29,false,"רכיבה על אופנייים","41.55","780","01:33:25","119","159","26.7","43.4","55","83","85","157","186","--","134.2","205","160","813","7034","10.0","לא","--:--:--","12","16.0","01:31:31","01:33:25","26","62"
אופניים,2018-12-25 04:26:57,false,"רכיבה על אופנייים","58.55","1,150","02:10:04","124","161","27.0","44.7","543","541","81","126","202","--","220.5","188","178","812","8752","9.0","לא","--:--:--","4","15.0","02:06:38","02:10:04","57","96"
אופניים,2018-12-22 06:58:23,false,"רכיבה על אופנייים","121.80","2,222","04:03:40","128","172","30.0","59.2","816","821","87","126","207","--","423.8","251","196","861","16485","6.0","לא","--:--:--","12","19.0","03:39:51","04:05:15","30","205"
אופניים,2018-12-19 04:25:58,false,"רכיבה על אופנייים","57.36","1,079","02:21:11","115","164","24.4","44.3","164","174","77","152","176","--","180.8","195","157","842","9010","8.0","לא","--:--:--","14","16.0","02:17:51","02:21:11","'-36","--"
אופניים,2018-12-17 04:52:32,false,"רכיבה על אופנייים","48.48","869","01:57:33","110","158","24.8","42.1","96","106","71","140","180","--","158.8","190","140","573","7443","10.0","לא","--:--:--","13","16.0","01:55:30","01:57:33","'-14","24"
אופניים,2018-12-15 09:38:47,false,"רכיבה על אופנייים","56.62","1,691","02:33:06","138","165","22.2","67.9","1,361","407","77","119","212","--","285.4","236","206","903","10686","15.0","לא","--:--:--","6","26.0","02:27:48","02:33:06","'-389","583"
אופניים,2018-12-15 08:24:44,false,"רכיבה על אופנייים","40.56","349","01:13:48","107","140","33.0","71.8","65","1,027","89","122","134","--","53.4","134","149","457","3470","13.0","לא","--:--:--","3","25.0","00:57:36","01:13:48","'-368","608"
אופניים,2018-12-14 08:19:52,false,"רכיבה על אופנייים","101.23","1,875","03:43:43","125","161","27.1","72.7","1,029","1,132","87","127","199","--","345.2","238","200","661","13581","10.0","לא","--:--:--","15","23.0","03:07:12","03:43:43","145","599"
אופניים,2018-12-12 04:40:54,false,"רכיבה על אופנייים","52.56","1,013","02:04:59","115","157","25.2","42.5","273","271","76","111","187","--","181.8","227","162","631","7988","12.0","לא","--:--:--","4","16.0","02:00:34","02:04:59","'-11","48"
אופניים,2018-12-11 05:24:03,false,"רכיבה על אופנייים","33.35","587","01:22:13","112","150","24.3","39.6","80","83","75","112","168","--","96.5","188","140","617","5321","11.0","לא","--:--:--","11","15.0","01:19:15","01:22:13","'-20","16"
אופניים,2018-12-10 05:26:57,false,"רכיבה על אופנייים","31.60","957","01:45:32","--","--","18.0","42.1","100","98","--","--","--","--","0.0","--","--","--","--","9.0","לא","--:--:--","1","15.0","01:31:04","01:45:32","'-21","12"
אופניים,2018-12-09 04:38:19,false,"רכיבה על אופנייים","35.83","656","01:40:18","--","--","21.4","38.8","177","175","71","94","151","--","94.6","154","135","691","5836","9.0","לא","--:--:--","1","15.0","01:37:45","01:40:18","'-56","'-2"
אופניים,2018-12-05 05:02:29,false,"רכיבה על אופנייים","53.62","920","02:00:40","119","163","26.7","44.0","277","290","78","111","184","--","169.0","197","156","706","7666","12.0","לא","--:--:--","3","18.0","01:57:55","02:11:41","'-11","48"
אופניים,2018-12-04 06:07:08,false,"רכיבה על אופנייים","44.88","938","01:37:50","128","163","27.5","47.5","94","95","80","110","231","--","217.1","230","178","1,077","7108","13.0","לא","--:--:--","4","17.0","01:37:50","01:37:51","'-11","28"
אופניים,2018-12-03 04:34:18,false,"רכיבה על אופנייים","54.30","1,070","02:03:58","117","161","26.3","42.4","126","163","83","152","185","--","175.5","174","169","885","8821","9.0","לא","--:--:--","13","20.0","02:02:21","02:03:58","20","52"
אופניים,2018-12-01 07:05:44,false,"רכיבה על אופנייים","110.88","2,119","03:58:20","125","170","27.9","69.5","1,132","1,129","85","123","198","--","387.4","235","192","809","15775","11.0","לא","--:--:--","12","18.0","03:44:02","03:58:20","172","422"
אופניים,2018-11-28 04:41:09,false,"רכיבה על אופנייים","52.45","1,006","01:57:31","118","162","26.8","44.3","59","97","83","120","195","--","185.3","205","163","721","8700","7.0","לא","--:--:--","16","18.0","01:56:10","01:57:31","'-23","17"
אופניים,2018-11-27 04:34:42,false,"רכיבה על אופנייים","43.58","859","01:48:30","110","155","24.1","39.8","454","456","74","106","194","--","170.0","183","165","602","6480","10.0","לא","--:--:--","1","19.0","01:48:09","01:48:30","11","49"
אופניים,2018-11-26 04:19:59,false,"רכיבה על אופנייים","65.09","1,254","02:31:08","114","163","25.8","41.3","97","110","76","148","181","--","206.4","229","161","634","9981","10.0","לא","--:--:--","14","19.0","02:27:43","02:31:08","'-44","'-6"
אופניים,2018-11-24 06:59:30,false,"רכיבה על אופנייים","128.26","2,507","04:13:04","132","157","30.4","64.2","651","671","86","117","205","--","429.8","223","207","728","17469","10.0","לא","--:--:--","18","20.0","03:50:14","04:13:04","27","129"
אופניים,2018-11-22 05:00:29,false,"רכיבה על אופנייים","36.54","585","01:37:55","--","--","22.4","44.2","104","108","79","192","159","--","103.0","138","136","975","6091","14.0","לא","--:--:--","12","18.0","01:35:48","01:37:55","4","36"
אופניים,2018-11-21 04:44:29,false,"רכיבה על אופנייים","54.41","961","02:04:34","114","155","26.2","42.3","85","100","87","133","159","--","130.5","184","150","609","9384","12.0","לא","--:--:--","9","18.0","02:02:22","02:04:34","2","39"
אופניים,2018-11-20 04:32:21,false,"רכיבה על אופנייים","49.18","1,009","01:51:15","117","153","26.5","45.6","505","513","78","135","204","--","192.2","188","183","828","7278","13.0","לא","--:--:--","3","20.0","01:51:10","01:51:15","8","46"
אופניים,2018-11-17 10:06:04,false,"רכיבה על אופנייים","62.06","1,140","02:28:34","111","165","25.1","44.4","153","173","80","147","179","--","197.0","195","163","839","9404","12.0","לא","--:--:--","14","26.0","02:24:10","44:40:21","12","119"
אופניים,2018-11-17 06:50:02,false,"רכיבה על אופנייים","94.90","1,919","03:11:23","133","163","29.8","63.5","853","842","87","122","212","--","357.7","219","211","848","13376","10.0","לא","--:--:--","9","22.0","03:00:23","03:11:23","'-20","278"
אופניים,2018-11-14 04:37:14,false,"רכיבה על אופנייים","63.79","1,180","02:15:29","123","160","28.2","44.8","105","113","81","120","193","--","209.8","217","176","720","9100","12.0","לא","--:--:--","11","20.0","02:08:20","02:15:29","49","89"
אופניים,2018-11-10 06:57:49,false,"רכיבה על אופנייים","66.24","1,703","02:58:24","130","162","22.3","77.5","1,499","1,120","83","129","214","--","338.3","250","220","679","10826","14.0","לא","--:--:--","2","21.0","02:44:32","02:58:24","121","771"
אופניים,2018-11-09 07:15:07,false,"רכיבה על אופנייים","47.55","816","01:57:46","116","160","24.2","40.0","83","90","90","195","151","--","111.5","170","149","594","8318","15.0","לא","--:--:--","11","27.0","01:47:56","01:57:46","11","47"
אופניים,2018-11-08 04:52:32,false,"רכיבה על אופנייים","47.17","904","01:57:22","110","157","24.1","43.2","428","433","79","123","196","--","187.1","180","171","772","7023","11.0","לא","--:--:--","1","23.0","01:51:50","01:57:22","'-1","37"
אופניים,2018-11-07 04:32:49,false,"רכיבה על אופנייים","55.85","1,050","02:17:18","110","156","24.4","41.4","157","167","85","178","177","--","179.3","183","160","817","9491","12.0","לא","--:--:--","13","22.0","02:13:54","02:17:18","'-10","26"
אופניים,2018-11-03 06:48:43,false,"רכיבה על אופנייים","92.60","1,651","03:27:44","123","167","26.7","71.3","712","727","92","134","192","--","317.2","224","196","810","12955","14.0","לא","--:--:--","5","29.0","02:55:18","03:27:44","50","281"
אופניים,2018-11-02 06:29:21,false,"רכיבה על אופנייים","50.74","1,141","02:23:36","120","153","21.2","48.4","302","330","--","--","--","--","0.0","--","--","--","--","10.0","לא","--:--:--","1","25.0","02:18:42","02:23:36","'-17","143"
אופניים,2018-11-01 04:38:02,false,"רכיבה על אופנייים","46.32","954","01:51:21","118","152","25.0","47.9","403","423","77","116","191","--","167.8","201","180","588","6908","17.0","לא","--:--:--","2","22.0","01:45:02","01:51:21","'-13","27"
אופניים,2018-10-31 04:42:24,false,"רכיבה על אופנייים","51.65","907","02:08:44","110","154","24.1","44.1","134","155","83","163","165","--","145.4","161","152","793","8538","8.0","לא","--:--:--","15","23.0","02:05:49","02:08:44","'-9","29"
אופניים,2018-10-30 05:26:36,false,"רכיבה על אופנייים","72.91","1,143","02:31:32","117","162","28.9","47.2","108","127","72","111","60","--","1.2","11","59","536","263","8.0","לא","--:--:--","3","22.0","02:27:27","02:31:32","13","64"
אופניים,2018-10-27 06:44:03,false,"רכיבה על אופנייים","66.72","2,137","03:50:37","125","167","17.4","76.8","2,045","2,001","67","128","210","--","393.0","257","215","590","10903","9.0","לא","--:--:--","14","30.0","03:30:56","04:20:32","193","682"
אופניים,2018-10-25 04:51:17,false,"רכיבה על אופנייים","48.73","822","01:58:54","108","146","24.6","38.3","147","138","78","124","165","--","134.6","184","149","889","7422","17.0","לא","--:--:--","6","24.0","01:55:38","01:58:54","64","102"
אופניים,2018-10-24 04:43:09,false,"רכיבה על אופנייים","46.71","808","02:00:26","111","166","23.3","44.0","61","90","87","171","162","--","125.1","189","145","648","8071","17.0","לא","--:--:--","10","24.0","01:46:12","02:00:26","33","73"
אופניים,2018-10-23 04:45:41,false,"רכיבה על אופנייים","49.34","833","02:07:42","109","137","23.2","35.8","134","141","86","136","170","--","153.1","148","146","836","8354","16.0","לא","--:--:--","3","24.0","02:01:54","02:07:42","31","65"
אופניים,2018-10-22 04:54:05,false,"רכיבה על אופנייים","46.96","833","01:51:59","112","146","25.2","41.6","126","122","86","151","156","--","112.8","164","144","568","8363","15.0","לא","--:--:--","12","24.0","01:46:25","01:52:01","2","38"
אופניים,2018-10-20 06:56:17,false,"רכיבה על אופנייים","89.64","1,417","03:20:35","--","--","26.8","65.8","828","836","86","122","180","--","268.1","244","169","733","12147","17.0","לא","--:--:--","1","26.0","02:59:15","03:20:35","37","504"
אופניים,2018-10-17 04:43:19,false,"רכיבה על אופנייים","54.89","919","02:13:39","111","157","24.6","41.3","145","145","85","172","160","--","141.7","155","147","870","9054","16.0","לא","--:--:--","16","23.0","02:10:39","02:13:42","7","45"
אופניים,2018-10-16 04:45:15,false,"רכיבה על אופנייים","58.71","864","02:10:08","113","156","27.1","41.7","156","166","--","--","--","--","0.0","--","--","--","--","15.0","לא","--:--:--","6","24.0","02:07:39","02:10:08","'-9","27"
אופניים,2018-10-12 06:27:42,false,"רכיבה על אופנייים","37.41","973","02:09:05","118","153","17.4","35.8","204","175","--","--","--","--","0.0","--","--","--","--","15.0","לא","--:--:--","1","28.0","01:48:57","02:11:31","12","109"
אופניים,2018-09-29 06:07:20,false,"רכיבה על אופנייים","99.00","2,119","05:06:12","114","151","19.4","66.0","2,084","2,088","--","--","--","--","0.0","--","--","--","--","12.0","לא","--:--:--","4","38.0","04:48:56","05:06:12","105","817"
אופניים,2018-09-27 05:12:40,false,"רכיבה על אופנייים","48.89","779","02:03:08","106","162","23.8","43.2","141","149","--","--","--","--","0.0","--","--","--","--","17.0","לא","--:--:--","1","24.0","01:54:29","02:03:08","3","34"
אופניים,2018-09-26 04:23:59,false,"רכיבה על אופנייים","64.30","995","02:20:39","114","165","27.4","44.2","149","160","--","--","--","--","0.0","--","--","--","--","18.0","לא","--:--:--","3","26.0","02:19:08","02:20:39","'-36","2"
אופניים,2018-09-25 05:17:08,false,"רכיבה על אופנייים","47.15","611","02:03:47","97","135","22.9","40.5","136","153","--","--","--","--","0.0","--","--","--","--","19.0","לא","--:--:--","5","26.0","01:57:23","02:03:47","13","46"
אופניים,2018-09-22 06:15:12,false,"רכיבה על אופנייים","79.14","1,765","05:04:41","104","150","15.6","75.4","1,640","1,649","--","--","--","--","0.0","--","--","--","--","14.0","לא","--:--:--","2","31.0","03:57:36","05:04:41","124","749"
אופניים,2018-09-21 07:18:54,false,"רכיבה על אופנייים","31.00","532","01:07:57","118","156","27.4","44.3","58","33","--","--","--","--","0.0","--","--","--","--","19.0","לא","--:--:--","4","25.0","01:06:55","01:07:57","0","39"
אופניים,2018-09-19 05:44:33,false,"רכיבה על אופנייים","165.71","2,710","05:50:35","124","158","28.4","55.8","827","841","--","--","--","--","0.0","--","--","--","--","18.0","לא","--:--:--","3","33.0","05:42:46","07:48:34","'-21","169"
אופניים,2018-09-17 05:07:56,false,"רכיבה על אופנייים","35.65","470","01:29:20","97","125","23.9","34.8","77","82","--","--","--","--","0.0","--","--","--","--","19.0","לא","--:--:--","1","28.0","01:23:52","01:29:20","27","61"
אופניים,2018-09-15 06:15:29,false,"רכיבה על אופנייים","89.34","1,797","04:28:23","112","166","20.0","71.2","1,877","1,866","--","--","--","--","0.0","--","--","--","--","14.0","לא","--:--:--","7","29.0","04:13:57","04:28:23","131","857"
אופניים,2018-09-14 05:44:56,false,"רכיבה על אופנייים","68.81","982","02:36:30","111","164","26.4","46.5","229","236","--","--","--","--","0.0","--","--","--","--","20.0","לא","--:--:--","3","26.0","02:24:03","02:36:30","41","96"
אופניים,2018-09-13 05:10:29,false,"רכיבה על אופנייים","39.83","592","01:40:26","104","157","23.8","44.1","121","138","--","--","--","--","0.0","--","--","--","--","21.0","לא","--:--:--","6","26.0","01:38:43","01:40:26","6","102"
אופניים,2018-09-11 06:17:44,false,"רכיבה על אופנייים","95.77","2,004","03:58:27","127","166","24.1","74.0","1,429","1,439","--","--","--","--","0.0","--","--","--","--","14.0","לא","--:--:--","3","31.0","03:41:04","03:58:27","53","723"
אופניים,2018-09-08 06:11:26,false,"רכיבה על אופנייים","83.89","2,019","03:53:51","129","168","21.5","65.9","1,546","1,547","--","--","--","--","0.0","--","--","--","--","16.0","לא","--:--:--","3","30.0","03:17:35","03:53:51","121","731"
אופניים,2018-09-06 04:53:35,false,"רכיבה על אופנייים","48.30","751","02:01:37","108","164","23.8","45.8","138","145","--","--","--","--","0.0","--","--","--","--","21.0","לא","--:--:--","3","27.0","01:57:06","02:01:37","25","59"
אופניים,2018-09-05 04:55:03,false,"רכיבה על אופנייים","54.74","796","02:03:15","110","157","26.6","46.5","80","93","--","--","--","--","0.0","--","--","--","--","19.0","לא","--:--:--","2","27.0","02:01:43","02:03:15","5","75"
אופניים,2018-09-04 04:53:26,false,"רכיבה על אופנייים","49.18","736","02:01:05","109","160","24.4","41.9","121","140","--","--","--","--","0.0","--","--","--","--","21.0","לא","--:--:--","4","27.0","01:53:37","02:01:05","12","66"
אופניים,2018-09-03 05:00:33,false,"רכיבה על אופנייים","43.88","698","01:52:25","108","142","23.4","38.6","138","136","--","--","--","--","0.0","--","--","--","--","23.0","לא","--:--:--","4","31.0","01:47:31","01:52:25","1","83"
אופניים,2018-09-01 06:52:36,false,"רכיבה על אופנייים","83.80","1,935","03:47:39","126","172","22.1","68.9","1,542","1,538","--","--","--","--","0.0","--","--","--","--","19.0","לא","--:--:--","2","31.0","03:31:02","03:47:41","95","699"
אופניים,2018-08-27 06:57:13,false,"Helsingborg רכיבה על אופנייים","31.26","925","07:03:35","--","--","4.4","43.2","122","104","--","--","--","--","0.0","--","--","--","--","10.0","לא","--:--:--","1","18.0","01:59:06","07:03:35","36","91"
אופניים,2018-08-25 06:53:44,false,"Helsingborg רכיבה על אופנייים","86.04","3,094","03:27:00","--","--","24.9","45.5","370","377","--","--","--","--","0.0","--","--","--","--","9.0","לא","--:--:--","1","17.0","03:14:14","03:27:00","5","169"
אופניים,2018-08-21 18:05:43,false,"Helsingborg רכיבה על אופנייים","49.57","1,808","02:00:35","--","--","24.7","47.2","177","177","--","--","--","--","0.0","--","--","--","--","13.0","לא","--:--:--","1","19.0","01:52:29","02:10:52","'-6","41"
אופניים,2018-08-18 06:14:53,false,"Helsingborg רכיבה על אופנייים","48.62","1,509","01:55:50","--","--","25.2","36.3","83","90","--","--","--","--","0.0","--","--","--","--","9.0","לא","--:--:--","1","14.0","01:55:38","01:55:50","2","19"
אופניים,2018-08-16 06:15:17,false,"Helsingborg רכיבה על אופנייים","48.58","1,509","02:01:42","--","--","24.0","34.5","50","53","--","--","--","--","0.0","--","--","--","--","14.0","לא","--:--:--","3","18.0","02:01:31","02:01:42","'-16","11"
אופניים,2018-08-15 19:13:53,false,"Helsingborg רכיבה על אופנייים","35.23","1,240","01:11:25","--","--","29.6","45.3","37","39","--","--","--","--","0.0","--","--","--","--","16.0","לא","--:--:--","1","20.0","01:11:14","01:11:25","7","24"
אופניים,2018-08-13 05:23:21,false,"רכיבה על אופנייים","48.11","865","01:51:15","120","165","25.9","49.5","90","97","--","--","--","--","0.0","--","--","--","--","22.0","לא","--:--:--","15","26.0","01:46:49","01:51:15","10","78"
אופניים,2018-08-11 06:07:51,false,"רכיבה על אופנייים","82.86","1,874","03:59:38","124","161","20.7","70.9","1,839","1,846","--","--","--","--","0.0","--","--","--","--","16.0","לא","--:--:--","1","31.0","03:46:42","03:59:42","122","841"
אופניים,2018-08-08 05:26:11,false,"רכיבה על אופנייים","48.95","858","01:46:28","117","165","27.6","48.3","59","86","--","--","--","--","0.0","--","--","--","--","23.0","לא","--:--:--","6","26.0","01:41:58","01:46:28","'-10","73"
אופניים,2018-08-07 05:37:54,false,"רכיבה על אופנייים","46.88","747","01:45:55","115","167","26.6","49.7","82","83","--","--","--","--","0.0","--","--","--","--","22.0","לא","--:--:--","16","26.0","01:43:36","01:45:55","9","77"
אופניים,2018-08-06 05:35:07,false,"רכיבה על אופנייים","40.43","784","01:25:43","124","161","28.3","46.6","69","73","--","--","--","--","0.0","--","--","--","--","21.0","לא","--:--:--","2","26.0","01:21:12","01:25:43","20","55"
אופניים,2018-08-04 06:25:28,false,"רכיבה על אופנייים","93.70","1,632","03:19:26","125","169","28.2","62.4","713","722","--","--","--","--","0.0","--","--","--","--","21.0","לא","--:--:--","1","28.0","02:56:02","03:19:27","60","291"
אופניים,2018-07-31 05:30:15,false,"רכיבה על אופנייים","47.08","745","01:45:51","110","147","26.7","40.9","104","119","--","--","--","--","0.0","--","--","--","--","21.0","לא","--:--:--","7","26.0","01:43:59","01:45:51","10","62"
אופניים,2018-07-30 05:17:06,false,"רכיבה על אופנייים","60.73","878","02:02:52","115","148","29.7","44.8","95","101","--","--","--","--","0.0","--","--","--","--","21.0","לא","--:--:--","2","26.0","01:59:35","02:02:52","48","82"
אופניים,2018-07-28 06:33:26,false,"רכיבה על אופנייים","105.78","1,558","03:30:33","122","162","30.1","59.9","776","764","--","--","--","--","0.0","--","--","--","--","21.0","לא","--:--:--","2","34.0","03:20:00","03:30:33","36","278"
אופניים,2018-07-25 05:15:22,false,"רכיבה על אופנייים","41.12","727","01:28:36","119","152","27.8","45.5","298","292","--","--","--","--","0.0","--","--","--","--","21.0","לא","--:--:--","6","26.0","01:26:43","01:28:38","29","97"
אופניים,2018-07-24 05:33:02,false,"רכיבה על אופנייים","33.99","522","01:26:06","106","147","23.7","46.2","154","155","--","--","--","--","0.0","--","--","--","--","21.0","לא","--:--:--","1","26.0","01:23:36","01:26:06","7","77"
אופניים,2018-07-23 06:30:41,false,"רכיבה על אופנייים","61.47","1,318","02:11:49","133","168","28.0","52.3","95","97","--","--","--","--","0.0","--","--","--","--","22.0","לא","--:--:--","4","31.0","01:53:12","02:11:49","'-59","10"
אופניים,2018-07-20 05:52:46,false,"רכיבה על אופנייים","46.50","903","02:39:06","101","165","17.5","41.8","144","148","--","--","--","--","0.0","--","--","--","--","20.0","לא","--:--:--","1","27.0","02:23:39","02:39:06","'-9","27"
אופניים,2018-07-19 05:12:58,false,"רכיבה על אופנייים","55.23","965","01:57:13","121","160","28.3","42.2","73","87","--","--","--","--","0.0","--","--","--","--","20.0","לא","--:--:--","8","26.0","01:55:43","01:57:13","8","66"
אופניים,2018-07-18 06:38:28,false,"רכיבה על אופנייים","46.19","1,053","01:37:19","138","169","28.5","52.1","65","66","--","--","--","--","0.0","--","--","--","--","22.0","לא","--:--:--","6","25.0","01:23:32","01:37:19","'-3","14"
אופניים,2018-07-14 05:48:24,false,"רכיבה על אופנייים","62.93","1,758","03:38:39","121","154","17.3","43.9","91","85","--","--","--","--","0.0","--","--","--","--","23.0","לא","--:--:--","5","27.0","02:30:52","10:17:27","23","76"
אופניים,2018-07-13 05:53:49,false,"רכיבה על אופנייים","48.74","950","02:03:37","121","164","23.7","42.3","81","86","--","--","--","--","0.0","--","--","--","--","21.0","לא","--:--:--","1","27.0","01:47:52","02:03:37","6","100"
אופניים,2018-07-11 04:59:12,false,"רכיבה על אופנייים","60.52","1,169","02:11:39","126","165","27.6","47.1","136","150","--","--","--","--","0.0","--","--","--","--","21.0","לא","--:--:--","9","26.0","02:05:18","02:11:39","15","70"
אופניים,2018-07-10 05:08:24,false,"רכיבה על אופנייים","54.62","941","02:00:14","118","165","27.3","43.3","85","98","--","--","--","--","0.0","--","--","--","--","20.0","לא","--:--:--","1","26.0","01:57:26","02:00:14","12","50"
אופניים,2018-07-09 05:19:43,false,"רכיבה על אופנייים","57.89","1,105","01:56:47","129","166","29.7","48.4","85","100","--","--","--","--","0.0","--","--","--","--","20.0","לא","--:--:--","2","25.0","01:53:29","01:56:47","'-4","75"
אופניים,2018-07-07 05:48:50,false,"רכיבה על אופנייים","46.01","859","01:41:35","123","148","27.2","39.6","73","83","--","--","--","--","0.0","--","--","--","--","22.0","לא","--:--:--","2","26.0","01:36:12","01:41:35","1","102"
אופניים,2018-06-30 06:40:15,false,"רכיבה על אופנייים","104.37","2,102","03:29:04","140","170","30.0","70.4","1,238","1,248","--","--","--","--","0.0","--","--","--","--","16.0","לא","--:--:--","3","29.0","03:04:15","03:29:04","179","351"
אופניים,2018-06-27 04:52:33,false,"רכיבה על אופנייים","46.06","801","01:53:35","114","160","24.3","123.5","92","98","--","--","--","--","0.0","--","--","--","--","17.0","לא","--:--:--","11","25.0","01:45:21","01:53:35","19","68"
אופניים,2018-06-26 04:58:04,false,"רכיבה על אופנייים","39.07","713","01:46:11","111","159","22.1","40.5","81","81","--","--","--","--","0.0","--","--","--","--","19.0","לא","--:--:--","7","25.0","01:28:10","01:46:11","114","150"
אופניים,2018-06-21 05:08:54,false,"רכיבה על אופנייים","42.36","1,382","01:41:29","--","--","25.0","52.9","109","115","--","--","--","--","0.0","--","--","--","--","20.0","לא","--:--:--","17","25.0","01:36:21","01:41:53","'-12","29"
אופניים,2018-06-19 04:54:26,false,"רכיבה על אופנייים","50.60","1,018","01:46:53","128","164","28.4","46.6","124","118","--","--","--","--","0.0","--","--","--","--","20.0","לא","--:--:--","5","25.0","01:43:51","01:46:53","'-5","54"
אופניים,2018-06-18 05:32:33,false,"רכיבה על אופנייים","30.34","1,009","01:14:49","--","--","24.3","42.1","78","76","--","--","--","--","0.0","--","--","--","--","18.0","לא","--:--:--","1","24.0","01:12:53","01:14:49","1","71"
אופניים,2018-06-16 06:17:50,false,"רכיבה על אופנייים","78.24","1,767","03:41:00","129","165","21.2","61.5","911","939","--","--","--","--","0.0","--","--","--","--","15.0","לא","--:--:--","5","39.0","02:49:16","03:41:00","180","351"
אופניים,2018-06-14 04:52:36,false,"רכיבה על אופנייים","48.56","743","01:53:09","112","160","25.8","50.4","109","119","--","--","--","--","0.0","--","--","--","--","18.0","לא","--:--:--","20","24.0","01:48:37","01:53:09","'-6","63"
אופניים,2018-06-13 05:00:03,false,"רכיבה על אופנייים","49.06","788","01:44:32","116","158","28.2","43.1","114","115","--","--","--","--","0.0","--","--","--","--","19.0","לא","--:--:--","2","24.0","01:41:12","01:44:32","'-4","84"
אופניים,2018-06-12 05:06:52,false,"רכיבה על אופנייים","45.71","764","01:39:21","118","164","27.6","51.4","97","101","--","--","--","--","0.0","--","--","--","--","19.0","לא","--:--:--","16","24.0","01:36:11","01:39:21","'-6","121"
אופניים,2018-06-11 05:02:45,false,"רכיבה על אופנייים","42.66","680","01:40:55","109","153","25.4","40.6","123","123","--","--","--","--","0.0","--","--","--","--","19.0","לא","--:--:--","2","25.0","01:34:50","01:40:55","54","92"
אופניים,2018-06-09 06:34:58,false,"רכיבה על אופנייים","83.13","1,611","03:10:52","125","168","26.1","64.1","1,052","1,062","--","--","--","--","0.0","--","--","--","--","15.0","לא","--:--:--","7","31.0","02:57:42","03:10:52","180","353"
אופניים,2018-06-07 05:14:30,false,"רכיבה על אופנייים","42.25","820","01:25:27","127","169","29.7","45.4","66","77","--","--","--","--","0.0","--","--","--","--","19.0","לא","--:--:--","7","24.0","01:22:47","01:25:27","'-30","6"
אופניים,2018-06-06 05:02:16,false,"רכיבה על אופנייים","42.89","739","01:33:32","118","163","27.5","45.0","77","86","--","--","--","--","0.0","--","--","--","--","16.0","לא","--:--:--","10","23.0","01:30:41","01:33:32","'-27","17"
אופניים,2018-06-05 04:50:56,false,"רכיבה על אופנייים","49.11","865","01:52:38","119","162","26.2","45.4","127","152","--","--","--","--","0.0","--","--","--","--","18.0","לא","--:--:--","9","22.0","01:48:34","01:52:38","'-46","'-10"
אופניים,2018-06-04 05:19:03,false,"רכיבה על אופנייים","38.28","565","01:23:40","115","162","27.5","47.7","52","82","--","--","--","--","0.0","--","--","--","--","18.0","לא","--:--:--","16","23.0","01:22:23","01:23:40","'-64","78"
אופניים,2018-06-02 10:28:46,false,"רכיבה על אופנייים","56.92","1,255","02:09:54","138","173","26.3","53.8","178","182","--","--","--","--","0.0","--","--","--","--","23.0","לא","--:--:--","3","33.0","01:39:26","02:09:54","35","52"
אופניים,2018-05-30 17:51:01,false,"רכיבה על אופנייים","54.16","973","02:15:44","120","165","23.9","54.5","379","358","--","--","--","--","0.0","--","--","--","--","20.0","לא","--:--:--","8","25.0","01:52:48","02:15:44","124","156"
אופניים,2018-05-29 04:34:49,false,"רכיבה על אופנייים","59.49","910","02:12:28","117","160","26.9","43.3","164","174","--","--","--","--","0.0","--","--","--","--","20.0","לא","--:--:--","10","24.0","02:10:16","02:12:28","4","44"
אופניים,2018-05-28 05:09:40,false,"רכיבה על אופנייים","37.66","530","01:35:53","107","157","23.6","53.2","85","81","--","--","--","--","0.0","--","--","--","--","20.0","לא","--:--:--","17","23.0","01:32:13","01:35:53","16","51"
אופניים,2018-05-26 06:29:23,false,"רכיבה על אופנייים","77.03","1,339","03:04:44","123","168","25.0","61.7","866","878","--","--","--","--","0.0","--","--","--","--","19.0","לא","--:--:--","2","28.0","02:32:53","03:04:44","61","225"
אופניים,2018-05-20 06:52:24,false,"רכיבה על אופנייים","66.72","1,227","02:08:31","138","167","31.1","64.9","497","512","--","--","--","--","0.0","--","--","--","--","21.0","לא","--:--:--","3","26.0","01:58:20","02:08:31","42","227"
אופניים,2018-05-19 06:01:57,false,"רכיבה על אופנייים","83.62","1,618","03:04:25","134","171","27.2","66.4","1,012","1,016","--","--","--","--","0.0","--","--","--","--","16.0","לא","--:--:--","11","30.0","02:51:26","03:04:25","153","377"
אופניים,2018-05-16 05:03:00,false,"רכיבה על אופנייים","49.75","776","01:44:03","120","162","28.7","47.0","125","128","--","--","--","--","0.0","--","--","--","--","13.0","לא","--:--:--","7","20.0","01:42:36","01:44:16","'-9","28"
אופניים,2018-05-14 05:09:12,false,"רכיבה על אופנייים","45.40","858","01:37:49","127","164","27.8","41.4","79","85","--","--","--","--","0.0","--","--","--","--","15.0","לא","--:--:--","4","21.0","01:33:15","01:37:49","1","35"
אופניים,2018-05-12 07:11:13,false,"רכיבה על אופנייים","80.05","1,386","02:55:56","126","163","27.3","60.5","974","968","--","--","--","--","0.0","--","--","--","--","14.0","לא","--:--:--","3","24.0","02:48:42","02:55:56","141","317"
אופניים,2018-05-04 12:47:32,false,"רכיבה על אופנייים","79.95","1,412","04:09:12","122","162","19.2","76.6","1,112","1,044","76","168","161","‎100%‎‏ / שמאל ‏‎0%‎ ‏ ימין","262.1","211","143","552","12628","18.0","לא","--:--:--","3","30.0","03:38:54","26:18:10","11","808"
אופניים,2018-05-03 05:58:52,false,"רכיבה על אופנייים","51.68","579","02:05:55","122","167","24.6","47.8","120","128","81","105","101","‎100%‎‏ / שמאל ‏‎0%‎ ‏ ימין","53.0","115","95","327","8343","16.0","לא","--:--:--","2","22.0","01:56:19","25:14:20","36","92"
אופניים,2018-05-01 05:11:38,false,"רכיבה על אופנייים","42.29","372","01:37:50","112","154","25.9","42.7","85","91","77","107","89","‎100%‎‏ / שמאל ‏‎0%‎ ‏ ימין","31.8","105","79","318","6194","16.0","לא","--:--:--","3","20.0","01:32:00","01:37:50","57","94"
אופניים,2018-04-30 05:12:56,false,"רכיבה על אופנייים","41.14","614","01:35:15","115","150","25.9","49.7","95","95","82","158","166","‎100%‎‏ / שמאל ‏‎0%‎ ‏ ימין","108.5","165","127","786","6748","13.0","לא","--:--:--","9","21.0","01:32:49","01:35:15","26","62"
אופניים,2018-04-27 05:35:27,false,"רכיבה על אופנייים","127.40","2,181","05:26:40","134","163","23.4","81.1","2,438","2,507","83","147","170","‎100%‎‏ / שמאל ‏‎0%‎ ‏ ימין","364.6","211","154","893","19040","7.0","לא","--:--:--","8","24.0","04:43:13","05:27:31","182","775"
אופניים,2018-04-23 05:20:49,false,"רכיבה על אופנייים","39.74","792","01:27:30","122","154","27.3","41.8","70","51","81","111","192","--","133.3","206","176","546","6162","9.0","לא","--:--:--","8","12.0","01:22:37","01:27:30","'-16","18"
אופניים,2018-04-21 07:04:01,false,"רכיבה על אופנייים","104.63","1,072","04:03:51","116","166","25.7","62.5","865","860","81","135","116","‎100%‎‏ / שמאל ‏‎0%‎ ‏ ימין","134.5","130","107","622","13779","13.0","לא","--:--:--","5","21.0","03:32:41","04:03:51","'-8","251"
אופניים,2018-04-19 05:35:10,false,"רכיבה על אופנייים","68.66","1,478","03:18:01","124","163","20.8","78.7","1,665","1,640","72","126","182","‎100%‎‏ / שמאל ‏‎0%‎ ‏ ימין","271.8","258","162","659","11193","12.0","לא","--:--:--","12","21.0","03:12:09","03:26:57","107","673"
אופניים,2018-04-18 05:18:28,false,"רכיבה על אופנייים","39.30","528","01:32:02","110","153","25.6","42.6","77","88","78","116","139","‎100%‎‏ / שמאל ‏‎0%‎ ‏ ימין","73.2","169","117","396","6051","10.0","לא","--:--:--","10","19.0","01:26:34","01:32:02","'-13","24"
אופניים,2018-04-17 05:02:02,false,"רכיבה על אופנייים","43.07","780","01:41:41","114","161","25.4","44.2","112","113","78","103","167","--","116.9","208","154","666","6633","11.0","לא","--:--:--","4","19.0","01:35:21","01:41:41","'-52","'-16"
אופניים,2018-04-16 05:06:16,false,"רכיבה על אופנייים","45.10","793","01:39:21","--","--","27.2","49.0","79","90","81","111","186","--","142.7","194","157","674","6872","13.0","לא","--:--:--","10","19.0","01:36:40","01:39:21","'-3","36"
אופניים,2018-04-14 07:00:43,false,"רכיבה על אופנייים","114.95","1,837","03:50:20","131","168","29.9","59.6","906","912","89","148","189","‎100%‎‏ / שמאל ‏‎0%‎ ‏ ימין","338.3","219","177","1,802","15659","11.0","לא","--:--:--","9","28.0","03:30:42","03:50:20","51","360"
אופניים,2018-04-13 06:39:14,false,"רכיבה על אופנייים","62.11","1,263","02:47:53","121","160","22.2","39.4","229","233","--","--","--","--","0.0","--","--","--","--","9.0","לא","--:--:--","1","21.0","02:45:44","02:47:53","6","79"
אופניים,2018-04-11 05:28:02,false,"רכיבה על אופנייים","33.87","645","01:16:14","124","166","26.7","50.0","82","83","77","107","123","--","16.3","108","118","388","1636","12.0","לא","--:--:--","6","17.0","01:12:29","01:16:14","15","51"
אופניים,2018-04-07 06:57:36,false,"דינמו כרמל","126.34","2,167","04:44:01","120","162","26.7","68.2","1,288","1,303","84","128","186","--","394.0","232","179","687","17029","14.0","לא","--:--:--","1","25.0","04:18:06","04:44:02","'-4","511"
אופניים,2018-04-06 06:57:51,false,"רכיבה על אופנייים","33.68","939","01:43:25","--","--","19.5","32.5","99","102","--","--","--","--","0.0","--","--","--","--","10.0","לא","--:--:--","2","16.0","01:42:36","01:43:25","26","63"
אופניים,2018-04-05 10:22:40,false,"איגודן 2018","61.79","2,355","01:44:10","--","--","35.6","52.6","196","193","--","--","--","--","0.0","--","--","--","--","22.0","לא","--:--:--","4","25.0","01:34:00","01:44:10","15","28"
אופניים,2018-04-02 06:15:36,false,"רשץ","41.77","692","01:36:03","119","158","26.1","46.7","79","88","88","140","175","--","121.8","174","145","941","7116","11.0","לא","--:--:--","9","19.0","01:31:25","01:36:04","20","58"
אופניים,2018-03-29 05:46:14,false,"אימון סלד. גרמין לא הראה ואטים","39.81","384","01:41:28","111","143","23.5","36.3","73","91","84","150","82","‎100%‎‏ / שמאל ‏‎0%‎ ‏ ימין","28.5","86","77","459","7375","13.0","לא","--:--:--","12","18.0","01:39:33","01:41:28","'-15","35"
אופניים,2018-03-28 16:54:55,false,"שעתים רשץ במקום שוהם","63.74","1,238","02:01:11","138","169","31.6","45.3","100","76","--","--","--","--","0.0","--","--","--","--","23.0","לא","--:--:--","4","27.0","02:00:07","02:01:12","5","48"
אופניים,2018-03-26 05:34:47,false,"אינטרולים רשץ","40.38","697","01:35:50","120","161","25.3","50.2","120","105","80","118","227","--","205.3","185","153","964","6294","6.0","לא","--:--:--","22","16.0","01:34:02","01:35:50","82","121"
אופניים,2018-03-24 05:50:27,false,"גרןפונדו שלא היה","42.53","843","01:46:40","124","155","23.9","43.7","134","126","84","143","183","‎100%‎‏ / שמאל ‏‎0%‎ ‏ ימין","130.0","200","180","885","6270","16.0","לא","--:--:--","3","25.0","01:31:54","05:08:27","'-452","158"
אופניים,2018-03-21 18:09:59,false,"שוהם","34.30","554","01:17:06","117","166","26.7","54.4","219","216","--","--","--","--","0.0","--","--","--","--","15.0","לא","--:--:--","3","19.0","01:14:22","01:17:07","94","123"
אופניים,2018-03-19 05:18:20,false,"רכיבה על אופנייים","30.86","511","01:14:37","122","162","24.8","49.9","83","102","86","156","228","--","160.1","152","146","922","5279","7.0","לא","--:--:--","18","17.0","01:10:37","01:14:37","53","84"
אופניים,2018-03-17 07:03:44,false,"עם תומר tacc מצדה","66.76","1,452","03:08:36","120","161","21.2","71.2","1,158","1,170","79","134","196","--","294.7","229","202","834","9611","10.0","לא","--:--:--","6","21.0","02:40:16","03:08:36","'-45","599"
אופניים,2018-03-16 07:34:19,false,"מרוץ עין השופט","58.83","1,221","02:09:40","139","169","27.2","62.8","708","729","91","201","229","--","260.2","215","217","745","8459","11.0","לא","--:--:--","7","17.0","01:49:11","02:09:41","183","247"
אופניים,2018-03-14 18:15:36,false,"שוהם סימולציה","43.03","767","01:41:40","128","169","25.4","52.4","262","262","79","135","219","--","201.5","186","194","961","5310","12.0","לא","--:--:--","7","15.0","01:31:09","01:41:41","95","125"
אופניים,2018-03-12 05:11:08,false,"רכיבה על אופנייים","37.81","627","01:36:20","111","157","23.5","48.9","97","89","75","112","219","--","190.9","158","140","766","5903","7.0","לא","--:--:--","24","17.0","01:35:30","01:36:20","19","58"
אופניים,2018-03-10 11:05:54,false,"מרוץ שוהם","90.08","1,614","03:02:00","136","161","29.7","56.4","582","577","92","160","201","--","296.5","214","231","894","10834","17.0","לא","--:--:--","5","24.0","02:39:42","03:02:00","91","129"
אופניים,2018-03-08 05:21:15,false,"רכיבה על אופנייים","30.61","430","01:31:59","--","--","20.0","35.6","79","57","80","145","126","‎100%‎‏ / שמאל ‏‎0%‎ ‏ ימין","58.8","150","111","494","5267","9.0","לא","--:--:--","8","16.0","01:19:38","01:31:59","31","70"
אופניים,2018-03-07 18:05:06,false,"רכיבה על אופנייים","52.60","920","01:57:55","130","167","26.8","53.8","355","357","84","140","216","--","227.6","216","222","932","6002","14.0","לא","--:--:--","10","18.0","01:46:10","01:57:55","84","113"
אופניים,2018-03-05 04:52:24,false,"רכיבה על אופנייים","41.60","593","01:53:36","105","167","22.0","51.2","98","104","72","103","170","‎100%‎‏ / שמאל ‏‎0%‎ ‏ ימין","124.9","143","118","670","6046","8.0","לא","--:--:--","18","17.0","01:44:33","01:54:42","59","100"
אופניים,2018-03-03 05:57:08,false,"שבת עליה לרמת הגולן. גרמין כבה באמצע","43.39","1,540","02:45:30","117","149","15.7","48.2","1,219","716","67","110","196","--","263.9","226","192","451","9099","7.0","לא","--:--:--","4","18.0","02:37:22","02:45:30","'-195","360"
אופניים,2018-03-02 10:56:15,false,"מרוץ אריאל שרון. פרו","61.31","966","01:36:57","--","--","37.9","52.2","50","43","93","130","215","--","177.5","195","258","1,053","5789","23.0","לא","--:--:--","4","29.0","01:31:15","01:36:58","19","30"
אופניים,2018-02-28 05:28:20,false,"רכיבה על אופנייים","44.46","798","01:49:39","119","163","24.3","43.7","91","99","79","114","196","--","173.9","189","155","697","7014","5.0","לא","--:--:--","21","16.0","01:44:11","01:49:39","'-31","4"
אופניים,2018-02-26 16:36:44,false,"רכיבה על אופנייים","47.72","840","02:07:58","111","147","22.4","48.4","234","240","78","122","177","--","166.4","170","174","885","6367","15.0","לא","--:--:--","10","17.0","02:00:44","02:07:58","44","84"
אופניים,2018-02-24 08:00:24,false,"רכיבה על אופנייים","58.45","2,254","03:39:01","--","--","16.0","86.3","2,540","2,351","63","122","211","--","401.6","205","219","537","10988","7.0","לא","--:--:--","16","21.0","03:26:51","03:39:02","200","440"
אופניים,2018-02-21 19:19:02,false,"רכיבה על אופנייים","36.11","719","01:26:47","125","169","25.0","49.5","279","265","80","132","204","--","70.6","159","217","859","2100","13.0","לא","--:--:--","3","15.0","01:19:30","01:27:19","96","147"
אופניים,2018-02-20 05:54:57,false,"רכיבה על אופנייים","41.72","731","01:46:55","109","161","23.4","46.5","68","93","72","100","125","--","26.4","138","114","335","2460","5.0","לא","--:--:--","17","15.0","01:40:45","01:47:46","7","80"
אופניים,2018-02-19 05:03:12,false,"רכיבה על אופנייים","46.14","842","01:51:14","108","135","24.9","37.6","180","217","76","124","175","--","141.3","155","170","904","6390","8.0","לא","--:--:--","7","14.0","01:51:04","01:51:14","71","94"
אופניים,2018-02-16 07:18:17,false,"רכיבה על אופנייים","60.19","1,411","02:45:47","128","168","21.8","47.1","106","114","84","113","185","--","232.9","209","179","776","11106","7.0","לא","--:--:--","7","18.0","01:59:42","02:45:47","0","42"
אופניים,2018-02-15 06:24:07,false,"רכיבה על אופנייים","46.95","906","01:41:34","128","165","27.7","91.5","52","60","83","103","207","--","165.3","199","179","635","6976","7.0","לא","--:--:--","18","14.0","01:37:47","01:42:05","5","30"
אופניים,2018-02-12 06:09:01,false,"רכיבה על אופנייים","36.52","670","01:29:39","115","171","24.4","45.7","109","143","78","124","191","--","135.2","177","164","905","5370","11.0","לא","--:--:--","4","15.0","01:25:50","01:29:39","'-3","39"
אופניים,2018-02-10 12:19:11,false,"יער מגינים","41.90","992","01:33:45","153","168","26.8","70.1","813","807","83","131","226","--","194.9","217","237","868","5858","23.0","לא","--:--:--","3","27.0","01:26:22","01:33:45","198","256"
אופניים,2018-02-07 20:44:21,false,"שוהם","40.34","780","01:24:04","134","168","28.8","53.7","255","262","83","128","211","--","153.8","231","225","859","4841","12.0","לא","--:--:--","4","20.0","01:18:20","01:24:05","102","134"
אופניים,2018-02-06 06:07:06,false,"רכיבה על אופנייים","40.86","699","01:39:56","114","157","24.5","43.7","83","92","76","107","182","--","137.5","169","142","516","6460","9.0","לא","--:--:--","18","15.0","01:36:46","01:39:56","'-15","29"
אופניים,2018-02-05 05:51:02,false,"רכיבה על אופנייים","46.10","883","01:52:42","114","149","24.5","39.6","218","240","76","112","186","--","161.3","170","176","783","6479","3.0","לא","--:--:--","7","15.0","01:49:32","01:52:42","'-30","13"
אופניים,2018-02-03 09:26:45,false,"סתם שעה בראש ציםור בשבת","46.17","894","01:39:06","126","152","28.0","38.2","74","89","78","104","180","--","132.8","202","170","498","6886","6.0","לא","--:--:--","3","12.0","01:37:21","01:39:07","'-53","'-13"
אופניים,2018-02-02 10:52:04,false,"מרוץ גבעת זאב כולל חימום","55.33","1,319","02:17:04","143","166","24.2","71.0","1,215","1,217","82","137","221","--","279.2","217","228","684","7989","9.0","לא","--:--:--","2","16.0","02:02:39","02:17:04","637","716"
אופניים,2018-01-31 20:07:37,false,"שוהם","50.98","968","02:02:36","133","172","24.9","54.4","425","434","81","145","221","--","246.3","228","212","984","6281","9.0","לא","--:--:--","8","12.0","01:49:18","02:02:36","21","41"
אופניים,2018-01-30 06:00:28,false,"רכיבה על אופנייים","42.07","811","01:47:15","118","158","23.5","40.1","246","72","76","102","188","--","156.1","192","160","511","6587","4.0","לא","--:--:--","18","12.0","01:40:29","01:47:15","35","215"
אופניים,2018-01-29 06:18:18,false,"רכיבה על אופנייים","35.81","700","01:33:36","113","165","23.0","43.2","239","236","76","122","193","--","143.9","165","190","804","4822","7.0","לא","--:--:--","4","12.0","01:29:23","01:33:36","'-69","'-32"
אופניים,2018-01-27 08:19:39,false,"TACC גבעת כח","97.40","2,129","03:32:56","132","157","27.4","54.7","1,321","1,260","84","131","193","--","329.2","199","192","503","15874","5.0","לא","--:--:--","22","12.0","03:32:16","03:32:56","132","263"
אופניים,2018-01-22 06:23:10,false,"רכיבה על אופנייים","35.93","668","01:28:23","--","--","24.4","39.1","188","186","77","123","182","--","120.7","168","177","755","5044","9.0","לא","--:--:--","4","14.0","01:26:43","01:28:23","32","69"
אופניים,2018-01-20 08:25:20,false,"מרוץ אורים","94.90","1,451","02:54:03","143","166","32.7","56.5","338","355","87","118","441","‎33%‎‏ / שמאל ‏‎67%‎ ‏ ימין","1,306.9","190","195","6,805","10959","6.0","לא","--:--:--","5","15.0","02:41:45","02:54:03","'-46","38"
אופניים,2018-01-18 19:56:32,false,"סתם ראשציפור","32.75","643","01:17:50","121","157","25.2","43.2","95","90","78","146","171","--","94.2","176","170","769","4971","15.0","לא","--:--:--","3","16.0","01:13:16","01:17:50","77","122"
אופניים,2018-01-15 20:00:23,false,"רכיבה על אופנייים","47.69","1,145","02:31:28","113","165","18.9","43.2","83","90","72","159","174","--","163.5","186","152","660","8179","10.0","לא","--:--:--","14","19.0","01:48:17","10:52:35","'-48","28"
אופניים,2018-01-13 08:32:02,false,"רכיבה על אופנייים","74.41","1,712","03:36:47","121","159","20.6","61.9","1,536","1,526","69","115","182","--","295.9","224","182","677","10912","6.0","לא","--:--:--","1","19.0","03:26:11","03:36:47","232","827"
אופניים,2018-01-11 05:22:29,false,"רכיבה על אופנייים","38.45","799","01:27:29","--","--","26.4","40.4","91","91","73","110","194","--","136.1","215","178","839","5484","4.0","לא","--:--:--","1","16.0","01:23:38","01:27:29","182","218"
אופניים,2018-01-10 19:09:34,false,"רכיבה על אופנייים","42.90","641","01:36:55","--","--","26.6","52.9","392","400","72","139","188","‎100%‎‏ / שמאל ‏‎0%‎ ‏ ימין","142.0","223","149","811","5218","12.0","לא","--:--:--","2","13.0","01:33:12","01:36:55","79","100"
אופניים,2018-01-08 07:25:30,false,"פירמידה הפוכה_לא הצלחתי","30.35","546","01:23:59","--","--","21.7","38.1","74","88","67","102","167","--","97.2","176","128","473","4844","3.0","לא","--:--:--","7","13.0","01:22:03","01:23:59","'-110","'-73"
אופניים,2018-01-08 06:51:08,false,"רכיבה על אופנייים","34.62","599","01:58:57","97","134","17.5","37.0","83","84","65","124","149","--","82.7","167","133","387","4934","3.0","לא","--:--:--","12","16.0","01:41:52","23:51:56","'-90","30"
אופניים,2018-01-03 18:34:43,false,"רכיבה על אופנייים","38.35","660","01:31:16","104","149","25.2","41.5","240","243","80","110","184","‎43%‎‏ / שמאל ‏‎57%‎ ‏ ימין","128.7","172","152","590","5838","10.0","לא","--:--:--","1","14.0","01:29:18","01:31:16","106","122"
אופניים,2017-12-30 08:01:17,false,"רכיבה על אופנייים","111.12","2,152","03:31:59","134","168","31.4","63.4","595","611","89","124","219","‎44%‎‏ / שמאל ‏‎56%‎ ‏ ימין","416.3","252","219","760","14840","11.0","לא","--:--:--","11","20.0","03:16:41","03:31:59","68","201"
אופניים,2017-12-23 07:00:00,false,"רכיבה על אופנייים","108.45","1,978","03:58:10","118","162","27.3","56.0","657","681","85","120","205","‎43%‎‏ / שמאל ‏‎57%‎ ‏ ימין","412.3","270","199","716","14172","15.0","לא","--:--:--","1","24.0","03:25:36","03:58:10","42","242"
אופניים,2017-12-22 10:34:36,false,"Tacc ים המלח","153.48","2,660","05:58:13","116","162","25.7","70.1","1,705","1,675","82","125","178","‎43%‎‏ / שמאל ‏‎57%‎ ‏ ימין","459.3","271","179","683","20469","16.0","לא","--:--:--","11","25.0","05:22:54","05:58:13","'-411","446"
אופניים,2017-12-18 06:18:08,false,"רכיבה על אופנייים","56.69","1,140","01:57:47","121","156","28.9","46.8","107","105","83","111","214","‎43%‎‏ / שמאל ‏‎57%‎ ‏ ימין","218.7","216","195","2,396","8277","9.0","לא","--:--:--","13","17.0","01:56:06","01:57:47","'-50","'-6"
אופניים,2017-12-16 09:01:19,false,"דינמו סימולציה אורים","104.54","817","03:30:45","124","162","29.8","57.4","419","423","87","116","94","‎99%‎‏ / שמאל ‏‎1%‎ ‏ ימין","76.7","105","88","398","13746","6.0","לא","--:--:--","5","23.0","03:11:10","03:30:45","'-37","50"
אופניים,2017-12-14 06:22:57,false,"רכיבה על אופנייים","35.31","643","01:20:31","122","151","26.3","38.8","72","75","82","161","172","--","99.0","192","161","541","5543","11.0","לא","--:--:--","11","19.0","01:15:57","01:20:31","'-25","11"
אופניים,2017-12-13 19:20:31,false,"שוהם סימולציות","51.33","945","01:51:46","133","170","27.6","51.3","410","412","87","187","216","--","215.1","194","208","976","6648","12.0","לא","--:--:--","3","15.0","01:43:26","01:52:23","59","75"
אופניים,2017-12-12 06:00:54,false,"רכיבה על אופנייים","51.98","1,008","01:56:26","122","160","26.8","43.9","109","108","80","102","195","--","182.9","201","170","603","8067","4.0","לא","--:--:--","13","17.0","01:53:01","01:56:26","'-38","'-1"
אופניים,2017-12-09 07:59:30,false,"רכיבה על אופנייים","123.11","1,893","04:13:09","124","159","29.2","55.3","705","693","87","142","186","‎100%‎‏ / שמאל ‏‎0%‎ ‏ ימין","363.0","223","158","654","17582","2.0","לא","--:--:--","16","18.0","03:50:49","04:13:09","0","89"
אופניים,2017-12-06 06:05:23,false,"רכיבה על אופנייים","46.79","894","01:48:52","116","153","25.8","40.3","82","88","76","102","177","--","141.0","206","165","534","6899","15.0","לא","--:--:--","6","18.0","01:44:06","01:48:52","11","47"
אופניים,2017-12-05 05:12:55,false,"רכיבה על אופנייים","42.62","801","01:39:03","113","160","25.8","44.5","86","92","75","136","183","--","138.2","200","159","621","6407","8.0","לא","--:--:--","10","19.0","01:36:26","01:39:03","13","51"
אופניים,2017-12-04 05:56:30,false,"רכיבה על אופנייים","38.97","783","01:38:13","116","164","23.8","39.5","77","78","74","101","191","--","146.8","205","160","531","6178","5.0","לא","--:--:--","11","18.0","01:31:31","01:38:13","'-55","'-20"
אופניים,2017-11-30 05:57:37,false,"רשץ אימון","45.15","858","01:50:38","114","158","24.5","39.5","83","91","75","103","184","--","154.8","191","157","498","6963","10.0","לא","--:--:--","14","19.0","01:46:57","01:50:38","'-65","'-24"
אופניים,2017-11-28 06:06:14,false,"רשץ אימון","39.52","736","01:35:05","112","151","24.9","38.2","81","99","77","167","177","--","123.6","187","153","549","6298","7.0","לא","--:--:--","13","19.0","01:32:28","01:35:06","'-50","'-15"
אופניים,2017-11-25 06:53:34,false,"דינמו שוהם גדרות","97.86","1,502","03:24:15","121","166","28.7","53.0","523","515","88","118","187","‎52%‎‏ / שמאל ‏‎48%‎ ‏ ימין","291.1","205","168","948","13298","10.0","לא","--:--:--","2","19.0","03:02:50","03:24:15","49","146"
אופניים,2017-11-24 09:03:44,false,"מרוץ מופעים","40.49","718","01:19:27","147","170","30.6","50.1","50","59","87","124","228","‎52%‎‏ / שמאל ‏‎48%‎ ‏ ימין","157.0","252","208","981","4962","12.0","לא","--:--:--","1","18.0","01:05:13","01:19:28","3","14"
אופניים,2017-11-18 06:47:46,false,"נחשון יד קנדי בית גוברין","130.57","2,878","05:53:34","120","161","22.2","75.9","2,245","2,264","73","119","178","--","458.6","215","171","665","20686","9.0","לא","--:--:--","9","29.0","05:38:14","05:53:35","117","792"
אופניים,2017-11-15 05:57:18,false,"רכיבה על אופנייים","51.12","1,067","01:53:17","116","163","27.1","43.4","93","99","81","106","212","‎43%‎‏ / שמאל ‏‎57%‎ ‏ ימין","211.0","255","182","680","7987","9.0","לא","--:--:--","5","20.0","01:50:43","01:53:17","'-31","5"
אופניים,2017-11-14 06:13:22,false,"רכיבה על אופנייים","33.76","576","01:38:20","--","--","20.6","33.6","67","78","90","159","134","‎44%‎‏ / שמאל ‏‎56%‎ ‏ ימין","72.4","154","123","343","7070","9.0","לא","--:--:--","5","20.0","01:29:09","01:38:20","'-4","38"
אופניים,2017-11-13 06:09:21,false,"אימון שני- לא הספקתי לסיים","34.73","727","01:34:25","111","152","22.1","42.7","80","84","86","178","188","‎43%‎‏ / שמאל ‏‎57%‎ ‏ ימין","134.0","186","177","869","6116","11.0","לא","--:--:--","16","21.0","01:20:58","01:34:25","20","59"
אופניים,2017-11-10 05:33:40,false,"שישי+ דינמו שבת גרמין לא שמר","150.00","2,553","06:09:00","112","163","24.4","67.9","1,201","1,195","83","126","193","--","95.7","155","190","785","3680","5.0","לא","--:--:--","1","27.0","05:42:48","29:17:04","'-38","230"
אופניים,2017-11-08 08:29:46,false,"מרוץ המסלול","31.96","571","00:48:56","152","166","39.2","52.3","39","42","88","113","240","--","115.8","214","272","1,145","3149","17.0","לא","--:--:--","2","21.0","00:46:02","00:56:03","1","5"
אופניים,2017-11-06 05:53:06,false,"רכיבה על אופנייים","40.24","732","01:40:53","114","153","23.9","44.7","95","101","81","172","172","--","123.9","186","148","828","6868","10.0","לא","--:--:--","14","21.0","01:35:00","01:40:53","6","39"
אופניים,2017-11-04 07:53:23,false,"דדינמו. פדיה בית גוברין עם נגשים ","94.16","1,753","03:38:51","125","162","25.8","64.6","1,132","1,156","88","154","186","--","301.6","199","183","731","14219","13.0","לא","--:--:--","--","25.0","03:15:35","03:38:51","128","363"
אופניים,2017-11-01 06:04:55,false,"רכיבה על אופנייים","41.18","785","01:38:45","111","161","25.0","44.6","79","86","79","114","195","‎44%‎‏ / שמאל ‏‎56%‎ ‏ ימין","155.1","218","161","754","6562","13.0","לא","--:--:--","--","21.0","01:35:56","01:38:45","'-63","'-27"
אופניים,2017-10-31 05:28:39,false,"רכיבה על אופנייים","56.86","1,100","01:58:24","122","160","28.8","47.6","168","277","86","142","212","‎45%‎‏ / שמאל ‏‎55%‎ ‏ ימין","220.2","232","201","962","8022","15.0","לא","--:--:--","--","18.0","01:56:02","01:58:24","'-30","129"
אופניים,2017-10-28 06:26:03,false,"דינמו שוהם התרסקות ליד נתבג","87.97","1,625","03:25:56","111","157","25.6","62.3","533","544","88","121","189","‎44%‎‏ / שמאל ‏‎56%‎ ‏ ימין","302.7","209","184","809","13030","17.0","לא","--:--:--","--","20.0","03:00:05","03:25:56","41","242"
אופניים,2017-10-27 05:32:00,false,"שישי בציפור","65.26","1,327","02:24:13","119","158","27.2","45.5","110","113","82","110","209","‎45%‎‏ / שמאל ‏‎55%‎ ‏ ימין","262.5","251","181","631","10075","11.0","לא","--:--:--","--","21.0","02:20:49","02:24:14","29","66"
אופניים,2017-10-26 05:13:50,false,"רכיבה על אופנייים","43.03","899","01:40:34","--","--","25.7","41.1","77","81","81","105","192","‎45%‎‏ / שמאל ‏‎55%‎ ‏ ימין","151.2","214","174","566","6942","11.0","לא","--:--:--","--","22.0","01:37:03","01:40:34","'-19","15"
אופניים,2017-10-25 05:12:09,false,"רכיבה על אופנייים","43.42","847","01:40:19","--","--","26.0","45.5","82","93","80","117","200","‎45%‎‏ / שמאל ‏‎55%‎ ‏ ימין","163.2","210","168","822","6808","11.0","לא","--:--:--","--","22.0","01:37:24","01:40:19","'-4","35"
אופניים,2017-10-24 05:05:51,false,"רכיבה על אופנייים","41.36","731","01:44:18","--","--","23.8","40.8","74","90","90","175","160","‎44%‎‏ / שמאל ‏‎56%‎ ‏ ימין","111.3","192","144","669","7903","12.0","לא","--:--:--","--","23.0","01:39:28","01:44:18","15","50"
אופניים,2017-10-23 05:12:58,false,"רכיבה על אופנייים","43.07","904","01:44:18","117","153","24.8","41.9","143","150","81","114","197","‎44%‎‏ / שמאל ‏‎56%‎ ‏ ימין","168.3","240","186","873","6621","12.0","לא","--:--:--","--","20.0","01:38:38","01:44:18","14","49"
אופניים,2017-10-21 06:33:31,false,"דינמו פדיה שוקת","121.82","2,012","04:05:12","115","157","29.8","61.8","702","712","86","140","190","‎43%‎‏ / שמאל ‏‎57%‎ ‏ ימין","351.3","192","184","825","15708","12.0","לא","--:--:--","--","27.0","03:42:42","04:05:13","38","229"
אופניים,2017-10-20 05:28:05,false,"רכיבה על אופנייים","51.69","1,081","01:52:38","--","--","27.5","42.7","87","102","79","109","213","‎43%‎‏ / שמאל ‏‎57%‎ ‏ ימין","212.0","250","187","874","7702","16.0","לא","--:--:--","--","22.0","01:49:23","01:52:38","2","36"
אופניים,2017-10-18 05:06:37,false,"רכיבה על אופנייים","52.22","1,122","01:58:10","--","--","26.5","43.6","80","92","82","110","202","‎44%‎‏ / שמאל ‏‎56%‎ ‏ ימין","199.2","265","185","708","8359","11.0","לא","--:--:--","--","22.0","01:52:47","01:58:10","'-8","27"
אופניים,2017-10-17 05:06:48,false,"רכיבה על אופנייים","36.60","653","01:39:09","--","--","22.1","35.4","83","88","81","146","149","‎44%‎‏ / שמאל ‏‎56%‎ ‏ ימין","90.5","170","138","508","6345","13.0","לא","--:--:--","--","22.0","01:32:20","01:39:09","3","39"
אופניים,2017-10-16 05:22:28,false,"רכיבה על אופנייים","37.13","748","01:30:02","--","--","24.7","44.7","168","166","72","121","213","‎46%‎‏ / שמאל ‏‎54%‎ ‏ ימין","169.3","250","186","674","4813","12.0","לא","--:--:--","--","23.0","01:27:59","01:30:02","'-13","22"
אופניים,2017-10-14 06:28:39,false,"דינמו גדרה זיקים","97.12","1,441","03:15:24","119","170","29.8","53.6","451","474","--","--","--","--","0.0","--","--","--","--","14.0","לא","--:--:--","--","23.0","02:59:27","03:15:27","'-1","75"
אופניים,2017-10-10 05:35:03,false,"רשצ","35.62","580","01:33:30","--","--","22.9","35.8","77","86","80","165","137","‎43%‎‏ / שמאל ‏‎57%‎ ‏ ימין","73.1","149","123","441","6455","16.0","לא","--:--:--","--","22.0","01:31:14","01:33:30","'-15","18"
אופניים,2017-10-09 05:40:33,false,"אימון רשצ","47.98","855","01:51:27","--","--","25.8","47.6","160","160","76","116","184","‎44%‎‏ / שמאל ‏‎56%‎ ‏ ימין","156.3","217","168","790","6413","18.0","לא","--:--:--","--","24.0","01:48:49","01:51:27","21","54"
אופניים,2017-10-07 06:22:02,false,"נס הרים גרמין כבה","47.95","1,318","02:09:32","121","165","22.2","72.3","926","472","78","117","217","‎44%‎‏ / שמאל ‏‎56%‎ ‏ ימין","252.2","235","200","786","8638","13.0","לא","--:--:--","--","20.0","02:06:08","02:09:32","127","716"
אופניים,2017-10-05 05:58:58,false,"צובה נס הרים","67.95","1,740","03:19:11","118","167","20.5","68.1","1,398","1,395","71","113","211","‎45%‎‏ / שמאל ‏‎55%‎ ‏ ימין","345.5","249","202","738","10204","12.0","לא","--:--:--","--","24.0","03:01:32","03:19:11","192","805"
אופניים,2017-10-04 05:23:46,false,"רשצ עם תומר","76.59","1,291","02:48:05","113","146","27.3","50.1","99","126","84","212","162","‎43%‎‏ / שמאל ‏‎57%‎ ‏ ימין","184.1","204","153","812","11968","17.0","לא","--:--:--","--","22.0","02:43:45","02:48:05","'-18","17"
אופניים,2017-09-30 08:32:35,false,"יום כיפור ירושלים","131.85","2,899","05:54:13","120","145","22.3","74.4","1,409","1,406","74","107","165","‎45%‎‏ / שמאל ‏‎55%‎ ‏ ימין","387.6","197","162","416","21956","23.0","לא","--:--:--","--","36.0","05:33:38","05:54:13","2","777"
אופניים,2017-09-27 18:10:11,false,"רכיבה על אופנייים","42.88","738","01:40:57","--","--","25.5","52.9","282","292","84","126","187","‎43%‎‏ / שמאל ‏‎57%‎ ‏ ימין","146.9","150","164","922","6376","22.0","לא","--:--:--","--","24.0","01:36:56","01:41:00","122","155"
אופניים,2017-09-26 05:02:47,false,"רכיבה על אופנייים","37.30","556","01:44:47","98","133","21.4","36.4","66","74","82","153","123","‎43%‎‏ / שמאל ‏‎57%‎ ‏ ימין","62.6","137","116","413","6550","20.0","לא","--:--:--","--","28.0","01:34:17","01:44:47","3","38"
אופניים,2017-09-23 06:04:20,false,"רכיבה על אופנייים","38.39","817","01:35:02","121","161","24.2","57.4","520","485","--","--","--","--","0.0","--","--","--","--","21.0","לא","--:--:--","--","30.0","01:32:05","02:35:34","102","216"
אופניים,2017-09-22 06:03:44,false,"צובה נס הרים","74.76","1,658","03:19:31","119","162","22.5","72.6","1,410","1,416","70","118","185","--","284.2","209","174","498","11301","18.0","לא","--:--:--","--","26.0","03:14:54","03:19:34","117","727"
אופניים,2017-09-18 05:20:15,false,"רכיבה על אופנייים","35.69","1,354","01:22:44","--","--","25.9","44.9","63","68","--","--","--","--","0.0","--","--","--","--","17.0","לא","--:--:--","--","26.0","01:13:47","01:22:47","4","39"
אופניים,2017-09-09 06:25:57,false,"דינמו","110.45","1,966","03:58:05","123","166","27.8","57.8","975","968","84","139","197","‎44%‎‏ / שמאל ‏‎56%‎ ‏ ימין","379.2","199","189","706","14767","17.0","לא","--:--:--","--","31.0","03:41:22","03:58:05","62","422"
אופניים,2017-09-02 06:19:17,false,"רכיבה על אופנייים","90.53","1,609","03:29:18","123","168","26.0","77.4","949","968","81","142","200","‎43%‎‏ / שמאל ‏‎57%‎ ‏ ימין","345.5","243","186","720","11847","19.0","לא","--:--:--","--","32.0","03:08:42","03:29:18","'-141","452"
אופניים,2017-08-27 08:53:05,false,"Albi אליפות העולם","157.43","3,104","05:27:38","138","166","28.8","75.3","1,690","1,684","81","129","197","‎45%‎‏ / שמאל ‏‎55%‎ ‏ ימין","521.5","246","197","856","21330","21.0","לא","--:--:--","--","36.0","05:20:46","05:27:42","122","466"
אופניים,2017-08-19 06:13:54,false,"Kattarp רכיבה על אופנייים","38.39","1,141","02:11:04","--","--","17.6","52.2","226","154","65","84","113","--","11.1","100","99","350","1345","14.0","לא","--:--:--","--","22.0","01:58:34","02:11:04","'-1","90"
אופניים,2017-08-18 07:54:15,false,"Kattarp רכיבה על אופנייים","44.48","750","01:50:44","107","148","24.1","41.2","38","33","76","115","161","--","119.8","162","127","531","7633","16.0","לא","--:--:--","--","19.0","01:49:57","01:50:44","9","15"
אופניים,2017-08-15 17:48:56,false,"Helsingborg רכיבה על אופנייים","74.42","1,334","03:26:40","--","--","21.6","52.6","309","287","84","215","174","--","235.8","174","179","806","10732","15.0","לא","--:--:--","--","24.0","02:41:31","03:26:40","0","87"
אופניים,2017-08-15 05:56:03,false,"Kattarp רכיבה על אופנייים","35.98","641","01:36:59","106","147","22.3","43.6","32","24","76","156","190","--","143.5","155","125","618","6670","5.0","לא","--:--:--","--","14.0","01:34:51","01:36:59","3","11"
אופניים,2017-08-12 05:57:20,false,"רכיבה על אופנייים","103.92","1,661","04:18:15","115","162","24.1","68.1","1,217","1,216","82","131","164","--","282.9","230","161","752","14327","20.0","לא","--:--:--","--","33.0","03:48:22","04:18:15","45","603"
אופניים,2017-08-11 06:25:18,false,"רכיבה על אופנייים","54.85","895","02:21:47","117","166","23.2","48.0","96","104","79","119","171","--","170.0","186","139","710","8818","22.0","לא","--:--:--","--","29.0","02:09:23","02:21:47","25","59"
אופניים,2017-08-10 05:47:26,false,"רכיבה על אופנייים","40.54","694","01:11:46","140","163","33.9","46.8","29","38","88","109","190","--","106.7","189","181","730","5645","22.0","לא","--:--:--","--","24.0","01:11:45","01:11:46","8","14"
אופניים,2017-08-07 05:06:44,false,"רכיבה על אופנייים","78.49","1,299","03:02:54","111","165","25.7","49.0","105","132","80","131","191","‎43%‎‏ / שמאל ‏‎57%‎ ‏ ימין","276.3","189","144","791","12280","20.0","לא","--:--:--","--","26.0","02:56:17","72:39:51","3","38"
אופניים,2017-08-05 08:00:46,false,"נס הרים 2","48.67","1,119","02:15:36","124","159","21.5","80.9","832","911","74","120","202","‎45%‎‏ / שמאל ‏‎55%‎ ‏ ימין","209.5","237","195","651","6989","23.0","לא","--:--:--","--","31.0","01:58:37","02:15:36","208","724"
אופניים,2017-08-05 06:23:39,false,"נס הרים חלק 1","36.23","901","01:36:47","127","173","22.5","79.6","720","648","79","112","216","‎43%‎‏ / שמאל ‏‎57%‎ ‏ ימין","187.8","281","202","774","5957","16.0","לא","--:--:--","--","23.0","01:32:58","01:36:48","230","724"
אופניים,2017-08-04 05:44:08,false,"אימון סף","58.00","1,114","02:08:28","122","160","27.1","45.1","78","86","85","122","197","‎43%‎‏ / שמאל ‏‎57%‎ ‏ ימין","204.7","220","181","769","8833","21.0","לא","--:--:--","--","26.0","02:02:53","02:08:28","6","43"
אופניים,2017-08-02 05:19:42,false,"רכיבה על אופנייים","54.69","1,038","02:06:40","--","--","25.9","49.3","157","171","79","115","203","‎44%‎‏ / שמאל ‏‎56%‎ ‏ ימין","211.3","248","187","767","7327","22.0","לא","--:--:--","--","26.0","01:58:18","02:06:40","4","42"
אופניים,2017-08-01 05:03:28,false,"רכיבה על אופנייים","56.04","1,027","01:58:01","121","164","28.5","46.3","87","106","87","125","180","‎43%‎‏ / שמאל ‏‎57%‎ ‏ ימין","159.5","186","175","627","8676","21.0","לא","--:--:--","--","26.0","01:53:01","01:58:01","'-4","28"
אופניים,2017-07-31 05:09:08,false,"רכיבה על אופנייים","48.90","866","01:53:00","117","170","26.0","49.6","83","93","61","80","63","--","1.7","17","60","259","351","20.0","לא","--:--:--","--","26.0","01:48:23","01:53:00","'-8","29"
אופניים,2017-07-29 05:31:23,false,"נחשון רמת בית שמש נס הרים הדסה","105.90","2,266","04:39:53","124","163","22.7","76.7","1,942","1,951","77","118","181","--","374.9","225","178","604","16480","16.0","לא","--:--:--","--","30.0","--:--:--","04:39:54","117","757"
אופניים,2017-07-28 06:41:59,false,"רשץ אינטרולים ","52.95","862","01:51:20","136","167","28.5","43.8","45","52","89","190","169","--","132.0","165","151","584","8626","20.0","לא","--:--:--","--","29.0","--:--:--","01:51:24","'-3","11"
אופניים,2017-07-26 05:03:51,false,"רשץ רכבת","57.58","955","01:56:34","124","164","29.6","49.2","88","93","85","111","171","--","141.6","204","165","817","8299","21.0","לא","--:--:--","--","28.0","--:--:--","01:56:34","3","35"
אופניים,2017-07-25 04:52:20,false,"רשץ אימון","58.99","953","02:10:58","113","151","27.0","39.9","90","103","83","120","152","--","125.6","173","145","557","9178","22.0","לא","--:--:--","--","27.0","02:04:47","02:10:59","'-1","35"
אופניים,2017-07-22 05:47:37,false,"שבת נס הרים הדסה","84.05","2,198","03:49:33","126","166","22.0","68.6","1,653","1,668","79","114","209","‎44%‎‏ / שמאל ‏‎56%‎ ‏ ימין","416.1","259","211","598","13836","17.0","לא","--:--:--","--","30.0","--:--:--","03:49:34","119","757"
אופניים,2017-07-18 05:23:21,false,"רכיבה על אופנייים","48.74","802","01:44:38","117","152","27.9","45.9","80","86","89","156","159","‎44%‎‏ / שמאל ‏‎56%‎ ‏ ימין","108.7","174","164","840","7279","23.0","לא","--:--:--","--","27.0","--:--:--","01:44:38","2","36"
אופניים,2017-07-17 04:57:02,false,"רכיבה על אופנייים","60.66","1,111","02:24:33","--","--","25.2","41.9","87","106","79","116","174","‎44%‎‏ / שמאל ‏‎56%‎ ‏ ימין","181.4","202","167","876","8913","21.0","לא","--:--:--","--","27.0","--:--:--","02:24:33","21","62"
אופניים,2017-07-15 05:36:17,false,"שבת עם תומר נס הרים","53.21","1,381","02:56:50","114","172","18.1","63.9","1,110","1,095","74","123","212","‎45%‎‏ / שמאל ‏‎55%‎ ‏ ימין","291.3","269","199","734","8419","16.0","לא","--:--:--","--","30.0","--:--:--","02:56:51","192","678"
אופניים,2017-07-08 06:26:47,false,"שבת עם תומר גבעת כח גרמין כבה","40.80","797","01:30:50","123","164","27.0","56.8","455","494","80","119","215","‎43%‎‏ / שמאל ‏‎57%‎ ‏ ימין","140.9","162","191","766","4396","22.0","לא","--:--:--","--","26.0","--:--:--","01:30:50","84","235"
אופניים,2017-06-30 08:10:03,false,"רכיבה על אופנייים","56.80","1,848","01:47:51","102","167","31.6","104.6","134","118","62","86","58","‎42%‎‏ / שמאל ‏‎58%‎ ‏ ימין","1.3","11","86","202","169","26.0","לא","--:--:--","--","36.0","--:--:--","02:06:02","17","56"
אופניים,2017-06-30 06:55:05,false,"מרוץ אריאל שרון גלעד","41.40","889","01:14:37","150","173","33.3","54.2","50","47","89","128","258","‎45%‎‏ / שמאל ‏‎55%‎ ‏ ימין","201.2","253","257","995","5141","22.0","לא","--:--:--","--","25.0","--:--:--","01:14:37","17","23"
אופניים,2017-06-28 05:05:47,false,"רכיבה על אופנייים","44.82","808","01:38:42","111","171","27.2","49.5","50","63","80","142","199","‎43%‎‏ / שמאל ‏‎57%‎ ‏ ימין","161.9","210","167","816","6399","19.0","לא","--:--:--","--","22.0","--:--:--","01:38:42","'-11","'-1"
אופניים,2017-06-27 04:59:41,false,"רכיבה על אופנייים","47.12","874","01:52:07","109","168","25.2","51.7","71","124","81","148","188","‎42%‎‏ / שמאל ‏‎58%‎ ‏ ימין","165.1","236","167","778","7174","20.0","לא","--:--:--","--","24.0","--:--:--","01:52:07","'-26","26"
אופניים,2017-06-26 04:49:00,false,"רכיבה על אופנייים","55.34","977","02:07:55","107","165","26.0","49.6","65","100","84","126","196","‎43%‎‏ / שמאל ‏‎57%‎ ‏ ימין","191.2","223","173","962","7885","20.0","לא","--:--:--","--","24.0","--:--:--","02:07:55","'-2","33"
אופניים,2017-06-24 07:03:50,false,"אליפות ישראל בית גוברין","75.73","1,365","02:11:56","--","--","34.4","66.5","845","853","94","141","243","‎44%‎‏ / שמאל ‏‎56%‎ ‏ ימין","319.7","234","255","992","8389","17.0","לא","--:--:--","--","29.0","--:--:--","02:11:58","176","347"
אופניים,2017-06-21 05:27:33,false,"רכיבה על אופנייים","33.38","533","01:27:46","--","--","22.8","44.7","72","80","78","158","138","‎43%‎‏ / שמאל ‏‎57%‎ ‏ ימין","69.5","147","134","656","5233","19.0","לא","--:--:--","--","23.0","--:--:--","01:27:46","1","38"
אופניים,2017-06-20 04:59:44,false,"רכיבה על אופנייים","49.69","927","01:41:14","120","165","29.4","49.2","51","87","88","112","198","‎43%‎‏ / שמאל ‏‎57%‎ ‏ ימין","165.1","213","187","758","7297","20.0","לא","--:--:--","--","24.0","--:--:--","01:41:14","'-2","20"
אופניים,2017-06-19 17:09:55,false,"רכיבה על אופנייים","59.00","1,024","02:18:26","113","171","25.6","52.1","152","177","82","120","187","‎42%‎‏ / שמאל ‏‎58%‎ ‏ ימין","200.6","177","173","939","8186","21.0","לא","--:--:--","--","28.0","--:--:--","02:18:26","'-5","14"
אופניים,2017-06-14 04:40:39,false,"אימון נגש","60.01","1,161","02:12:35","116","168","27.2","44.6","100","104","81","113","199","‎44%‎‏ / שמאל ‏‎56%‎ ‏ ימין","212.1","259","184","668","8496","18.0","לא","--:--:--","--","25.0","--:--:--","02:12:35","7","47"
אופניים,2017-06-13 05:12:59,false,"אימטן רשץ","40.42","615","01:35:36","110","158","25.4","42.6","75","88","84","188","153","--","92.9","136","149","859","5957","17.0","לא","--:--:--","--","24.0","--:--:--","01:35:38","6","43"
אופניים,2017-06-12 17:07:02,false,"נוער לים","43.42","701","02:37:11","91","124","16.6","34.4","125","111","70","145","113","‎43%‎‏ / שמאל ‏‎57%‎ ‏ ימין","76.4","129","121","568","6503","22.0","לא","--:--:--","--","26.0","--:--:--","02:37:12","13","48"
אופניים,2017-06-10 09:10:16,false,"הקפת גהעת עדה","37.30","1,061","01:43:43","136","160","21.6","46.2","241","242","76","108","204","‎45%‎‏ / שמאל ‏‎55%‎ ‏ ימין","174.4","221","199","566","6776","26.0","לא","--:--:--","--","34.0","--:--:--","01:43:46","19","123"
אופניים,2017-06-10 06:53:01,false,"מרוץ קיסריה","43.84","952","01:24:18","148","170","31.2","53.1","126","133","90","129","251","‎46%‎‏ / שמאל ‏‎54%‎ ‏ ימין","202.9","246","289","995","4858","22.0","לא","--:--:--","--","25.0","--:--:--","01:24:19","21","33"
אופניים,2017-06-08 05:00:27,false,"רכיבה על אופנייים","47.92","809","01:53:16","113","159","25.4","52.8","102","98","79","110","225","‎43%‎‏ / שמאל ‏‎57%‎ ‏ ימין","236.8","156","149","803","7359","17.0","לא","--:--:--","--","22.0","--:--:--","01:53:34","17","53"
אופניים,2017-06-07 04:37:02,false,"רכיבה על אופנייים","59.69","1,172","02:11:27","114","161","27.2","50.3","107","105","81","108","205","‎43%‎‏ / שמאל ‏‎57%‎ ‏ ימין","229.2","252","180","688","8889","13.0","לא","--:--:--","--","24.0","--:--:--","02:11:27","8","39"
אופניים,2017-06-05 17:15:57,false,"רכיבה על אופנייים","61.19","1,116","02:44:06","112","172","22.4","51.6","182","177","78","123","195","‎43%‎‏ / שמאל ‏‎57%‎ ‏ ימין","249.8","196","170","1,048","8491","20.0","לא","--:--:--","--","26.0","--:--:--","02:44:06","'-12","23"
אופניים,2017-06-03 07:32:50,false,"דינמו סימולציות נגש גבעת עדה","92.72","1,598","03:15:36","122","167","28.4","55.9","566","551","83","119","199","‎44%‎‏ / שמאל ‏‎56%‎ ‏ ימין","322.9","270","198","689","11273","21.0","לא","--:--:--","--","32.0","--:--:--","03:15:36","7","121"
אופניים,2017-06-02 04:58:52,false,"חופשי ברשץ","60.22","1,268","02:11:33","115","163","27.5","46.8","85","102","79","106","207","‎44%‎‏ / שמאל ‏‎56%‎ ‏ ימין","234.0","277","184","722","9166","16.0","לא","--:--:--","--","21.0","--:--:--","02:11:33","'-0","39"
אופניים,2017-06-01 04:56:37,false,"אינטרוואלים","63.08","1,348","02:22:51","114","169","26.5","46.5","96","108","79","108","217","‎44%‎‏ / שמאל ‏‎56%‎ ‏ ימין","280.6","241","189","730","9502","15.0","לא","--:--:--","--","21.0","--:--:--","02:22:51","1","41"
אופניים,2017-05-27 06:28:18,false,"דינמו. אימון נגש אישי לטרון -נשר","90.53","1,776","03:27:29","119","164","26.2","64.3","815","806","82","160","210","‎43%‎‏ / שמאל ‏‎57%‎ ‏ ימין","371.3","266","205","764","11986","16.0","לא","--:--:--","--","34.0","--:--:--","03:27:29","46","272"
אופניים,2017-05-26 05:13:56,false,"שישי רשץ עם דרור","52.98","1,060","01:55:44","--","--","27.5","45.3","94","96","83","112","192","‎43%‎‏ / שמאל ‏‎57%‎ ‏ ימין","176.9","236","186","774","7955","14.0","לא","--:--:--","--","21.0","--:--:--","01:55:45","'-4","31"
אופניים,2017-05-25 04:55:04,false,"אינטרואלים","46.80","947","01:53:31","--","--","24.7","46.2","96","99","77","118","230","‎45%‎‏ / שמאל ‏‎55%‎ ‏ ימין","249.6","211","179","904","6927","11.0","לא","--:--:--","--","22.0","--:--:--","01:53:40","6","39"
אופניים,2017-05-23 05:30:30,false,"אימון איכות","49.32","1,040","02:07:46","112","164","23.2","42.3","55","93","84","114","211","‎43%‎‏ / שמאל ‏‎57%‎ ‏ ימין","221.7","224","193","596","7534","17.0","לא","--:--:--","--","23.0","--:--:--","02:07:46","1","40"
אופניים,2017-05-22 17:29:51,false,"נוער","53.41","952","02:02:23","114","169","26.2","52.0","138","142","81","122","191","‎43%‎‏ / שמאל ‏‎57%‎ ‏ ימין","185.6","184","177","1,071","7349","21.0","לא","--:--:--","--","26.0","--:--:--","02:02:23","'-8","6"
אופניים,2017-05-20 06:42:02,false,"מרוץ חץ הצפון","81.94","2,355","03:27:11","140","165","23.7","89.9","2,008","2,033","83","136","247","‎44%‎‏ / שמאל ‏‎56%‎ ‏ ימין","509.0","269","258","888","12624","12.0","לא","--:--:--","--","20.0","--:--:--","03:27:18","465","785"
אופניים,2017-05-18 05:08:25,false,"רכיבה על אופנייים","43.56","721","01:42:59","109","162","25.4","46.1","111","111","57","92","12","--","0.0","1","37","102","66","16.0","לא","--:--:--","--","21.0","--:--:--","01:42:59","4","37"
אופניים,2017-05-17 05:08:04,false,"רכיבה על אופנייים","44.68","793","01:43:41","119","163","25.9","46.5","87","92","80","113","210","--","190.6","180","162","671","6732","14.0","לא","--:--:--","--","21.0","--:--:--","01:43:41","3","37"
אופניים,2017-05-15 17:22:35,false,"רכיבה על אופנייים","53.73","837","02:19:07","--","--","23.2","50.1","116","125","81","214","178","--","181.1","167","150","1,098","7652","19.0","לא","--:--:--","--","24.0","--:--:--","02:19:07","'-8","6"
אופניים,2017-05-13 06:54:01,false,"דינמו פדיה 8 טיפוס בית שמש","95.73","2,065","03:50:02","122","162","25.0","75.4","1,592","1,491","83","163","222","‎44%‎‏ / שמאל ‏‎56%‎ ‏ ימין","462.8","217","220","767","13177","15.0","לא","--:--:--","--","30.0","--:--:--","03:50:03","123","379"
אופניים,2017-05-09 06:54:58,false,"יום שלישי עם נתן פעמיים נס הרים","63.96","1,707","03:46:20","111","146","17.0","80.2","1,340","1,342","69","112","186","‎45%‎‏ / שמאל ‏‎55%‎ ‏ ימין","273.4","208","188","777","10072","16.0","לא","--:--:--","--","36.0","--:--:--","03:46:21","139","684"
אופניים,2017-05-08 16:45:54,false,"נוער","63.08","1,030","02:59:49","97","166","21.0","49.2","173","182","75","125","175","‎42%‎‏ / שמאל ‏‎58%‎ ‏ ימין","221.8","187","143","1,069","9032","19.0","לא","--:--:--","--","26.0","--:--:--","02:59:50","'-16","21"
אופניים,2017-05-06 06:54:46,false,"תפוח 2017 סטיג אחרון","97.34","2,109","03:40:35","127","163","26.5","71.6","1,349","1,403","85","161","227","‎44%‎‏ / שמאל ‏‎56%‎ ‏ ימין","424.2","236","233","880","12413","8.0","לא","--:--:--","--","23.0","--:--:--","03:40:35","796","1,053"
אופניים,2017-05-05 06:52:29,false,"תפוח 2017 סטיג 2","73.90","1,670","02:39:23","132","162","27.8","77.4","946","998","85","133","246","‎45%‎‏ / שמאל ‏‎55%‎ ‏ ימין","357.0","245","242","840","9471","10.0","לא","--:--:--","--","20.0","--:--:--","02:39:23","876","1,000"
אופניים,2017-05-04 15:51:27,false,"טור תפוח שלב 1 2017","69.71","1,765","02:48:54","138","169","24.8","66.7","913","915","87","148","247","‎45%‎‏ / שמאל ‏‎55%‎ ‏ ימין","344.8","274","254","993","9422","11.0","לא","--:--:--","--","28.0","--:--:--","02:48:59","480","1,022"
אופניים,2017-05-01 15:52:39,false,"נוער","56.42","886","02:24:26","115","169","23.4","50.8","155","165","80","149","175","--","183.5","147","145","1,094","8312","18.0","לא","--:--:--","--","25.0","--:--:--","02:24:26","6","41"
אופניים,2017-04-29 07:02:45,false,"TACC עם תומר שמשון-יער התימנים * 10","44.67","1,764","02:52:21","134","157","15.5","85.3","2,000","1,798","64","115","219","--","340.8","219","229","556","8394","9.0","לא","--:--:--","--","28.0","--:--:--","02:53:40","249","460"
אופניים,2017-04-27 05:11:59,false,"אינטרולים סחח רשצ","39.26","699","01:40:31","112","164","23.4","41.4","119","123","77","118","204","--","153.9","186","158","804","5552","14.0","לא","--:--:--","--","26.0","--:--:--","01:40:31","2","38"
אופניים,2017-04-26 04:59:24,false,"טמפו אנארובי רשצ","46.50","857","01:51:33","112","152","25.0","47.2","109","109","75","114","187","--","162.7","179","161","778","6808","9.0","לא","--:--:--","--","18.0","--:--:--","01:51:33","'-6","30"
אופניים,2017-04-25 07:37:58,false,"נחשון נס הרים נטיפים","53.61","1,340","02:34:55","121","149","20.8","77.7","1,143","1,155","77","128","198","--","230.9","219","199","776","8637","13.0","לא","--:--:--","--","21.0","--:--:--","02:34:55","125","703"
אופניים,2017-04-24 17:17:49,false,"נוער","50.42","945","02:38:31","105","158","19.1","47.4","180","186","75","151","184","--","208.1","186","152","912","7776","13.0","לא","--:--:--","--","21.0","--:--:--","02:38:33","1","35"
אופניים,2017-04-22 07:32:18,false,"דלתון רמה"ג","92.55","2,454","04:40:36","120","155","19.8","74.1","1,749","1,748","69","116","187","‎46%‎‏ / שמאל ‏‎54%‎ ‏ ימין","393.4","249","185","677","15338","19.0","לא","--:--:--","--","39.0","--:--:--","04:42:08","97","866"
אופניים,2017-04-21 05:51:43,false,"בית אריה","63.15","1,587","02:25:04","127","165","26.1","63.2","839","752","78","116","230","‎45%‎‏ / שמאל ‏‎55%‎ ‏ ימין","318.8","231","217","668","9600","8.0","לא","--:--:--","--","25.0","--:--:--","02:25:04","48","237"
אופניים,2017-04-19 04:55:08,false,"אימון אינטרולים","47.22","978","01:56:48","109","154","24.3","47.0","146","157","74","135","207","‎45%‎‏ / שמאל ‏‎55%‎ ‏ ימין","206.8","190","172","826","7071","6.0","לא","--:--:--","--","17.0","--:--:--","01:56:48","'-9","29"
אופניים,2017-04-18 05:11:15,false,"רכיבה על אופנייים","48.85","1,004","02:01:19","107","139","24.2","47.6","102","115","74","111","196","‎45%‎‏ / שמאל ‏‎55%‎ ‏ ימין","193.3","187","170","808","7407","7.0","לא","--:--:--","--","17.0","--:--:--","02:01:19","'-16","27"
אופניים,2017-04-17 06:22:00,false,"עינת נס הרים","95.54","2,109","03:48:35","117","159","25.1","65.9","1,174","1,239","77","121","206","‎45%‎‏ / שמאל ‏‎55%‎ ‏ ימין","400.2","273","198","697","13842","7.0","לא","--:--:--","--","24.0","--:--:--","03:48:51","28","598"
אופניים,2017-04-15 06:56:24,false,"דינמו צור הדסה יד קנדי צובה","105.43","2,368","04:35:13","122","156","23.0","76.3","2,008","2,014","79","125","194","‎45%‎‏ / שמאל ‏‎55%‎ ‏ ימין","428.8","242","197","714","16057","11.0","לא","--:--:--","--","24.0","--:--:--","04:35:13","116","819"
אופניים,2017-04-14 08:26:24,false,"איגודן 2017","37.30","916","01:03:53","155","171","35.0","55.6","102","113","--","--","--","--","0.0","--","--","--","--","17.0","לא","--:--:--","--","19.0","--:--:--","01:03:53","4","24"
אופניים,2017-04-12 05:47:39,false,"נס הרים פעמים פלוס נטיפים גרמין כבה","37.22","1,152","02:07:11","111","139","17.6","79.3","970","775","67","103","184","‎47%‎‏ / שמאל ‏‎53%‎ ‏ ימין","179.1","213","184","450","7104","11.0","לא","--:--:--","--","25.0","--:--:--","03:44:58","128","690"
אופניים,2017-04-10 05:17:21,false,"אימון ראש ציפור","46.75","1,128","02:22:36","111","152","19.7","41.1","177","181","79","118","203","‎47%‎‏ / שמאל ‏‎53%‎ ‏ ימין","241.9","231","182","819","8261","6.0","לא","--:--:--","--","18.0","--:--:--","02:22:38","'-0","33"
אופניים,2017-04-08 06:59:06,false,"דינמו  שדה יואב + נגש","116.68","2,037","04:22:32","115","168","26.7","55.4","693","704","85","142","202","‎46%‎‏ / שמאל ‏‎54%‎ ‏ ימין","436.1","245","192","957","15187","7.0","לא","--:--:--","--","26.0","--:--:--","04:22:32","40","170"
אופניים,2017-04-07 05:42:23,false,"שטח- קל","43.14","807","02:33:01","98","152","16.9","43.0","172","181","--","--","--","--","0.0","--","--","--","--","9.0","לא","--:--:--","--","18.0","--:--:--","02:33:01","'-7","60"
אופניים,2017-04-06 06:26:06,false,"טמפו רשצ","47.00","901","01:45:06","--","--","26.8","46.3","57","94","81","189","195","‎46%‎‏ / שמאל ‏‎54%‎ ‏ ימין","164.9","212","168","742","7425","9.0","לא","--:--:--","--","17.0","--:--:--","01:45:06","'-3","35"
אופניים,2017-04-04 07:31:46,false,"נס הרים עם נתן","61.35","1,460","02:58:46","--","--","20.6","75.9","1,099","1,099","82","131","213","‎44%‎‏ / שמאל ‏‎56%‎ ‏ ימין","287.7","248","212","941","9437","9.0","לא","--:--:--","--","23.0","--:--:--","02:58:46","120","691"
אופניים,2017-04-03 16:45:17,false,"נוער","50.43","1,135","02:22:24","--","--","21.2","42.7","174","181","80","213","208","‎45%‎‏ / שמאל ‏‎55%‎ ‏ ימין","254.8","219","185","759","8217","13.0","לא","--:--:--","--","18.0","--:--:--","02:22:24","0","35"
אופניים,2017-04-01 07:06:55,false,"מרוץ שדות- עמיר","88.58","1,503","02:31:59","138","166","35.0","51.4","109","126","--","--","--","--","0.0","--","--","--","--","8.0","לא","--:--:--","--","19.0","--:--:--","02:31:59","70","90"
אופניים,2017-03-30 05:00:05,false,"נוער","54.34","967","02:11:29","100","140","24.8","42.6","107","118","85","177","168","--","154.8","170","150","687","9250","13.0","לא","--:--:--","--","18.0","--:--:--","02:11:29","'-7","41"
אופניים,2017-03-29 07:24:03,false,"המשך בוקר שני","39.33","738","01:05:33","148","168","36.0","53.0","50","50","92","125","235","--","148.3","228","288","1,093","3947","10.0","לא","--:--:--","--","14.0","--:--:--","01:05:33","1","7"
אופניים,2017-03-28 07:33:55,false,"נס הרים עם נתן","69.47","1,579","03:09:09","117","149","22.0","68.8","1,175","1,176","81","163","204","‎46%‎‏ / שמאל ‏‎54%‎ ‏ ימין","294.8","239","210","741","10238","8.0","לא","--:--:--","--","19.0","--:--:--","03:09:10","120","735"
אופניים,2017-03-27 16:39:20,false,"נוער","50.35","1,081","02:43:56","101","154","18.4","42.5","180","180","75","187","196","‎45%‎‏ / שמאל ‏‎55%‎ ‏ ימין","259.2","238","168","756","8181","12.0","לא","--:--:--","--","19.0","--:--:--","02:43:56","'-5","35"
אופניים,2017-03-27 04:53:06,false,"רשץ שני בוקר","49.80","1,001","02:02:39","111","156","24.4","40.4","128","135","78","109","184","‎49%‎‏ / שמאל ‏‎51%‎ ‏ ימין","171.8","197","166","904","7909","6.0","לא","--:--:--","--","15.0","--:--:--","02:02:39","'-12","24"
אופניים,2017-03-25 09:41:07,false,"מרוץ שוהם","54.86","1,113","02:08:38","146","169","25.6","55.8","338","330","88","131","238","--","225.7","225","263","1,050","6196","17.0","לא","--:--:--","--","25.0","--:--:--","02:08:38","104","125"
אופניים,2017-03-23 06:11:19,false,"רשצ","36.92","656","01:28:27","115","148","25.0","34.8","57","78","87","140","150","--","82.1","154","151","582","6398","10.0","לא","--:--:--","--","13.0","--:--:--","01:28:27","'-3","35"
אופניים,2017-03-22 18:58:33,false,"שוהם","54.52","976","02:14:11","124","174","24.4","54.8","368","373","83","161","202","--","227.6","222","182","1,130","7542","12.0","לא","--:--:--","--","14.0","--:--:--","02:14:11","94","117"
אופניים,2017-03-21 10:51:15,false,"עליות לצובה","44.32","1,541","02:39:13","122","145","16.7","77.7","1,568","1,538","61","111","201","--","268.5","201","202","746","7867","12.0","לא","--:--:--","--","24.0","--:--:--","02:39:13","212","649"
אופניים,2017-03-20 16:49:21,false,"נוער","46.10","923","02:18:37","101","145","20.0","39.5","137","170","79","233","187","--","196.6","185","165","738","7494","12.0","לא","--:--:--","--","16.0","--:--:--","02:18:37","'-5","28"
אופניים,2017-03-18 08:57:52,false,"דינמו כרמל","95.48","2,071","04:03:57","123","166","23.5","66.5","1,472","1,453","79","124","204","--","415.2","260","194","840","14201","9.0","לא","--:--:--","--","20.0","--:--:--","04:03:58","11","515"
אופניים,2017-03-17 07:34:43,false,"שטח","36.20","616","02:12:05","92","121","16.4","33.9","124","128","--","--","--","--","0.0","--","--","--","--","9.0","לא","--:--:--","--","15.0","--:--:--","02:12:05","3","46"
אופניים,2017-03-15 07:28:03,false,"סלד","43.01","777","01:43:52","118","149","24.8","44.3","61","96","88","178","166","‎63%‎‏ / שמאל ‏‎37%‎ ‏ ימין","119.0","156","156","723","7299","7.0","לא","--:--:--","--","14.0","--:--:--","01:43:52","'-9","14"
אופניים,2017-03-13 06:39:05,false,"טמפו","47.84","908","02:08:01","106","138","22.4","41.2","74","86","85","130","161","--","137.1","158","148","749","8862","10.0","לא","--:--:--","--","16.0","--:--:--","02:08:08","'-14","22"
אופניים,2017-03-11 08:25:32,false,"פורים מרוץ קריטריום + אלמינטור","54.68","1,257","02:13:50","138","171","24.5","52.6","74","83","87","121","238","--","255.3","253","251","1,022","7054","13.0","לא","--:--:--","--","19.0","--:--:--","02:13:50","'-2","9"
אופניים,2017-03-08 07:43:16,false,"מרוץ גבעת המופעים","53.07","1,075","01:53:24","139","172","28.1","52.7","69","78","85","124","239","‎47%‎‏ / שמאל ‏‎53%‎ ‏ ימין","259.2","256","240","960","6391","6.0","לא","--:--:--","--","19.0","--:--:--","01:53:24","'-5","4"
אופניים,2017-03-04 07:57:15,false,"גראן פונדו 2017","154.24","3,277","05:34:46","134","166","27.6","69.9","1,725","1,720","83","123","219","‎45%‎‏ / שמאל ‏‎55%‎ ‏ ימין","616.4","266","215","865","20817","14.0","לא","--:--:--","--","23.0","--:--:--","05:51:21","'-408","444"
אופניים,2017-03-02 08:48:35,false,"נקסט רייד","149.45","2,892","07:05:20","112","161","21.1","104.3","1,630","1,620","78","231","175","‎45%‎‏ / שמאל ‏‎55%‎ ‏ ימין","367.1","232","175","863","17027","15.0","לא","--:--:--","--","27.0","--:--:--","07:05:20","'-394","459"
אופניים,2017-02-28 06:08:37,false,"ראש ציפור","41.29","747","01:37:58","--","--","25.3","41.6","82","91","81","118","172","--","120.5","183","153","849","6638","8.0","לא","--:--:--","--","13.0","--:--:--","01:37:58","1","39"
אופניים,2017-02-27 16:54:33,false,"נוער ראשציפור","61.21","1,025","02:28:26","115","168","24.7","53.7","150","188","81","138","205","--","260.1","174","168","1,089","8357","12.0","לא","--:--:--","--","17.0","--:--:--","02:28:26","12","46"
אופניים,2017-02-25 08:51:15,false,"תחרות רמות מנשה  כולל חימום","42.34","944","01:23:35","149","169","30.4","62.0","487","504","89","140","262","--","223.4","233","254","965","5523","11.0","לא","--:--:--","--","20.0","--:--:--","02:08:41","169","267"
אופניים,2017-02-23 08:06:35,false,"בית אריה עם 2 אמבטיות","52.67","1,327","02:37:12","116","152","20.1","61.2","1,046","910","72","200","201","--","259.5","188","191","759","8478","7.0","לא","--:--:--","--","17.0","--:--:--","02:37:12","100","240"
אופניים,2017-02-22 08:12:11,false,"מרוץ קריטריות מופעים 2","42.45","869","01:29:59","146","170","28.3","52.9","68","70","88","161","224","--","166.2","234","265","1,033","4695","4.0","לא","--:--:--","--","13.0","--:--:--","01:29:59","'-8","'-2"
אופניים,2017-02-20 16:36:04,false,"נוער","55.06","909","02:53:38","100","159","19.0","49.8","141","170","76","119","190","‎47%‎‏ / שמאל ‏‎53%‎ ‏ ימין","240.7","162","151","1,071","7456","8.0","לא","--:--:--","--","17.0","--:--:--","02:53:38","7","33"
אופניים,2017-02-18 10:07:52,false,"דינמו דימונה עקרבים","101.16","2,186","04:15:46","125","168","23.7","68.4","1,500","1,481","80","192","194","--","400.2","236","198","855","14945","5.0","לא","--:--:--","--","16.0","--:--:--","04:15:46","59","593"
אופניים,2017-02-17 10:03:11,false,"ספרינטים וטמפו","45.37","894","01:50:46","117","152","24.6","49.0","95","100","78","128","188","--","162.1","182","162","904","7376","7.0","לא","--:--:--","--","13.0","--:--:--","01:50:46","4","42"
אופניים,2017-02-14 07:25:09,false,"גדר מערכת","49.18","1,339","02:29:40","117","147","19.7","72.2","1,019","1,031","69","120","204","--","257.3","202","201","557","7784","4.0","לא","--:--:--","--","8.0","--:--:--","02:29:40","39","244"
אופניים,2017-02-13 16:45:15,false,"נוער רשצ","54.64","876","02:32:58","103","155","21.4","49.1","128","136","72","113","187","--","216.1","143","147","1,082","7259","7.0","לא","--:--:--","--","13.0","--:--:--","02:32:58","'-1","33"
אופניים,2017-02-11 07:54:26,false,"דינמו ירושלים ללא מד דופק","104.16","2,468","05:13:16","--","--","20.0","71.1","2,173","2,170","74","166","201","--","504.2","255","203","872","15111","3.0","לא","--:--:--","--","21.0","--:--:--","05:13:16","124","777"
אופניים,2017-02-08 08:32:20,false,"מרוץ גבעת המופעים","35.59","722","00:58:28","154","165","36.5","51.3","47","48","86","121","239","--","131.9","228","251","1,081","4047","9.0","לא","--:--:--","--","12.0","--:--:--","00:58:28","3","10"
אופניים,2017-02-07 10:17:06,false,"נס הרים","46.78","1,341","02:31:17","124","155","18.6","66.4","1,132","1,120","66","103","190","‎47%‎‏ / שמאל ‏‎53%‎ ‏ ימין","227.3","225","192","432","7754","14.0","לא","--:--:--","--","23.0","--:--:--","02:31:17","202","699"
אופניים,2017-02-06 16:42:32,false,"נוער TACC","57.14","1,097","02:47:06","112","170","20.5","43.9","173","179","74","109","194","‎46%‎‏ / שמאל ‏‎54%‎ ‏ ימין","245.8","187","171","769","7844","11.0","לא","--:--:--","--","15.0","--:--:--","02:47:06","'-2","35"
אופניים,2017-02-04 08:59:35,false,"מרןץ בית גוברין","75.75","1,382","02:26:13","141","163","31.1","64.7","899","899","83","117","218","--","289.2","227","227","964","8356","4.0","לא","--:--:--","--","22.0","--:--:--","02:26:13","173","352"
אופניים,2017-01-26 09:12:35,false,"פעמים נס הרים  פעם נטיפים","41.83","1,336","02:47:17","112","143","15.0","59.8","1,158","1,136","61","110","--","‎47%‎‏ / שמאל ‏‎53%‎ ‏ ימין","232.9","211","190","654","7122","11.0","לא","--:--:--","--","17.0","--:--:--","02:47:17","198","635"
אופניים,2017-01-25 19:06:01,false,"שוהם - 7 הקפות","56.20","1,345","02:03:17","131","167","27.4","52.6","405","409","86","150","--","‎45%‎‏ / שמאל ‏‎55%‎ ‏ ימין","289.8","279","231","992","8326","11.0","לא","--:--:--","--","12.0","--:--:--","02:03:17","102","124"
אופניים,2017-01-23 15:48:00,false,"נוער TACC","49.10","1,103","02:11:24","114","156","22.4","42.8","140","149","77","127","--","‎46%‎‏ / שמאל ‏‎54%‎ ‏ ימין","233.8","251","194","874","7249","11.0","לא","--:--:--","--","19.0","--:--:--","02:11:24","'-10","5"
אופניים,2017-01-21 07:02:22,false,"דינמו, תאונה עם יובל  - נגש משולש","89.99","2,047","03:36:56","119","156","24.9","57.8","698","688","83","159","--","‎45%‎‏ / שמאל ‏‎55%‎ ‏ ימין","435.1","264","217","899","13150","7.0","לא","--:--:--","--","16.0","--:--:--","03:36:56","37","278"
אופניים,2017-01-18 18:09:59,false,"רכיבה על אופנייים","56.56","1,157","02:03:52","126","172","27.4","49.5","411","416","82","130","213","--","233.2","238","193","990","8312","10.0","לא","--:--:--","--","13.0","--:--:--","02:03:52","105","126"
אופניים,2017-01-17 13:41:34,false,"רכיבה על אופנייים","55.68","1,214","02:19:20","114","144","24.0","63.5","810","830","72","113","181","--","190.0","169","165","652","8948","16.0","לא","--:--:--","--","21.0","--:--:--","02:19:23","120","240"
אופניים,2017-01-16 15:51:34,false,"רכיבה על אופנייים","59.34","1,314","02:35:29","116","162","22.9","44.9","191","189","77","122","218","‎45%‎‏ / שמאל ‏‎55%‎ ‏ ימין","305.9","238","196","1,164","8708","8.0","לא","--:--:--","--","16.0","--:--:--","02:35:29","226","261"
אופניים,2017-01-14 07:03:51,false,"דינמו בית גוברין + סימולציות נגש","99.00","1,980","03:48:48","124","162","26.0","68.4","1,288","1,277","82","140","--","--","349.2","214","205","783","12340","6.0","לא","--:--:--","--","15.0","--:--:--","03:48:48","125","394"
אופניים,2017-01-11 18:00:09,false,"שוהם סימולציות","60.79","1,380","02:17:10","125","167","26.6","52.8","423","432","80","160","--","‎46%‎‏ / שמאל ‏‎54%‎ ‏ ימין","294.5","269","219","867","8466","9.0","לא","--:--:--","--","10.0","--:--:--","02:17:10","105","125"
אופניים,2017-01-10 08:08:28,false,"טמפו עם קצת שינויי קצב","45.06","967","01:54:46","110","155","23.6","40.7","90","89","79","108","--","‎45%‎‏ / שמאל ‏‎55%‎ ‏ ימין","158.6","185","162","674","7958","7.0","לא","--:--:--","--","14.0","--:--:--","01:54:46","3","40"
אופניים,2017-01-09 16:18:58,false,"רשצ טכניקת דיווש רגל-רגל","36.56","766","01:40:49","--","--","21.8","33.1","74","80","78","183","--","‎48%‎‏ / שמאל ‏‎52%‎ ‏ ימין","101.0","162","150","825","6269","9.0","לא","--:--:--","--","12.0","--:--:--","01:40:49","'-9","28"
אופניים,2017-01-07 08:50:17,false,"מרוץ אורים 2017","83.43","1,683","02:35:48","137","165","32.1","59.4","304","315","85","116","--","‎46%‎‏ / שמאל ‏‎54%‎ ‏ ימין","306.1","271","227","968","10346","6.0","לא","--:--:--","--","16.0","--:--:--","02:38:13","31","110"
אופניים,2017-01-05 05:00:14,false,"רכיבה על אופנייים","45.36","1,017","01:54:42","113","156","23.7","43.3","106","110","74","113","184","‎46%‎‏ / שמאל ‏‎54%‎ ‏ ימין","160.4","207","164","948","7745","4.0","לא","--:--:--","--","16.0","--:--:--","01:54:42","'-5","36"
אופניים,2017-01-04 18:08:35,false,"רכיבה על אופנייים","61.02","1,444","02:13:00","136","174","27.5","48.4","405","411","85","132","243","‎45%‎‏ / שמאל ‏‎55%‎ ‏ ימין","319.5","253","224","995","9201","8.0","לא","--:--:--","--","9.0","--:--:--","02:13:00","97","116"
אופניים,2017-01-02 16:04:09,false,"רכיבה על אופנייים","32.21","702","01:33:23","112","146","20.7","34.3","110","119","80","115","186","‎46%‎‏ / שמאל ‏‎54%‎ ‏ ימין","133.4","200","181","1,043","5194","7.0","לא","--:--:--","--","11.0","--:--:--","01:33:23","'-9","8"
אופניים,2017-01-01 13:28:52,false,"רכיבה על אופנייים","36.15","810","01:31:53","113","142","23.6","37.8","78","87","78","114","182","‎45%‎‏ / שמאל ‏‎55%‎ ‏ ימין","125.7","188","171","609","6246","13.0","לא","--:--:--","--","14.0","--:--:--","01:31:53","3","41"
אופניים,2016-12-31 07:14:18,false,"רכיבה על אופנייים","77.88","1,486","03:18:03","123","154","23.6","39.4","205","233","--","--","--","--","0.0","--","--","--","--","6.0","לא","--:--:--","--","13.0","--:--:--","03:18:03","'-5","43"
אופניים,2016-12-28 08:39:19,false,"רשצ אינטרואלים","45.41","1,029","01:51:24","116","155","24.5","39.8","94","100","78","113","--","‎45%‎‏ / שמאל ‏‎55%‎ ‏ ימין","184.8","232","176","616","7683","9.0","לא","--:--:--","--","12.0","--:--:--","01:51:24","'-4","36"
אופניים,2016-12-24 06:55:07,false,"סימולציות אורים דינמו ncc","126.77","2,076","04:25:56","123","168","28.6","53.2","558","559","84","207","--","--","398.5","248","182","904","15998","6.0","לא","--:--:--","--","14.0","--:--:--","04:25:56","42","258"
אופניים,2016-12-21 05:24:28,false,"רכיבה על אופנייים","37.75","764","01:30:33","116","153","25.0","44.0","80","84","78","111","169","--","107.1","200","162","864","6169","3.0","לא","--:--:--","--","14.0","--:--:--","01:30:33","3","40"
אופניים,2016-12-20 04:52:59,false,"רכיבה על אופנייים","47.92","992","01:57:17","116","160","24.5","41.3","104","109","75","115","187","--","170.5","186","161","630","7828","1.0","לא","--:--:--","--","14.0","--:--:--","01:57:17","'-2","36"
אופניים,2016-12-17 06:55:03,false,"דינמו פדיה+ נגש","96.96","1,722","03:42:09","117","164","26.2","54.5","829","840","84","122","--","--","316.7","215","181","769","13498","8.0","לא","--:--:--","--","16.0","--:--:--","03:42:09","49","357"
אופניים,2016-12-12 16:23:09,false,"נוער","36.87","688","01:42:57","114","172","21.5","50.4","63","71","75","191","--","‎47%‎‏ / שמאל ‏‎53%‎ ‏ ימין","177.0","190","166","1,060","5080","12.0","לא","--:--:--","--","16.0","--:--:--","01:42:57","4","13"
אופניים,2016-12-09 07:04:11,false,"דינמו דימונה","108.53","2,342","04:18:23","122","159","25.2","67.6","1,471","1,475","80","143","--","‎45%‎‏ / שמאל ‏‎55%‎ ‏ ימין","411.8","257","192","745","16393","5.0","לא","--:--:--","--","16.0","--:--:--","04:18:23","'-250","551"
אופניים,2016-12-07 17:54:50,false,"דינמו 3*2 הקפות תחרות שוהם","46.43","916","02:04:42","117","175","22.3","55.9","300","307","82","125","--","‎45%‎‏ / שמאל ‏‎55%‎ ‏ ימין","262.3","176","188","1,095","6712","10.0","לא","--:--:--","--","14.0","--:--:--","02:04:42","92","111"
אופניים,2016-12-07 04:52:00,false,"נפח ציפור","49.92","978","01:59:37","106","152","25.0","41.7","84","94","84","117","--","‎45%‎‏ / שמאל ‏‎55%‎ ‏ ימין","145.1","185","162","634","8495","5.0","לא","--:--:--","--","16.0","--:--:--","01:59:37","'-11","26"
אופניים,2016-12-06 04:46:03,false,"טמפו כח מהירות","50.36","1,076","02:00:35","113","159","25.1","44.3","60","100","78","117","--","‎45%‎‏ / שמאל ‏‎55%‎ ‏ ימין","190.2","196","177","576","7974","5.0","לא","--:--:--","--","16.0","--:--:--","02:00:37","'-11","26"
אופניים,2016-12-05 15:39:32,false,"נוער רשצ","50.52","728","02:47:45","86","143","18.1","42.7","153","161","74","184","--","‎47%‎‏ / שמאל ‏‎53%‎ ‏ ימין","112.1","155","125","907","7296","11.0","לא","--:--:--","--","16.0","--:--:--","02:47:45","'-6","29"
אופניים,2016-12-03 07:04:09,false,"דינמו שוהם נס הרים ","117.44","2,300","04:37:42","121","160","25.4","71.6","1,433","1,443","81","140","--","--","412.4","247","181","705","17427","7.0","לא","--:--:--","--","14.0","--:--:--","00:NaN:NaN","34","723"
אופניים,2016-11-30 07:40:26,false,"נפח רשצ","50.44","906","01:52:18","115","152","26.9","45.2","103","80","78","131","--","--","135.4","187","154","952","7726","17.0","לא","--:--:--","--","19.0","--:--:--","00:NaN:NaN","'-0","35"
אופניים,2016-11-29 05:03:02,false,"טמפו כוח - מהירות","45.01","865","01:49:32","113","157","24.7","41.9","98","100","73","113","--","--","145.7","170","156","585","6857","9.0","לא","--:--:--","--","18.0","--:--:--","00:NaN:NaN","'-9","29"
אופניים,2016-11-28 15:40:32,false,"נוער רשצ","51.21","813","02:45:52","--","--","18.5","39.3","164","173","72","170","--","‎45%‎‏ / שמאל ‏‎55%‎ ‏ ימין","154.3","172","136","876","7247","15.0","לא","--:--:--","--","21.0","--:--:--","00:NaN:NaN","1","37"
אופניים,2016-11-26 06:37:05,false,"דינמו - פדיה אמציה  + נגש","141.80","4,927","05:24:57","--","--","26.2","65.8","1,542","1,547","--","--","--","--","0.0","--","--","--","--","6.0","לא","--:--:--","--","21.0","--:--:--","00:NaN:NaN","119","371"
אופניים,2016-11-24 05:22:09,false,"רשצ  עצמאית","34.13","805","01:09:01","--","--","29.7","43.8","48","49","88","110","--","‎44%‎‏ / שמאל ‏‎56%‎ ‏ ימין","146.1","255","206","755","5736","9.0","לא","--:--:--","--","12.0","--:--:--","00:NaN:NaN","'-3","3"
אופניים,2016-11-23 05:09:30,false,"טמפו כוח - מהירות","41.00","772","01:46:05","107","154","23.2","47.2","94","107","76","161","--","‎45%‎‏ / שמאל ‏‎55%‎ ‏ ימין","129.6","173","144","644","6888","14.0","לא","--:--:--","--","19.0","--:--:--","00:NaN:NaN","'-7","27"
אופניים,2016-11-21 16:01:10,false,"נוער רשצ","35.38","468","02:31:33","82","117","14.0","35.1","118","129","71","143","--","‎44%‎‏ / שמאל ‏‎56%‎ ‏ ימין","58.4","112","99","766","5747","19.0","לא","--:--:--","--","22.0","--:--:--","00:NaN:NaN","'-3","36"
אופניים,2016-11-19 11:47:55,false,"דינמו מחנה. חזרה מהחרמון לגדות","53.40","702","01:40:21","110","163","31.9","80.7","233","1,713","--","--","--","--","0.0","--","--","--","--","17.0","לא","--:--:--","--","26.0","--:--:--","00:NaN:NaN","93","1,620"
אופניים,2016-11-19 08:03:11,false,"דינמו מחנה גדות עד עליה לחרמון","30.43","522","01:16:03","112","144","24.0","59.7","250","179","84","121","--","‎43%‎‏ / שמאל ‏‎57%‎ ‏ ימין","83.7","175","150","787","4930","15.0","לא","--:--:--","--","23.0","--:--:--","00:NaN:NaN","69","187"
אופניים,2016-11-17 19:43:39,false,"דינמו מחנה גדות  חמת גדר גדות","128.62","3,063","05:31:02","126","169","23.3","74.8","1,663","1,639","80","124","--","‎44%‎‏ / שמאל ‏‎56%‎ ‏ ימין","575.9","288","198","732","20796","9.0","לא","--:--:--","--","24.0","--:--:--","00:NaN:NaN","'-202","845"
אופניים,2016-11-16 04:58:47,false,"רכיבה על אופנייים","45.19","776","01:55:23","114","160","23.5","46.9","86","90","76","123","169","--","137.4","177","143","965","7012","17.0","לא","--:--:--","--","20.0","--:--:--","00:NaN:NaN","'-6","29"
אופניים,2016-11-15 05:05:29,false,"רכיבה על אופנייים","47.67","868","01:51:44","115","163","25.6","44.9","96","99","80","195","176","--","142.9","170","151","819","7875","10.0","לא","--:--:--","--","21.0","--:--:--","00:NaN:NaN","'-5","29"
אופניים,2016-11-14 16:09:22,false,"רכיבה על אופנייים","39.49","616","01:58:51","101","137","19.9","38.7","112","115","75","206","158","--","121.1","149","143","849","5505","19.0","לא","--:--:--","--","21.0","--:--:--","00:NaN:NaN","'-1","10"
אופניים,2016-11-12 06:30:03,false,"דינמו שהם מרובע ומשולש","130.71","2,077","04:46:14","113","149","27.4","73.2","1,180","1,156","85","150","--","--","340.1","189","162","908","18644","12.0","לא","--:--:--","--","29.0","--:--:--","00:NaN:NaN","53","315"
אופניים,2016-11-11 07:20:22,false,"שטח עם תומר לעינת","38.00","828","02:47:02","101","137","13.6","32.8","138","142","--","--","--","--","0.0","--","--","--","--","15.0","לא","--:--:--","--","23.0","--:--:--","00:NaN:NaN","30","69"
אופניים,2016-11-09 05:12:54,false,"אנאירובי אלקטי","43.92","767","01:43:47","108","161","25.4","42.6","92","64","73","173","--","--","120.0","193","123","822","6714","7.0","לא","--:--:--","--","13.0","--:--:--","00:NaN:NaN","'-6","28"
אופניים,2016-11-08 05:35:09,false,"טמפו כח מהירות","32.82","646","01:18:28","110","139","25.1","38.5","69","46","73","160","--","--","91.1","176","138","584","5101","8.0","לא","--:--:--","--","10.0","--:--:--","00:NaN:NaN","'-3","31"
אופניים,2016-11-07 15:38:59,false,"נוער","55.46","785","02:35:55","100","151","21.3","51.1","124","165","70","193","--","--","159.0","143","85","844","7142","17.0","לא","--:--:--","--","21.0","--:--:--","00:NaN:NaN","'-12","18"
אופניים,2016-11-05 06:56:17,false,"דינמו ערד יום ב","132.80","2,195","04:54:15","114","163","27.1","57.3","1,052","1,042","82","124","--","‎43%‎‏ / שמאל ‏‎57%‎ ‏ ימין","386.1","222","128","973","17984","10.0","לא","--:--:--","--","25.0","--:--:--","00:NaN:NaN","277","601"
אופניים,2016-11-04 07:06:59,false,"דינמו ערד יום א. ","113.30","1,909","04:13:41","120","164","26.8","75.9","1,405","1,414","82","119","--","--","312.3","222","127","896","16318","15.0","לא","--:--:--","--","27.0","--:--:--","00:NaN:NaN","'-380","588"
אופניים,2016-11-03 05:02:14,false,"ראש ציפור. רגל רגל","44.70","752","01:51:32","107","159","24.0","42.6","133","133","75","201","--","--","128.6","178","113","796","6654","9.0","לא","--:--:--","--","21.0","--:--:--","00:NaN:NaN","2","36"
אופניים,2016-11-02 05:38:06,false,"שעה קל","30.00","492","01:16:11","--","--","23.6","34.9","49","72","86","113","--","--","48.9","140","108","469","5694","17.0","לא","--:--:--","--","20.0","--:--:--","00:NaN:NaN","'-9","13"
אופניים,2016-11-01 07:27:39,false,"בקרת הספק סלד גבוה","41.90","755","01:36:07","121","151","26.2","40.4","74","87","92","193","--","--","100.7","159","132","715","7664","17.0","לא","--:--:--","--","23.0","--:--:--","00:NaN:NaN","'-12","22"
אופניים,2016-10-31 15:50:48,false,"נוער","47.90","684","02:09:38","103","149","22.2","49.2","98","135","79","241","--","--","123.1","153","89","1,202","7293","20.0","לא","--:--:--","--","23.0","--:--:--","00:NaN:NaN","'-11","16"
אופניים,2016-10-29 06:58:05,false,"דינמו גבעת עדה","102.60","1,501","03:32:36","111","147","29.0","55.5","541","549","85","134","--","--","226.2","189","120","815","14069","12.0","לא","--:--:--","--","30.0","--:--:--","00:NaN:NaN","'-5","112"
אופניים,2016-10-28 06:51:20,false,"שעתים ראש ציפור-שישי","57.90","1,079","01:56:55","128","162","29.7","46.9","93","104","81","108","--","--","183.9","221","154","859","8088","15.0","לא","--:--:--","--","21.0","--:--:--","00:NaN:NaN","'-6","32"
אופניים,2016-10-27 05:06:05,false,"רכיבה על אופנייים","39.19","647","01:52:19","97","145","20.9","33.8","118","121","61","194","--","--","90.9","150","99","784","5098","13.0","לא","--:--:--","--","22.0","--:--:--","00:NaN:NaN","2","41"
אופניים,2016-10-25 05:59:25,false,"רכיבה על אופנייים","48.96","838","01:56:51","113","168","25.1","47.2","84","96","80","187","--","--","144.3","201","120","760","7719","14.0","לא","--:--:--","--","22.0","--:--:--","00:NaN:NaN","'-2","34"
אופניים,2016-10-24 06:23:50,false,"נפח 200 ואט סלד 90 עינת לטרון בית אריה","92.70","1,746","03:48:12","114","160","24.4","67.1","933","948","84","143","--","--","284.4","197","128","718","15349","14.0","לא","--:--:--","--","23.0","--:--:--","00:NaN:NaN","34","266"
אופניים,2016-10-22 06:33:04,false,"דינמו שהם לטרון ראש העין","95.70","1,572","03:51:54","114","170","24.8","59.9","771","783","83","159","--","--","297.8","190","117","803","13365","12.0","לא","--:--:--","--","27.0","--:--:--","00:NaN:NaN","29","275"
אופניים,2016-10-21 05:59:58,false,"סובב תל אביב עם תומר ורכבת רשצפ","58.01","1,068","02:20:03","118","169","24.9","45.4","152","159","77","211","--","--","205.7","214","127","782","8608","14.0","לא","--:--:--","--","22.0","--:--:--","00:NaN:NaN","13","50"
אופניים,2016-10-19 05:00:39,false,"אימון בקרת הספק","47.35","826","01:56:50","108","138","24.3","36.3","105","111","78","143","--","--","117.4","171","119","688","7752","17.0","לא","--:--:--","--","23.0","--:--:--","00:NaN:NaN","'-5","34"
אופניים,2016-10-17 06:12:41,false,"שוהם - בית שמש","112.97","2,116","04:20:54","115","161","26.0","68.0","1,271","1,288","73","116","--","--","327.3","210","135","829","16676","11.0","לא","--:--:--","--","26.0","--:--:--","00:NaN:NaN","199","483"
אופניים,2016-10-15 10:39:07,false,"אימון  קל","46.17","780","02:02:19","104","130","22.7","57.7","464","458","69","210","--","--","96.9","152","106","740","7102","27.0","לא","--:--:--","--","35.0","--:--:--","00:NaN:NaN","50","239"
אופניים,2016-10-14 05:24:41,false,"אימון -ג המופעים  + רשצפ","68.13","1,239","02:45:24","110","161","24.7","46.3","81","111","75","149","--","--","209.8","207","132","829","9952","13.0","לא","--:--:--","--","23.0","--:--:--","00:NaN:NaN","'-3","33"
אופניים,2016-10-12 06:06:20,false,"יום כיפור- עתלית","170.70","3,116","06:00:01","120","152","28.4","51.4","827","835","76","116","--","--","425.7","197","146","661","24996","14.0","לא","--:--:--","--","32.0","--:--:--","00:NaN:NaN","'-4","73"
אופניים,2016-10-11 06:55:20,false,"רכיבה על אופנייים","47.59","855","01:55:21","119","170","24.8","46.4","78","88","83","190","172","--","140.1","200","126","871","7789","17.0","לא","--:--:--","--","23.0","--:--:--","00:NaN:NaN","8","43"
אופניים,2016-10-10 17:21:11,false,"אימון נוער","45.39","828","02:08:29","109","156","21.2","46.5","119","104","72","118","--","--","141.2","187","112","964","6522","21.0","לא","--:--:--","--","25.0","--:--:--","00:NaN:NaN","'-3","29"
אופניים,2016-10-08 06:27:36,false,"דינמו משוהם","98.66","1,513","03:32:32","113","148","27.9","62.2","687","682","85","183","--","--","259.2","194","119","925","12750","15.0","לא","--:--:--","--","28.0","--:--:--","00:NaN:NaN","32","281"
אופניים,2016-10-07 05:53:51,false,"רכיבה על אופנייים","48.18","786","02:06:03","107","148","22.9","40.0","158","157","78","114","156","--","127.5","158","105","670","7232","15.0","לא","--:--:--","--","24.0","--:--:--","00:NaN:NaN","6","39"
אופניים,2016-10-06 05:11:34,false,"רכיבה על אופנייים","36.91","694","01:32:57","103","143","23.8","37.2","48","77","81","187","165","‎44%‎‏ / שמאל ‏‎56%‎ ‏ ימין","104.6","179","125","650","6346","15.0","לא","--:--:--","--","25.0","--:--:--","00:NaN:NaN","0","35"
אופניים,2016-10-04 06:56:53,false,"דינמו ראש השנה.120 קמ. גרמין נעצר","80.42","1,149","03:06:00","101","149","25.9","50.1","399","428","87","115","--","‎43%‎‏ / שמאל ‏‎57%‎ ‏ ימין","107.7","157","126","660","5923","17.0","לא","--:--:--","--","29.0","--:--:--","00:NaN:NaN","9","77"
אופניים,2016-10-03 06:46:06,false,"רכיבה עם תומר בית אריה גדר מערכת שהם","51.86","1,151","02:08:28","116","163","24.2","80.1","730","741","75","122","--","‎44%‎‏ / שמאל ‏‎56%‎ ‏ ימין","255.3","220","150","870","7408","17.0","לא","--:--:--","--","28.0","--:--:--","00:NaN:NaN","93","243"
אופניים,2016-10-01 06:30:09,false,"דינמו קוממיות","112.35","2,081","03:42:39","121","162","30.3","58.7","740","743","85","123","--","‎44%‎‏ / שמאל ‏‎56%‎ ‏ ימין","392.2","224","157","801","15043","12.0","לא","--:--:--","--","28.0","--:--:--","00:NaN:NaN","50","248"
אופניים,2016-09-30 08:14:35,false,"ציפור עצמאי","46.52","949","01:38:43","125","159","28.3","41.5","62","93","82","113","--","‎44%‎‏ / שמאל ‏‎56%‎ ‏ ימין","170.1","234","160","770","6667","21.0","לא","--:--:--","--","28.0","--:--:--","00:NaN:NaN","'-4","32"
אופניים,2016-09-28 05:16:01,false,"אימון ראש ציפור","38.74","779","01:22:10","118","167","28.3","43.8","40","79","85","107","--","‎45%‎‏ / שמאל ‏‎55%‎ ‏ ימין","135.0","226","159","638","6271","18.0","לא","--:--:--","--","23.0","--:--:--","00:NaN:NaN","11","49"
אופניים,2016-09-27 05:14:52,false,"אימון בקרת סלד","39.56","679","01:39:44","101","141","23.8","38.8","87","88","82","159","--","‎46%‎‏ / שמאל ‏‎54%‎ ‏ ימין","89.7","165","115","622","6816","16.0","לא","--:--:--","--","24.0","--:--:--","00:NaN:NaN","1","38"
אופניים,2016-09-26 17:00:50,false,"נוער רשצ","44.51","703","02:13:20","101","150","20.0","44.4","104","153","85","164","--","‎47%‎‏ / שמאל ‏‎53%‎ ‏ ימין","107.1","157","92","942","6588","22.0","לא","--:--:--","--","25.0","--:--:--","00:NaN:NaN","14","39"
אופניים,2016-09-24 06:43:22,false,"דינמו משוהם","94.03","1,596","03:08:43","117","153","29.9","61.1","695","712","86","133","--","‎45%‎‏ / שמאל ‏‎55%‎ ‏ ימין","297.4","207","141","722","12666","17.0","לא","--:--:--","--","29.0","--:--:--","00:NaN:NaN","43","277"
אופניים,2016-09-23 06:34:55,false,"שישי עם דינמו רמלוד","96.97","1,666","03:35:20","116","151","27.0","62.6","886","899","85","129","--","‎45%‎‏ / שמאל ‏‎55%‎ ‏ ימין","263.5","199","131","637","13743","18.0","לא","--:--:--","--","28.0","--:--:--","00:NaN:NaN","46","306"
אופניים,2016-09-21 05:09:40,false,"רשצ","40.02","697","01:32:49","110","171","25.9","46.1","117","119","71","118","--","‎47%‎‏ / שמאל ‏‎53%‎ ‏ ימין","134.6","214","126","971","5560","18.0","לא","--:--:--","--","23.0","--:--:--","00:NaN:NaN","8","21"
אופניים,2016-09-20 05:03:02,false,"רכיבה על אופנייים","42.88","786","01:32:04","114","164","27.9","42.3","62","91","83","113","184","‎45%‎‏ / שמאל ‏‎55%‎ ‏ ימין","128.4","208","143","733","6564","16.0","לא","--:--:--","--","26.0","--:--:--","00:NaN:NaN","8","42"
אופניים,2016-09-19 05:09:46,false,"רכיבה על אופנייים","42.33","1,278","02:45:40","114","172","15.3","43.1","58","88","87","119","180","‎44%‎‏ / שמאל ‏‎56%‎ ‏ ימין","211.2","245","134","790","11216","16.0","לא","--:--:--","--","25.0","--:--:--","00:NaN:NaN","4","38"
אופניים,2016-09-17 07:06:25,false,"TACC עם תומר (תאונה לרוכב מסטר)","89.98","1,314","03:45:02","109","157","24.0","50.7","437","456","87","127","--","‎44%‎‏ / שמאל ‏‎56%‎ ‏ ימין","203.4","164","103","825","13538","17.0","לא","--:--:--","--","37.0","--:--:--","00:NaN:NaN","43","205"
אופניים,2016-09-15 17:17:09,false,"רכיבה על אופנייים","40.99","792","01:28:05","129","158","27.9","41.8","40","77","90","113","169","‎44%‎‏ / שמאל ‏‎56%‎ ‏ ימין","104.6","180","150","554","7271","24.0","לא","--:--:--","--","26.0","--:--:--","00:NaN:NaN","3","18"
אופניים,2016-09-05 17:23:02,false,"רכיבה על אופנייים","45.68","577","02:18:08","90","130","19.8","36.3","94","105","74","223","119","‎46%‎‏ / שמאל ‏‎54%‎ ‏ ימין","74.9","108","74","829","6280","23.0","לא","--:--:--","--","28.0","--:--:--","00:NaN:NaN","'-4","9"
אופניים,2016-09-03 06:08:01,false,"דינמו גדרה","89.72","1,688","03:12:41","121","165","27.9","56.0","431","438","86","152","--","‎44%‎‏ / שמאל ‏‎56%‎ ‏ ימין","293.5","248","147","790","13208","19.0","לא","--:--:--","--","27.0","--:--:--","00:NaN:NaN","41","141"
אופניים,2016-09-02 05:14:22,false,"רכיבה על אופנייים","43.72","917","01:29:25","119","159","29.3","46.8","64","91","76","115","208","‎44%‎‏ / שמאל ‏‎56%‎ ‏ ימין","160.1","245","171","645","6227","17.0","לא","--:--:--","--","23.0","--:--:--","00:NaN:NaN","25","53"
אופניים,2016-09-01 05:12:25,false,"רכיבה על אופנייים","44.90","940","01:31:49","124","162","29.3","43.1","83","100","84","104","208","‎45%‎‏ / שמאל ‏‎55%‎ ‏ ימין","165.5","257","171","719","6944","20.0","לא","--:--:--","--","25.0","--:--:--","00:NaN:NaN","14","48"
אופניים,2016-08-31 05:59:36,false,"רכיבה על אופנייים","51.86","964","01:49:48","129","169","28.3","47.8","133","142","85","139","205","‎45%‎‏ / שמאל ‏‎55%‎ ‏ ימין","191.6","229","147","787","7231","21.0","לא","--:--:--","--","25.0","--:--:--","00:NaN:NaN","'-1","33"
אופניים,2016-08-29 06:36:51,false,"רכיבה על אופנייים","45.76","840","01:23:16","127","162","33.0","44.3","66","85","87","120","205","‎45%‎‏ / שמאל ‏‎55%‎ ‏ ימין","144.7","216","168","850","6246","21.0","לא","--:--:--","--","25.0","--:--:--","00:NaN:NaN","6","30"
אופניים,2016-08-27 06:29:20,false,"דינמו","111.75","1,978","03:49:49","124","162","29.2","57.1","548","559","87","223","--","‎45%‎‏ / שמאל ‏‎55%‎ ‏ ימין","337.9","201","146","852","15445","19.0","לא","--:--:--","--","31.0","--:--:--","00:NaN:NaN","35","167"
אופניים,2016-08-25 06:07:46,false,"רכיבה על אופנייים","41.15","776","01:26:21","124","163","28.6","43.6","94","96","79","146","203","‎45%‎‏ / שמאל ‏‎55%‎ ‏ ימין","147.2","226","150","729","5767","22.0","לא","--:--:--","--","26.0","--:--:--","00:NaN:NaN","5","42"
אופניים,2016-08-24 06:08:48,false,"רכיבה על אופנייים","31.23","628","01:00:37","131","164","30.9","45.6","40","56","88","112","210","‎45%‎‏ / שמאל ‏‎55%‎ ‏ ימין","110.6","233","173","816","4650","22.0","לא","--:--:--","--","27.0","--:--:--","00:NaN:NaN","9","31"
אופניים,2016-08-21 10:33:56,false,"Kattarp רכיבה על אופנייים","65.44","1,614","02:51:03","114","148","23.0","46.7","314","315","76","112","192","‎46%‎‏ / שמאל ‏‎54%‎ ‏ ימין","288.1","188","158","653","10730","18.0","לא","--:--:--","--","25.0","--:--:--","00:NaN:NaN","'-1","59"
אופניים,2016-08-20 07:14:24,false,"Kattarp רכיבה על אופנייים","81.69","1,556","04:33:37","--","--","17.9","43.6","325","320","70","117","138","‎46%‎‏ / שמאל ‏‎55%‎ ‏ ימין","219.9","141","103","705","14278","10.0","לא","--:--:--","--","21.0","--:--:--","00:NaN:NaN","2","98"
אופניים,2016-08-17 16:55:36,false,"Kattarp רכיבה על אופנייים","38.29","906","01:48:28","106","151","21.2","50.7","88","83","75","107","198","‎45%‎‏ / שמאל ‏‎55%‎ ‏ ימין","182.2","200","149","771","6503","15.0","לא","--:--:--","--","22.0","--:--:--","00:NaN:NaN","0","35"
אופניים,2016-08-15 05:41:05,false,"Kattarp רכיבה על אופנייים","45.49","1,129","01:46:18","118","149","25.7","42.1","86","80","84","142","208","‎46%‎‏ / שמאל ‏‎54%‎ ‏ ימין","210.4","219","177","670","8458","8.0","לא","--:--:--","--","17.0","--:--:--","00:NaN:NaN","3","40"
אופניים,2016-08-13 07:10:13,false,"Kattarp רכיבה על אופנייים","74.18","1,698","02:56:38","112","140","25.2","47.8","212","211","73","110","175","‎45%‎‏ / שמאל ‏‎55%‎ ‏ ימין","247.3","183","161","682","12432","13.0","לא","--:--:--","--","15.0","--:--:--","00:NaN:NaN","'-4","50"
אופניים,2016-08-12 05:46:24,false,"Kattarp רכיבה על אופנייים","51.29","1,135","02:08:11","105","129","24.0","36.3","95","94","73","97","166","‎47%‎‏ / שמאל ‏‎53%‎ ‏ ימין","162.3","187","148","546","8851","3.0","לא","--:--:--","--","10.0","--:--:--","00:NaN:NaN","12","48"
אופניים,2016-08-11 05:57:46,false,"Kattarp רכיבה על אופנייים","45.74","1,117","01:51:30","129","160","24.6","46.9","87","95","90","169","199","‎46%‎‏ / שמאל ‏‎54%‎ ‏ ימין","202.5","219","168","641","9443","8.0","לא","--:--:--","--","16.0","--:--:--","00:NaN:NaN","'-1","35"
אופניים,2016-08-09 05:29:33,false,"Kattarp רכיבה על אופנייים","50.62","1,205","02:06:21","113","145","24.0","44.0","124","126","78","120","184","‎46%‎‏ / שמאל ‏‎54%‎ ‏ ימין","195.6","214","160","705","9227","8.0","לא","--:--:--","--","15.0","--:--:--","00:NaN:NaN","6","42"
אופניים,2016-08-05 05:16:42,false,"Kattarp רכיבה על אופנייים","80.79","1,905","03:05:13","120","144","26.2","52.8","359","368","78","112","195","‎46%‎‏ / שמאל ‏‎54%‎ ‏ ימין","323.7","203","172","733","13443","11.0","לא","--:--:--","--","16.0","--:--:--","00:NaN:NaN","'-5","96"
אופניים,2016-08-03 05:47:35,false,"רכיבה  עם תומר","61.73","1,262","03:25:15","96","149","18.0","45.3","129","122","76","114","--","‎47%‎‏ / שמאל ‏‎53%‎ ‏ ימין","237.7","218","110","671","11078","5.0","לא","--:--:--","--","16.0","--:--:--","00:NaN:NaN","6","27"
אופניים,2016-07-23 06:04:47,false,"דינמו- רכיבה ראשונה עם מד ואטים","88.44","466","03:05:49","116","162","28.6","60.0","604","608","84","121","--","‎47%‎‏ / שמאל ‏‎53%‎ ‏ ימין","290.6","227","149","964","12891","21.0","לא","--:--:--","--","36.0","--:--:--","00:NaN:NaN","64","311"
אופניים,2016-07-22 05:44:18,false,"ראשצפ","80.76","1,232","02:53:22","122","159","28.0","50.1","67","67","86","130","--","--","0.0","--","--","--","13285","23.0","לא","--:--:--","--","34.0","--:--:--","00:NaN:NaN","30","63"
אופניים,2016-07-20 05:50:56,false,"ראשצפ","39.59","684","01:17:25","131","161","30.7","49.0","51","24","78","106","--","--","0.0","--","--","--","5515","26.0","לא","--:--:--","--","29.0","--:--:--","00:NaN:NaN","7","41"
אופניים,2016-07-19 05:24:16,false,"ראשצפ","42.93","694","01:23:35","123","160","30.8","44.3","29","102","76","114","--","--","0.0","--","--","--","6070","25.0","לא","--:--:--","--","27.0","--:--:--","00:NaN:NaN","11","89"
אופניים,2016-07-17 05:09:21,false,"ראשצפ","53.98","703","02:08:06","107","163","25.3","44.7","167","155","68","177","--","--","0.0","--","--","--","7649","26.0","לא","--:--:--","--","30.0","--:--:--","00:NaN:NaN","57","103"
אופניים,2016-07-15 05:57:57,false,"ראשצפ","49.20","783","01:47:31","122","167","27.5","46.2","103","108","73","122","--","--","0.0","--","--","--","6951","26.0","לא","--:--:--","--","30.0","--:--:--","00:NaN:NaN","60","97"
אופניים,2016-07-14 05:15:13,false,"ראשצפ","45.04","693","01:45:22","115","159","25.6","50.8","74","62","84","131","--","--","0.0","--","--","--","7847","25.0","לא","--:--:--","--","29.0","--:--:--","00:NaN:NaN","63","108"
אופניים,2016-07-12 05:42:33,false,"ראש ציפור","30.17","479","01:04:12","121","162","28.2","45.6","51","62","78","112","--","--","0.0","--","--","--","4402","26.0","לא","--:--:--","--","29.0","--:--:--","00:NaN:NaN","53","92"
אופניים,2016-07-11 17:18:18,false,"נוער","55.02","772","02:42:08","103","151","20.4","45.3","124","117","80","146","--","--","0.0","--","--","--","9579","29.0","לא","--:--:--","--","32.0","--:--:--","00:NaN:NaN","50","81"
אופניים,2016-07-09 07:27:20,false,"מרוץ 3 כלות","69.83","1,545","03:37:16","140","165","19.3","73.6","1,507","1,503","82","135","--","--","0.0","--","--","--","10619","24.0","לא","--:--:--","--","41.0","--:--:--","00:NaN:NaN","519","706"
אופניים,2016-07-07 05:15:40,false,"קל","39.42","475","01:34:13","106","159","25.1","52.2","73","65","76","139","--","--","0.0","--","--","--","6557","26.0","לא","--:--:--","--","29.0","--:--:--","00:NaN:NaN","76","116"
אופניים,2016-07-06 04:57:26,false,"אימון איכות רשצ","61.61","1,049","02:07:18","130","170","29.0","49.8","77","48","79","114","--","--","0.0","--","--","--","9279","26.0","לא","--:--:--","--","28.0","--:--:--","00:NaN:NaN","87","126"
אופניים,2016-07-04 17:13:05,false,"נוער","53.15","885","02:52:30","108","155","18.5","42.4","144","150","81","198","--","--","0.0","--","--","--","9978","28.0","לא","--:--:--","--","33.0","--:--:--","00:NaN:NaN","73","110"
אופניים,2016-07-02 06:22:03,false,"דינמו ראש העין עם תומר","80.90","3,190","03:30:10","--","--","23.1","58.5","909","856","76","120","--","--","0.0","--","--","--","11320","24.0","לא","--:--:--","--","36.0","--:--:--","00:NaN:NaN","49","185"
אופניים,2016-06-27 05:32:52,false,"ראש ציפור קל","45.32","520","01:33:43","112","167","29.0","45.9","70","69","80","136","--","--","0.0","--","--","--","6762","26.0","לא","--:--:--","--","31.0","--:--:--","00:NaN:NaN","45","83"
אופניים,2016-06-25 07:03:16,false,"אליפות בית גוברין","76.11","1,199","02:31:46","137","167","30.1","63.0","945","946","79","135","--","--","0.0","--","--","--","9735","23.0","לא","--:--:--","--","41.0","--:--:--","00:NaN:NaN","221","390"
אופניים,2016-06-24 06:40:31,false,"אימון דינמו קל","54.87","576","01:55:39","105","138","28.5","59.0","416","444","83","124","--","--","0.0","--","--","--","7487","25.0","לא","--:--:--","--","33.0","--:--:--","00:NaN:NaN","48","195"
אופניים,2016-06-23 05:05:32,false,"קל עם הגברות","39.57","1,219","01:36:59","--","--","24.5","47.4","64","76","80","109","--","--","0.0","--","--","--","7127","26.0","לא","--:--:--","--","29.0","--:--:--","00:NaN:NaN","50","96"
אופניים,2016-06-22 05:13:30,false,"סף בוצע בחוץ במקום על טרינר","45.08","741","01:39:10","126","164","27.3","47.6","58","37","79","127","--","--","0.0","--","--","--","7367","25.0","לא","--:--:--","--","27.0","--:--:--","00:NaN:NaN","55","87"
אופניים,2016-06-20 17:22:02,false,"נוער TACC","57.88","963","02:31:41","119","169","22.9","52.4","150","121","76","119","--","--","0.0","--","--","--","9080","29.0","לא","--:--:--","--","35.0","--:--:--","00:NaN:NaN","4","40"
אופניים,2016-06-16 05:30:46,false,"אינטרול אנארובי","34.46","482","01:22:55","111","163","24.9","50.2","70","61","79","134","--","--","0.0","--","--","--","5669","24.0","לא","--:--:--","--","28.0","--:--:--","00:NaN:NaN","32","71"
אופניים,2016-06-15 05:06:40,false,"רכבת עצמית","53.85","876","01:50:26","126","168","29.3","49.4","69","70","83","106","--","--","0.0","--","--","--","8423","22.0","לא","--:--:--","--","28.0","--:--:--","00:NaN:NaN","59","93"
אופניים,2016-06-13 06:08:04,false,"אימון נגש","76.58","1,001","02:42:18","121","161","28.3","48.2","91","62","82","122","--","--","0.0","--","--","--","11601","21.0","לא","--:--:--","--","32.0","--:--:--","00:NaN:NaN","41","77"
אופניים,2016-06-11 06:31:47,false,"דינמו-הכנה לאליפות ישראל+נגש","125.33","1,746","04:27:05","124","172","28.2","69.9","1,346","1,333","86","203","--","--","0.0","--","--","--","17568","22.0","לא","--:--:--","--","36.0","--:--:--","00:NaN:NaN","81","361"
אופניים,2016-06-09 05:13:27,false,"אנאירובי(מד דופק לא תקין+תקלת שרשרת)","46.07","1,615","01:45:46","--","--","26.1","46.6","64","40","74","110","--","--","0.0","--","--","--","6922","24.0","לא","--:--:--","--","27.0","--:--:--","00:NaN:NaN","9","43"
אופניים,2016-06-08 08:52:27,false,"אימון סף(של שבוע שעבר)","42.59","679","01:34:35","119","149","27.0","43.6","39","87","81","116","--","--","0.0","--","--","--","6720","26.0","לא","--:--:--","--","38.0","--:--:--","00:NaN:NaN","28","82"
אופניים,2016-06-06 17:28:56,false,"נוער ראשצ","44.90","502","02:21:36","91","129","19.0","39.2","79","44","77","111","--","--","0.0","--","--","--","6925","27.0","לא","--:--:--","--","31.0","--:--:--","00:NaN:NaN","2","39"
אופניים,2016-06-04 06:59:21,false,"חץ הצפון","79.78","1,843","03:16:34","145","171","24.4","84.3","1,943","1,949","77","132","--","--","0.0","--","--","--","11829","25.0","לא","--:--:--","--","41.0","--:--:--","00:NaN:NaN","486","784"
אופניים,2016-06-01 16:53:17,false,"שוהם","53.29","799","02:21:41","110","163","22.6","53.8","347","343","74","173","--","--","0.0","--","--","--","7251","30.0","לא","--:--:--","--","37.0","--:--:--","00:NaN:NaN","109","130"
אופניים,2016-05-31 04:12:39,false,"רשצ-טמפו- היה קשה להעלות דופק","61.65","733","02:18:18","107","138","26.7","38.7","70","56","76","113","--","--","0.0","--","--","--","9598","19.0","לא","--:--:--","--","24.0","--:--:--","00:NaN:NaN","'-5","29"
אופניים,2016-05-30 17:21:23,false,"נוער  TACC","62.37","836","02:46:19","107","162","22.5","49.4","103","66","80","110","--","--","0.0","--","--","--","9723","25.0","לא","--:--:--","--","28.0","--:--:--","00:NaN:NaN","'-5","48"
אופניים,2016-05-28 07:41:50,false,"מרוץ קיסריה","43.52","877","01:19:20","149","169","32.9","56.8","151","153","85","119","--","--","0.0","--","--","--","5391","24.0","לא","--:--:--","--","30.0","--:--:--","00:NaN:NaN","46","54"
אופניים,2016-05-26 06:02:28,false,"רשצפ משולב ספרינטים","50.59","733","01:51:59","118","162","27.1","51.0","130","132","78","125","--","--","0.0","--","--","--","7040","20.0","לא","--:--:--","--","28.0","--:--:--","00:NaN:NaN","56","90"
אופניים,2016-05-25 05:03:46,false,"רשצפ רכבת עצמית","50.08","790","01:53:59","119","161","26.4","43.1","88","67","81","114","--","--","0.0","--","--","--","8317","22.0","לא","--:--:--","--","26.0","--:--:--","00:NaN:NaN","6","57"
אופניים,2016-05-24 04:36:11,false,"רשצפ טמפו","53.61","814","01:56:19","120","149","27.7","38.9","67","84","81","105","--","--","0.0","--","--","--","9120","22.0","לא","--:--:--","--","25.0","--:--:--","00:NaN:NaN","24","46"
אופניים,2016-05-23 17:23:56,false,"נוער TACC","58.76","939","02:25:49","119","169","24.2","49.8","154","129","82","118","--","--","0.0","--","--","--","9539","23.0","לא","--:--:--","--","26.0","--:--:--","00:NaN:NaN","1","41"
אופניים,2016-05-21 08:38:50,false,"מרוץ שהם","54.70","1,060","01:28:54","154","168","36.9","69.8","357","352","86","125","--","--","0.0","--","--","--","6674","26.0","לא","--:--:--","--","30.0","--:--:--","00:NaN:NaN","107","131"
אופניים,2016-05-19 05:08:54,false,"ראשציפור","48.96","702","01:47:27","117","160","27.3","47.8","64","34","77","115","--","--","0.0","--","--","--","7630","21.0","לא","--:--:--","--","25.0","--:--:--","00:NaN:NaN","7","44"
אופניים,2016-05-18 17:23:17,false,"שהם קל עם תומר","89.48","1,197","02:50:04","127","188","31.6","122.5","564","638","81","128","--","--","0.0","--","--","--","9191","22.0","לא","--:--:--","--","28.0","--:--:--","00:NaN:NaN","18","125"
אופניים,2016-05-17 05:33:06,false,"רשצ נפח E1-2","38.87","652","01:23:04","125","155","28.1","42.1","60","52","82","109","--","--","0.0","--","--","--","6166","23.0","לא","--:--:--","--","26.0","--:--:--","00:NaN:NaN","30","64"
אופניים,2016-05-16 17:33:52,false,"רשצ נוער","56.67","910","02:17:06","121","172","24.8","48.2","68","69","79","113","--","--","0.0","--","--","--","9368","27.0","לא","--:--:--","--","31.0","--:--:--","00:NaN:NaN","54","66"
אופניים,2016-05-14 06:44:25,false,"דינמו נגבה","86.55","1,231","02:59:35","129","157","28.9","53.5","458","466","81","127","--","--","0.0","--","--","--","12282","23.0","לא","--:--:--","--","40.0","--:--:--","00:NaN:NaN","2","114"
אופניים,2016-05-13 08:02:34,false,"מרוץ יער המגינים","36.81","898","01:30:04","145","169","24.5","69.0","787","830","82","128","--","--","0.0","--","--","--","5510","25.0","לא","--:--:--","--","34.0","--:--:--","00:NaN:NaN","196","250"
אופניים,2016-05-12 06:53:48,false,"קל","34.00","393","01:18:33","116","163","26.0","49.8","52","62","85","109","--","--","0.0","--","--","--","5995","19.0","לא","--:--:--","--","23.0","--:--:--","00:NaN:NaN","'-6","35"
אופניים,2016-05-09 16:58:55,false,"נוער TACC","57.19","715","02:45:39","98","144","20.7","42.4","154","150","75","183","--","--","0.0","--","--","--","8759","22.0","לא","--:--:--","--","31.0","--:--:--","00:NaN:NaN","21","58"
אופניים,2016-05-07 07:05:11,false,"טור תפוח סטיג' 4","97.34","1,176","03:20:01","130","161","29.2","71.8","1,374","1,425","83","130","--","--","0.0","--","--","--","13795","12.0","לא","--:--:--","--","27.0","--:--:--","00:NaN:NaN","793","1,051"
אופניים,2016-05-06 06:58:54,false,"טור תפוח סטיג'2","74.07","1,277","02:33:42","138","161","28.9","71.8","999","1,040","86","133","--","--","0.0","--","--","--","11229","15.0","לא","--:--:--","--","20.0","--:--:--","00:NaN:NaN","878","1,006"
אופניים,2016-05-05 16:12:50,false,"טור תפוח סטייג1 אמפי גולן","52.15","925","01:51:44","153","171","28.0","68.2","845","190","89","156","--","--","0.0","--","--","--","9172","19.0","לא","--:--:--","--","35.0","--:--:--","00:NaN:NaN","336","1,032"
אופניים,2016-05-02 16:59:07,false,"אימון נוער","49.04","720","02:41:55","97","154","18.2","44.8","153","156","78","210","--","--","0.0","--","--","--","7991","23.0","לא","--:--:--","--","27.0","--:--:--","00:NaN:NaN","15","42"
אופניים,2016-04-30 06:37:18,false,"דינמו  הכנה לטור תפוח","85.47","1,097","03:13:00","115","166","26.6","83.4","867","879","85","134","--","--","0.0","--","--","--","12792","15.0","לא","--:--:--","--","31.0","--:--:--","00:NaN:NaN","12","434"
אופניים,2016-04-29 06:36:44,false,"דינמו מחנה אימונים-עליות במודיעין","108.03","1,333","04:16:03","108","156","25.3","64.8","1,240","1,249","84","128","--","--","0.0","--","--","--","16523","17.0","לא","--:--:--","--","31.0","--:--:--","00:NaN:NaN","54","283"
אופניים,2016-04-27 07:48:58,false,"מרוץ שפדן","37.64","814","01:18:45","143","167","28.7","52.4","125","116","86","143","--","--","0.0","--","--","--","4794","23.0","לא","--:--:--","--","27.0","--:--:--","00:NaN:NaN","10","31"
אופניים,2016-04-25 05:50:09,false,"אינטרוולים עצימות  3","50.02","713","02:01:50","112","161","24.6","49.5","77","74","79","118","--","--","0.0","--","--","--","7840","24.0","לא","--:--:--","--","30.0","--:--:--","00:NaN:NaN","101","139"
אופניים,2016-04-24 16:44:23,false,"אימון נפח ראש ציפור","68.62","871","02:30:07","128","162","27.4","51.9","73","70","82","129","--","--","0.0","--","--","--","10765","26.0","לא","--:--:--","--","33.0","--:--:--","00:NaN:NaN","81","118"
אופניים,2016-04-21 06:09:11,false,"אינטרוולים","43.51","588","01:41:51","111","152","25.6","47.3","74","58","79","122","--","--","0.0","--","--","--","7088","--","לא","--:--:--","--","--","--:--:--","00:NaN:NaN","--","--"
אופניים,2016-04-20 06:02:07,false,"רכבות ראשצפ","61.38","858","01:56:53","125","158","31.5","48.2","78","67","82","114","--","--","0.0","--","--","--","8454","--","לא","--:--:--","--","--","--:--:--","00:NaN:NaN","--","--"
אופניים,2016-04-19 12:37:37,false,"כביש המערכת","74.36","1,817","04:09:14","113","151","17.9","111.8","1,517","1,706","56","120","--","--","0.0","--","--","--","7294","--","לא","--:--:--","--","--","--:--:--","00:NaN:NaN","--","--"
אופניים,2016-04-18 06:16:21,false,"אימון טמפו","61.39","864","02:11:29","119","170","28.0","48.4","60","63","79","127","--","--","0.0","--","--","--","9478","--","לא","--:--:--","--","--","--:--:--","00:NaN:NaN","--","--"
אופניים,2016-04-16 06:31:06,false,"דינמו נגש קבוצתי","124.23","1,807","04:30:26","124","166","27.6","69.3","1,425","1,425","84","165","--","--","0.0","--","--","--","18226","--","לא","--:--:--","--","--","--:--:--","00:NaN:NaN","--","--"
אופניים,2016-04-13 14:11:29,false,"רביעי","55.25","812","02:11:06","117","154","25.3","44.1","102","95","80","121","--","--","0.0","--","--","--","9133","--","לא","--:--:--","--","--","--:--:--","00:NaN:NaN","--","--"
אופניים,2016-04-11 17:05:56,false,"נוער TACC","52.17","778","02:14:39","113","170","23.2","49.0","153","126","84","140","--","--","0.0","--","--","--","7887","--","לא","--:--:--","--","--","--:--:--","00:NaN:NaN","--","--"
אופניים,2016-04-07 05:26:59,false,"רשצפ - שינוי קצב","36.54","507","01:27:07","110","144","25.2","38.6","61","58","75","151","--","--","0.0","--","--","--","5823","--","לא","--:--:--","--","--","--:--:--","00:NaN:NaN","--","--"
אופניים,2016-04-06 05:57:42,false,"אני רכבת","57.19","993","01:55:59","133","162","29.6","44.1","86","78","84","140","--","--","0.0","--","--","--","8958","--","לא","--:--:--","--","--","--:--:--","00:NaN:NaN","--","--"
אופניים,2016-04-05 08:14:04,false,"אימון רשצפ","46.42","718","01:40:23","122","150","27.7","41.5","75","57","81","118","--","--","0.0","--","--","--","7523","--","לא","--:--:--","--","--","--:--:--","00:NaN:NaN","--","--"
אופניים,2016-04-04 17:03:24,false,"נוער-רשצפ","59.25","1,030","02:31:08","122","174","23.5","50.8","166","130","79","132","--","--","0.0","--","--","--","8842","--","לא","--:--:--","--","--","--:--:--","00:NaN:NaN","--","--"
אופניים,2016-04-02 06:53:35,false,"אימון דינמו   אליקים נשר","76.50","1,708","04:04:36","123","162","18.8","59.4","1,841","1,813","73","144","--","--","0.0","--","--","--","12554","14.0","לא","--:--:--","--","36.0","--:--:--","00:NaN:NaN","'-5","501"
אופניים,2016-03-31 11:41:43,false,"כביש מערכת","45.43","1,068","02:41:24","118","148","16.9","73.9","1,400","1,402","62","125","--","--","0.0","--","--","--","7789","27.0","לא","--:--:--","--","36.0","--:--:--","00:NaN:NaN","50","183"
אופניים,2016-03-30 06:12:26,false,"רכבות רשצ","45.30","743","01:24:00","132","166","32.4","47.0","39","50","87","114","--","--","0.0","--","--","--","6769","14.0","לא","--:--:--","--","19.0","--:--:--","00:NaN:NaN","'-14","2"
אופניים,2016-03-28 16:52:35,false,"אימון נוער","53.06","1,756","02:42:01","--","--","19.6","48.1","139","136","75","134","--","--","0.0","--","--","--","8693","17.0","לא","--:--:--","--","22.0","--:--:--","00:NaN:NaN","'-13","20"
אופניים,2016-03-26 06:12:08,false,"מרוץ  3 הגשרים","88.73","1,240","02:29:39","139","165","35.6","53.3","102","99","84","124","--","--","0.0","--","--","--","11232","--","לא","--:--:--","--","--","--:--:--","00:NaN:NaN","--","--"
אופניים,2016-03-21 16:18:55,false,"אימון נוער TACC","60.24","898","02:38:50","115","169","22.8","44.7","183","194","80","176","--","--","0.0","--","--","--","9313","--","לא","--:--:--","--","--","--:--:--","00:NaN:NaN","--","--"
אופניים,2016-03-19 06:57:04,false,"דינמו אום אל פחם-גרמין כבה בחזור","60.39","1,137","02:42:34","122","160","22.3","86.8","1,090","880","82","118","--","--","0.0","--","--","--","11273","--","לא","--:--:--","--","--","--:--:--","00:NaN:NaN","--","--"
אופניים,2016-03-17 12:59:51,false,"גדר מערכת-תקרית הכלבים","53.89","1,294","02:59:07","122","158","18.1","67.2","1,559","1,556","70","124","--","--","0.0","--","--","--","9293","--","לא","--:--:--","--","--","--:--:--","00:NaN:NaN","--","--"
אופניים,2016-03-14 15:24:21,false,"ראש ציפור אימון אחה"צ","60.59","950","02:25:30","118","161","25.0","44.6","96","114","81","130","--","--","0.0","--","--","--","10088","--","לא","--:--:--","--","--","--:--:--","00:NaN:NaN","--","--"
אופניים,2016-03-12 07:03:10,false,"שבת עם דינמו","98.84","957","02:56:15","108","148","33.6","118.5","572","590","88","126","--","--","0.0","--","--","--","11042","--","לא","--:--:--","--","--","--:--:--","00:NaN:NaN","--","--"
אופניים,2016-03-10 12:15:01,false,"כביש מערכת בית אריה","44.50","974","02:43:49","111","146","16.3","70.1","1,326","1,315","60","159","--","--","0.0","--","--","--","7306","--","לא","--:--:--","--","--","--:--:--","00:NaN:NaN","--","--"
אופניים,2016-03-09 05:39:39,false,"רכבות ראשציפור","58.65","883","02:10:04","120","167","27.1","51.2","80","88","82","111","--","--","0.0","--","--","--","9059","--","לא","--:--:--","--","--","--:--:--","00:NaN:NaN","--","--"
אופניים,2016-03-07 16:02:03,false,"אימון נוער","37.37","634","02:36:37","98","145","14.3","35.8","79","76","69","235","--","--","0.0","--","--","--","5957","--","לא","--:--:--","--","--","--:--:--","00:NaN:NaN","--","--"
אופניים,2016-03-05 07:06:00,false,"גראנפונדו","156.91","2,499","05:38:17","134","169","27.8","76.8","1,764","1,762","82","131","--","--","0.0","--","--","--","21366","--","לא","--:--:--","--","--","--:--:--","00:NaN:NaN","--","--"
אופניים,2016-03-02 05:25:17,false,"רכבת ראש ציפור","68.79","1,059","02:21:20","124","167","29.2","47.6","88","85","84","113","--","--","0.0","--","--","--","10631","--","לא","--:--:--","--","--","--:--:--","00:NaN:NaN","--","--"
אופניים,2016-03-01 05:08:49,false,"שינוי קצב עדין","47.18","680","01:45:54","117","157","26.7","49.0","67","48","82","112","--","--","0.0","--","--","--","7878","--","לא","--:--:--","--","--","--:--:--","00:NaN:NaN","--","--"
אופניים,2016-02-29 16:02:27,false,"אימון נוער-דופק 176","61.72","939","02:39:53","115","176","23.2","56.5","89","75","80","191","--","--","0.0","--","--","--","9387","--","לא","--:--:--","--","--","--:--:--","00:NaN:NaN","--","--"
אופניים,2016-02-27 07:06:58,false,"דינמו שבת-פדיה נס הרים","91.50","1,680","03:51:28","128","166","23.7","84.5","1,723","1,725","84","134","--","--","0.0","--","--","--","14648","--","לא","--:--:--","--","--","--:--:--","00:NaN:NaN","--","--"
אופניים,2016-02-25 11:24:15,false,"נטיפים+נס הרים","62.13","1,265","03:17:41","120","152","18.9","72.5","1,483","1,493","73","140","--","--","0.0","--","--","--","10568","--","לא","--:--:--","--","--","--:--:--","00:NaN:NaN","--","--"
אופניים,2016-02-24 05:11:28,false,"ראש ציפור","46.04","732","01:44:59","121","161","26.3","47.0","173","142","85","124","--","--","0.0","--","--","--","7828","--","לא","--:--:--","--","--","--:--:--","00:NaN:NaN","--","--"
אופניים,2016-02-20 07:05:41,false,"בית אריה+ גדר מערכת","69.26","1,378","03:24:02","123","161","20.4","84.9","1,853","1,852","76","126","--","--","0.0","--","--","--","11979","--","לא","--:--:--","--","--","--:--:--","00:NaN:NaN","--","--"
אופניים,2016-02-18 12:04:51,false,"בית אריה - גדר מערכת","69.18","1,427","03:13:00","129","160","21.5","83.2","1,760","1,775","72","147","--","--","0.0","--","--","--","11371","--","לא","--:--:--","--","--","--:--:--","00:NaN:NaN","--","--"
אופניים,2016-02-15 15:52:22,false,"אימון נוער","56.86","878","02:33:49","113","161","22.2","47.3","140","111","79","130","--","--","0.0","--","--","--","8548","--","לא","--:--:--","--","--","--:--:--","00:NaN:NaN","--","--"
אופניים,2016-02-13 13:08:00,false,"מרוץ בית גוברין","90.00","--","03:00:00","--","--","30.0","--","--","--","--","--","--","--","0.0","--","--","--","--","--","לא","--:--:--","--","--","--:--:--","00:NaN:NaN","--","--"
אופניים,2016-02-11 15:45:07,false,"נוער TACC","52.26","958","03:09:56","109","157","16.5","43.5","148","166","82","179","--","--","0.0","--","--","--","8673","--","לא","--:--:--","--","--","--:--:--","00:NaN:NaN","--","--"
אופניים,2016-02-08 16:06:59,false,"סף","36.96","1,057","02:41:30","117","151","13.7","41.0","85","55","76","145","--","--","0.0","--","--","--","11260","--","לא","--:--:--","--","--","--:--:--","00:NaN:NaN","--","--"
אופניים,2016-02-06 06:59:05,false,"דינמו סימולציה בית גוברין","108.94","1,661","04:14:00","123","162","25.7","65.8","1,416","1,434","83","128","--","--","0.0","--","--","--","16698","--","לא","--:--:--","--","--","--:--:--","00:NaN:NaN","--","--"
אופניים,2016-02-05 05:33:47,false,"אימון סף – ראש ציפור","44.72","638","01:46:15","112","147","25.3","44.9","73","97","75","201","--","--","0.0","--","--","--","6946","--","לא","--:--:--","--","--","--:--:--","00:NaN:NaN","--","--"
אופניים,2016-02-04 08:55:58,false,"ראש ציפור - חופשי","41.19","645","01:44:09","114","156","23.7","39.8","58","72","83","112","--","--","0.0","--","--","--","7071","--","לא","--:--:--","--","--","--:--:--","00:NaN:NaN","--","--"
אופניים,2016-02-03 06:16:31,false,"נחשון נס הרים+ 4 נטיפים","59.26","1,372","03:38:59","115","154","16.2","75.6","1,586","1,584","70","117","--","--","0.0","--","--","--","10871","--","לא","--:--:--","--","--","--:--:--","00:NaN:NaN","--","--"
אופניים,2016-02-01 15:47:25,false,"אימון נוער","58.14","738","02:30:07","108","148","23.2","40.7","198","186","77","156","--","--","0.0","--","--","--","8772","--","לא","--:--:--","--","--","--:--:--","00:NaN:NaN","--","--"
אופניים,2016-01-30 06:59:16,false,"דינמו אימון שבת בית שמש","91.04","1,451","03:32:32","125","164","25.7","64.7","1,245","1,254","84","201","--","--","0.0","--","--","--","14334","--","לא","--:--:--","--","--","--:--:--","00:NaN:NaN","--","--"
אופניים,2016-01-28 09:50:39,false,"אימון סף ראש ציפור","50.86","824","01:58:34","123","169","25.7","47.4","83","56","80","116","--","--","0.0","--","--","--","8667","--","לא","--:--:--","--","--","--:--:--","00:NaN:NaN","--","--"
אופניים,2016-01-23 06:59:00,false,"דינמו סימולצית בית גוברין","105.13","1,699","03:51:03","130","160","27.3","76.6","1,382","1,382","84","126","--","--","0.0","--","--","--","15547","--","לא","--:--:--","--","--","--:--:--","00:NaN:NaN","--","--"
אופניים,2016-01-21 15:37:26,false,"אימון נוער בחמישי","57.84","870","02:41:42","111","172","21.5","48.1","103","84","81","128","--","--","0.0","--","--","--","9343","--","לא","--:--:--","--","--","--:--:--","00:NaN:NaN","--","--"
אופניים,2016-01-16 10:39:00,false,"דינמו - תרגול פנצ'רחם","101.00","--","04:00:00","--","--","25.3","--","--","--","--","--","--","--","0.0","--","--","--","--","--","לא","--:--:--","--","--","--:--:--","00:NaN:NaN","--","--"
אופניים,2016-01-14 05:27:52,false,"אימון טמפו מקוצר","41.56","734","01:29:39","128","151","27.8","41.5","65","43","86","140","--","--","0.0","--","--","--","7110","--","לא","--:--:--","--","--","--:--:--","00:NaN:NaN","--","--"
אופניים,2016-01-12 04:37:51,false,"נפח ראש ציפור","57.99","865","02:18:05","114","153","25.2","39.9","75","69","79","110","--","--","0.0","--","--","--","9607","--","לא","--:--:--","--","--","--:--:--","00:NaN:NaN","--","--"
אופניים,2016-01-11 15:39:03,false,"אימון נוער","63.16","841","02:48:56","106","154","22.4","47.6","84","70","82","116","--","--","0.0","--","--","--","9936","--","לא","--:--:--","--","--","--:--:--","00:NaN:NaN","--","--"
אופניים,2016-01-09 08:08:37,false,"מרוץ אורים","84.64","1,536","02:35:23","144","168","32.7","52.4","297","313","90","130","--","--","0.0","--","--","--","12107","--","לא","--:--:--","--","--","--:--:--","00:NaN:NaN","--","--"
אופניים,2016-01-05 06:46:47,false,"רכבות ר"צ","39.36","607","01:21:55","122","151","28.8","40.7","48","69","89","187","--","--","0.0","--","--","--","6588","--","לא","--:--:--","--","--","--:--:--","00:NaN:NaN","--","--"
אופניים,2016-01-04 15:46:45,false,"אימון נוער","62.43","834","02:38:47","113","168","23.6","52.5","106","82","83","189","--","--","0.0","--","--","--","10316","--","לא","--:--:--","--","--","--:--:--","00:NaN:NaN","--","--"
אופניים,2016-01-02 06:58:40,false,"סימולציה מרוץ עם דינמו","90.94","1,394","03:20:31","127","166","27.2","61.6","637","633","91","123","--","--","0.0","--","--","--","15440","--","לא","--:--:--","--","--","--:--:--","00:NaN:NaN","--","--"
אופניים,2015-12-30 05:07:04,false,"אינטרולים","47.20","697","01:49:41","117","164","25.8","47.4","60","44","80","120","--","--","0.0","--","--","--","7874","--","לא","--:--:--","--","--","--:--:--","00:NaN:NaN","--","--"
אופניים,2015-12-29 04:15:19,false,"שלישי- רכיבה והפסקה","32.67","379","01:38:25","92","125","19.9","36.5","25","80","80","113","--","--","0.0","--","--","--","5859","--","לא","--:--:--","--","--","--:--:--","00:NaN:NaN","--","--"
אופניים,2015-12-28 15:40:07,false,"קבוצת הנוער","58.32","741","02:30:50","107","164","23.2","49.6","70","72","80","119","--","--","0.0","--","--","--","9297","--","לא","--:--:--","--","--","--:--:--","00:NaN:NaN","--","--"
אופניים,2015-12-26 06:11:25,false,"שבת-עינת לטרון גבעת כח","89.73","1,321","03:48:58","111","159","23.5","59.9","909","910","81","118","--","--","0.0","--","--","--","14217","--","לא","--:--:--","--","--","--:--:--","00:NaN:NaN","--","--"
אופניים,2015-12-25 08:09:49,false,"דזרט צלנג פנצר","35.62","1,297","02:12:25","147","166","16.1","51.5","478","492","--","--","--","--","0.0","--","--","--","--","--","לא","--:--:--","--","--","--:--:--","00:NaN:NaN","--","--"
אופניים,2015-12-23 05:16:01,false,"אינטרולים עם פירמידה 321","39.23","608","01:39:17","113","156","23.7","48.8","80","84","80","153","--","--","0.0","--","--","--","6589","--","לא","--:--:--","--","--","--:--:--","00:NaN:NaN","--","--"
אופניים,2015-12-22 04:14:37,false,"נפח רכבות ר"צ","67.21","1,054","02:38:11","118","158","25.5","43.2","83","82","84","123","--","--","0.0","--","--","--","11579","--","לא","--:--:--","--","--","--:--:--","00:NaN:NaN","--","--"
אופניים,2015-12-21 15:46:35,false,"נוער ר"צ עם  דינמו","62.07","792","02:34:31","110","164","24.1","50.3","78","94","80","216","--","--","0.0","--","--","--","9713","--","לא","--:--:--","--","--","--:--:--","00:NaN:NaN","--","--"
אופניים,2015-12-19 07:00:18,false,"דינמו-כפר טרומן","111.12","1,613","04:13:48","123","169","26.3","56.7","777","788","89","144","--","--","0.0","--","--","--","16869","--","לא","--:--:--","--","--","--:--:--","00:NaN:NaN","--","--"
אופניים,2015-12-18 05:51:38,false,"אינט אנאירוביים גשום","39.43","615","01:46:58","113","155","22.1","41.5","65","63","81","228","--","--","0.0","--","--","--","6809","--","לא","--:--:--","--","--","--:--:--","00:NaN:NaN","--","--"
אופניים,2015-12-16 05:01:07,false,"אינטרוולים","54.90","891","02:01:47","126","167","27.1","48.5","79","104","84","155","--","--","0.0","--","--","--","9026","--","לא","--:--:--","--","--","--:--:--","00:NaN:NaN","--","--"
אופניים,2015-12-15 05:06:34,false,"שלישי  נפח רשצ","74.19","1,177","02:48:35","121","156","26.4","41.9","111","122","85","160","--","--","0.0","--","--","--","12860","--","לא","--:--:--","--","--","--:--:--","00:NaN:NaN","--","--"
אופניים,2015-12-12 07:07:15,false,"שבת עם דינמו","107.70","1,583","03:46:23","127","163","28.5","55.9","606","602","89","170","--","--","0.0","--","--","--","16486","--","לא","--:--:--","--","--","--:--:--","00:NaN:NaN","--","--"
אופניים,2015-12-11 06:30:52,false,"עידו סירקין-הגומא","38.79","894","02:15:36","123","164","17.2","65.4","772","828","79","172","--","--","0.0","--","--","--","6705","--","לא","--:--:--","--","--","--:--:--","00:NaN:NaN","--","--"
אופניים,2015-12-09 06:20:05,false,"אינטרולים","54.76","829","02:10:26","120","160","25.2","41.8","78","61","78","181","--","--","0.0","--","--","--","8936","--","לא","--:--:--","--","--","--:--:--","00:NaN:NaN","--","--"
אופניים,2015-12-08 06:12:00,false,"נפח E2","67.85","1,004","02:16:14","128","165","29.9","45.6","85","73","90","119","--","--","0.0","--","--","--","11000","--","לא","--:--:--","--","--","--:--:--","00:NaN:NaN","--","--"
אופני כביש,2015-12-05 08:06:57,false,"TACC יער המלאכים + מרובע","182.08","2,337","07:17:35","114","152","25.0","67.4","1,320","1,326","83","120","--","--","0.0","--","--","--","29614","--","לא","--:--:--","--","--","--:--:--","00:NaN:NaN","--","--"
אופניים,2015-12-03 08:22:44,false,"אימון טמפו","57.92","841","02:19:50","122","148","24.9","40.5","73","91","82","144","--","--","0.0","--","--","--","9470","--","לא","--:--:--","--","--","--:--:--","00:NaN:NaN","--","--"
אופניים,2015-12-02 07:54:12,false,"אימון נפח - חופשי","62.48","1,135","02:06:23","138","165","29.7","47.2","79","51","90","118","--","--","0.0","--","--","--","10388","--","לא","--:--:--","--","--","--:--:--","00:NaN:NaN","--","--"
אופניים,2015-11-30 15:45:48,false,"אימון נוער","50.35","670","02:12:47","107","149","22.8","46.3","84","81","72","130","--","--","0.0","--","--","--","6755","--","לא","--:--:--","--","--","--:--:--","00:NaN:NaN","--","--"
אופניים,2015-11-28 06:44:01,false,"שבת TACC קרית גת ומשולש","137.98","1,638","05:34:44","106","158","24.7","65.7","955","954","84","127","--","--","0.0","--","--","--","19723","--","לא","--:--:--","--","--","--:--:--","00:NaN:NaN","--","--"
אופניים,2015-11-26 05:00:53,false,"אימון טמפו כוח-מהירות","48.96","795","01:53:36","121","160","25.9","40.7","74","78","82","126","--","--","0.0","--","--","--","7960","--","לא","--:--:--","--","--","--:--:--","00:NaN:NaN","--","--"
אופניים,2015-11-25 05:04:05,false,"אנאירובי אלקטי","42.19","573","01:43:32","109","164","24.5","48.4","126","155","75","154","--","--","0.0","--","--","--","6385","--","לא","--:--:--","--","--","--:--:--","00:NaN:NaN","--","--"
אופניים,2015-11-24 04:21:46,false,"אימון נפח המשך בטרינטר","71.47","1,148","02:35:42","125","161","27.5","42.9","95","99","86","114","--","--","0.0","--","--","--","11544","--","לא","--:--:--","--","--","--:--:--","00:NaN:NaN","--","--"
אופניים,2015-11-23 15:43:59,false,"אימון נוער","56.57","687","02:18:21","106","154","24.5","46.1","57","68","78","135","--","--","0.0","--","--","--","8081","--","לא","--:--:--","--","--","--:--:--","00:NaN:NaN","--","--"
אופניים,2015-11-21 06:44:02,false,"שבת גלבוע-גרמין כבה בגלל סוללה","56.70","759","02:27:01","106","159","23.1","65.1","297","349","87","117","--","--","0.0","--","--","--","8323","--","לא","--:--:--","--","--","--:--:--","00:NaN:NaN","--","--"
אופניים,2015-11-16 15:46:50,false,"אימון נוער","34.72","689","02:32:42","106","169","13.6","66.1","58","61","78","123","--","--","0.0","--","--","--","8789","--","לא","--:--:--","--","--","--:--:--","00:NaN:NaN","--","--"
אופניים,2015-11-12 05:07:49,false,"ללא כותרת","51.74","732","01:54:07","126","160","27.2","41.5","87","57","85","125","--","--","0.0","--","--","--","8731","--","לא","--:--:--","--","--","--:--:--","00:NaN:NaN","--","--"
אופניים,2015-11-11 10:07:58,false,"ללא כותרת","36.75","689","02:10:44","115","142","16.9","39.1","118","98","80","235","--","--","0.0","--","--","--","8637","--","לא","--:--:--","--","--","--:--:--","00:NaN:NaN","--","--"
אופניים,2015-11-10 04:40:11,false,"שלישי-ירד גשם","35.39","509","01:44:07","109","137","20.4","39.6","66","45","85","176","--","--","0.0","--","--","--","6476","--","לא","--:--:--","--","--","--:--:--","00:NaN:NaN","--","--"
אופניים,2015-11-04 05:26:23,false,"אימון טמפו כוח-מהירות, ראש ציפור","40.43","566","01:35:13","120","154","25.5","40.3","64","40","86","130","--","--","0.0","--","--","--","7157","--","לא","--:--:--","--","--","--:--:--","00:NaN:NaN","--","--"
אופניים,2015-11-02 15:50:18,false,"אימון עם הנוער","47.02","508","02:14:04","102","136","21.0","50.4","77","79","76","133","--","--","0.0","--","--","--","7182","--","לא","--:--:--","--","--","--:--:--","00:NaN:NaN","--","--"
אופניים,2015-10-31 08:41:16,false,"TACC  צאלים 2","160.01","1,746","06:36:33","114","145","24.2","59.7","974","1,028","87","199","--","--","0.0","--","--","--","24458","--","לא","--:--:--","--","--","--:--:--","00:NaN:NaN","--","--"
אופניים,2015-10-30 07:33:33,false,"צאלים 1 TACC","162.81","1,799","06:21:23","115","153","25.6","54.2","925","850","88","140","--","--","0.0","--","--","--","24421","--","לא","--:--:--","--","--","--:--:--","00:NaN:NaN","--","--"
אופניים,2015-10-29 06:35:15,false,"TACC - 2.45 נשברה האוזן","128.47","1,293","06:41:36","91","151","19.2","104.8","1,096","1,128","94","149","--","--","0.0","--","--","--","11169","--","לא","--:--:--","--","--","--:--:--","00:NaN:NaN","--","--"
אופניים,2015-10-26 15:51:05,false,"אימון נוער","45.47","390","02:36:08","88","139","17.5","40.1","94","73","73","192","--","--","0.0","--","--","--","7936","--","לא","--:--:--","--","--","--:--:--","00:NaN:NaN","--","--"
אופניים,2015-10-26 05:17:04,false,"ציפור-שני בוקר","44.45","596","01:42:48","119","151","25.9","39.9","66","39","89","127","--","--","0.0","--","--","--","8157","--","לא","--:--:--","--","--","--:--:--","00:NaN:NaN","--","--"
אופניים,2015-10-24 07:09:18,false,"TACC נגבה","138.22","1,595","05:22:07","117","150","25.7","65.4","830","805","93","173","--","--","0.0","--","--","--","22933","--","לא","--:--:--","--","--","--:--:--","00:NaN:NaN","--","--"
אופניים,2015-10-23 07:31:41,false,"ללא כותרת","47.54","687","01:47:27","125","167","26.5","45.4","57","38","91","159","--","--","0.0","--","--","--","8405","--","לא","--:--:--","--","--","--:--:--","00:NaN:NaN","--","--"
אופניים,2015-10-22 06:14:44,false,"אימון טכני חמישי","52.73","680","01:58:00","122","166","26.8","45.5","125","114","80","186","--","--","0.0","--","--","--","8147","--","לא","--:--:--","--","--","--:--:--","00:NaN:NaN","--","--"
אופניים,2015-10-20 04:25:41,false,"אימון שלישי ארוך","68.26","921","02:35:31","121","156","26.3","39.2","105","114","90","163","--","--","0.0","--","--","--","12573","--","לא","--:--:--","--","--","--:--:--","00:NaN:NaN","--","--"
אופניים,2015-10-19 16:22:16,false,"אימון עם הנערים","51.24","599","02:41:01","103","151","19.1","53.7","162","144","80","180","--","--","0.0","--","--","--","8097","--","לא","--:--:--","--","--","--:--:--","00:NaN:NaN","--","--"
אופניים,2015-10-17 06:54:11,false,"Tacc  adolam","105.77","1,196","04:41:48","107","144","22.5","63.7","830","834","87","144","--","--","0.0","--","--","--","16892","--","לא","--:--:--","--","--","--:--:--","00:NaN:NaN","--","--"
אופניים,2015-10-16 06:54:31,false,"סיבוב בשטח","47.18","794","02:51:50","112","158","16.5","44.6","223","216","--","--","--","--","0.0","--","--","--","--","--","לא","--:--:--","--","--","--:--:--","00:NaN:NaN","--","--"
אופניים,2015-10-15 16:19:17,false,"אימון נוער","54.79","551","02:28:20","100","143","22.2","39.3","131","149","86","133","--","--","0.0","--","--","--","9152","--","לא","--:--:--","--","--","--:--:--","00:NaN:NaN","--","--"
אופניים,2015-10-15 05:04:47,false,"ללא כותרת","38.62","472","01:34:12","112","161","24.6","44.6","41","55","81","139","--","--","0.0","--","--","--","7044","--","לא","--:--:--","--","--","--:--:--","00:NaN:NaN","--","--"
אופניים,2015-10-13 04:31:09,false,"ללא כותרת","67.10","861","02:30:14","117","154","26.8","42.8","71","46","91","145","--","--","0.0","--","--","--","12165","--","לא","--:--:--","--","--","--:--:--","00:NaN:NaN","--","--"
אופניים,2015-10-12 16:14:58,false,"ללא כותרת","48.72","573","02:41:18","100","160","18.1","46.4","142","110","78","184","--","--","0.0","--","--","--","7726","--","לא","--:--:--","--","--","--:--:--","00:NaN:NaN","--","--"
אופניים,2015-10-10 07:06:39,false,"tACC יעד המלאכים","101.78","1,024","03:53:03","110","146","26.2","67.3","670","672","93","137","--","--","0.0","--","--","--","16556","--","לא","--:--:--","--","--","--:--:--","00:NaN:NaN","--","--"
אופניים,2015-10-08 16:35:26,false,"אימון נוער","47.29","583","02:40:47","101","155","17.6","49.9","196","170","83","150","--","--","0.0","--","--","--","8367","--","לא","--:--:--","--","--","--:--:--","00:NaN:NaN","--","--"
אופניים,2015-10-06 06:24:19,false,"אימון שלישי TACC","41.83","472","03:14:21","85","130","12.9","43.3","104","101","77","213","--","--","0.0","--","--","--","7238","--","לא","--:--:--","--","--","--:--:--","00:NaN:NaN","--","--"
אופניים,2015-10-05 06:34:26,false,"ללא כותרת","54.64","692","02:02:37","119","160","26.7","45.1","132","146","77","160","--","--","0.0","--","--","--","7744","--","לא","--:--:--","--","--","--:--:--","00:NaN:NaN","--","--"
אופניים,2015-10-02 08:25:11,false,"אליפות ישראל גלבוע","48.87","1,675","03:47:31","143","166","12.9","49.7","995","994","--","--","--","--","0.0","--","--","--","--","--","לא","--:--:--","--","--","--:--:--","00:NaN:NaN","--","--"
אופניים,2015-09-30 10:18:46,false,"ללא כותרת","35.05","586","01:35:19","125","158","22.1","39.5","107","65","--","--","--","--","0.0","--","--","--","--","--","לא","--:--:--","--","--","--:--:--","00:NaN:NaN","--","--"
אופניים,2015-09-29 07:13:20,false,"ללא כותרת","43.78","598","02:16:03","109","163","19.3","48.7","91","95","81","145","--","--","0.0","--","--","--","7481","--","לא","--:--:--","--","--","--:--:--","00:NaN:NaN","--","--"
אופניים,2015-09-28 07:00:08,false,"אופני שטח בראש ציפור רכבת","30.11","511","01:14:38","133","171","24.2","43.3","64","44","--","--","--","--","0.0","--","--","--","--","--","לא","--:--:--","--","--","--:--:--","00:NaN:NaN","--","--"
אופניים,2015-09-26 06:38:05,false,"ראש ציפור וים","60.89","738","02:35:53","114","159","23.4","42.4","123","98","84","129","--","--","0.0","--","--","--","11004","--","לא","--:--:--","--","--","--:--:--","00:NaN:NaN","--","--"
אופניים,2015-09-24 17:03:27,false,"ללא כותרת","43.86","552","02:19:53","104","140","18.8","39.9","194","170","79","185","--","--","0.0","--","--","--","6965","--","לא","--:--:--","--","--","--:--:--","00:NaN:NaN","--","--"
אופניים,2015-09-23 06:13:53,false,"יום כיפור זכרון כרכור","132.52","2,001","04:52:06","129","169","27.2","77.8","731","778","88","132","--","--","0.0","--","--","--","22057","--","לא","--:--:--","--","--","--:--:--","00:NaN:NaN","--","--"
אופניים,2015-09-19 06:24:05,false,"תחרות נשר הרים-סיבוב יחיד ללא דופק","32.01","1,599","02:51:34","--","--","11.2","66.1","933","937","--","--","--","--","0.0","--","--","--","--","--","לא","--:--:--","--","--","--:--:--","00:NaN:NaN","--","--"
אופניים,2015-09-17 16:47:54,false,"ללא כותרת","41.21","1,321","03:05:12","--","--","13.4","37.3","172","155","75","159","--","--","0.0","--","--","--","6960","--","לא","--:--:--","--","--","--:--:--","00:NaN:NaN","--","--"
אופניים,2015-09-16 05:14:09,false,"ללא כותרת","46.99","650","01:48:28","120","168","26.0","44.5","75","61","89","120","--","--","0.0","--","--","--","8394","--","לא","--:--:--","--","--","--:--:--","00:NaN:NaN","--","--"
אופניים,2015-09-14 06:52:53,false,"שטח,בית אריה *2","75.44","1,530","04:22:05","126","167","17.3","49.2","488","494","--","--","--","--","0.0","--","--","--","--","--","לא","--:--:--","--","--","--:--:--","00:NaN:NaN","--","--"
אופניים,2015-09-12 16:13:42,false,"שטח ,לגבעת כח,פנצר,גרמין לא עבר 40 דק","57.39","1,086","03:30:38","123","156","16.3","42.1","336","330","--","--","--","--","0.0","--","--","--","--","--","לא","--:--:--","--","--","--:--:--","00:NaN:NaN","--","--"
אופניים,2015-09-05 06:48:31,false,"אופני שטח","44.36","892","02:44:44","119","157","16.2","36.1","156","159","--","--","--","--","0.0","--","--","--","--","--","לא","--:--:--","--","--","--:--:--","00:NaN:NaN","--","--"
אופניים,2015-09-02 06:24:24,false,"רכבות ראשציפור","39.17","605","01:19:28","139","172","29.6","50.2","56","31","92","139","--","--","0.0","--","--","--","6075","--","לא","--:--:--","--","--","--:--:--","00:NaN:NaN","--","--"
אופניים,2015-08-29 07:45:39,false,"ללא כותרת","53.80","879","02:05:03","129","165","25.8","40.8","149","103","92","116","--","--","0.0","--","--","--","9757","--","לא","--:--:--","--","--","--:--:--","00:NaN:NaN","--","--"
אופניים,2015-08-25 06:08:39,false,"ללא כותרת","61.79","1,353","02:24:14","125","168","25.7","42.6","94","78","87","148","--","--","0.0","--","--","--","10631","--","לא","--:--:--","--","--","--:--:--","00:NaN:NaN","--","--"
אופניים,2015-08-24 06:09:02,false,"ללא כותרת","56.14","799","02:11:29","124","162","25.6","44.4","70","76","90","171","--","--","0.0","--","--","--","9707","--","לא","--:--:--","--","--","--:--:--","00:NaN:NaN","--","--"
אופניים,2015-08-22 05:38:26,false,"נפח עינת לטרון משולש פנצר","116.22","1,736","04:47:40","123","159","24.2","68.7","1,000","1,009","88","143","--","--","0.0","--","--","--","19287","--","לא","--:--:--","--","--","--:--:--","00:NaN:NaN","--","--"
אופניים,2015-08-20 05:59:59,false,"רכבות","30.99","465","01:15:46","124","169","24.5","44.5","55","39","86","144","--","--","0.0","--","--","--","5143","--","לא","--:--:--","--","--","--:--:--","00:NaN:NaN","--","--"
אופניים,2015-08-15 06:05:57,false,"Kattarp Cycling","154.00","1,686","06:25:02","111","141","24.0","54.4","593","597","--","--","--","--","0.0","--","--","--","--","--","לא","--:--:--","--","--","--:--:--","00:NaN:NaN","--","--"
אופניים,2015-08-13 17:05:29,false,"Kattarp Cycling","44.93","571","02:23:50","101","161","18.7","42.5","76","74","--","--","--","--","0.0","--","--","--","--","--","לא","--:--:--","--","--","--:--:--","00:NaN:NaN","--","--"
אופניים,2015-08-12 07:05:05,false,"Kattarp Cycling","95.80","1,156","04:04:30","112","154","23.5","49.2","376","383","--","--","--","--","0.0","--","--","--","--","--","לא","--:--:--","--","--","--:--:--","00:NaN:NaN","--","--"
אופניים,2015-08-11 07:50:29,false,"Kattarp Cycling","70.83","906","03:04:43","112","153","23.0","54.5","233","221","--","--","--","--","0.0","--","--","--","--","--","לא","--:--:--","--","--","--:--:--","00:NaN:NaN","--","--"
אופניים,2015-08-10 12:53:35,false,"Kattarp Cycling","59.23","790","02:06:41","122","146","28.1","46.8","135","134","--","--","--","--","0.0","--","--","--","--","--","לא","--:--:--","--","--","--:--:--","00:NaN:NaN","--","--"
אופניים,2015-08-07 07:17:49,true,"Kattarp Cycling","61.27","685","02:30:38","108","146","24.4","46.8","221","223","--","--","--","--","0.0","--","--","--","--","--","לא","--:--:--","--","--","--:--:--","00:NaN:NaN","--","--"
אופניים,2015-08-06 07:10:34,false,"Kattarp Cycling","70.07","900","02:36:52","122","152","26.8","43.3","201","197","--","--","--","--","0.0","--","--","--","--","--","לא","--:--:--","--","--","--:--:--","00:NaN:NaN","--","--"
אופניים,2015-08-02 06:24:30,false,"Kattarp Cycling","45.08","567","01:57:20","110","136","23.1","46.8","298","261","--","--","--","--","0.0","--","--","--","--","11.0","לא","--:--:--","--","16.0","--:--:--","00:NaN:NaN","'-12","83"
אופניים,2015-08-01 06:17:07,false,"Kattarp Cycling","102.00","1,309","04:13:08","115","145","24.2","46.6","408","415","--","--","--","--","0.0","--","--","--","--","12.0","לא","--:--:--","--","22.0","--:--:--","00:NaN:NaN","'-14","81"
אופניים,2015-07-30 08:29:28,false,"Kattarp Cycling","61.07","623","02:39:19","103","140","23.0","40.7","176","180","--","--","--","--","0.0","--","--","--","--","14.0","לא","--:--:--","--","23.0","--:--:--","00:NaN:NaN","34","84"
אופניים,2015-07-28 19:35:37,false,"Kattarp Cycling","68.04","945","02:49:51","117","142","24.0","39.9","178","171","--","--","--","--","0.0","--","--","--","--","16.0","לא","--:--:--","--","20.0","--:--:--","00:NaN:NaN","'-16","36"
אופניים,2015-07-27 06:42:05,false,"Kattarp Cycling","63.68","791","02:48:21","108","138","22.7","40.2","173","179","--","--","--","--","0.0","--","--","--","--","13.0","לא","--:--:--","--","16.0","--:--:--","00:NaN:NaN","27","62"
אופניים,2015-07-23 08:15:32,false,"אימון נוער TACC","49.38","853","04:22:28","99","172","11.3","48.1","108","105","86","210","--","--","0.0","--","--","--","8662","--","לא","--:--:--","--","--","--:--:--","00:NaN:NaN","--","--"
אופניים,2015-07-22 05:32:49,false,"אימון נפח פלוס רכבות","53.63","773","01:58:58","125","168","27.0","46.4","82","79","91","127","--","--","0.0","--","--","--","9276","--","לא","--:--:--","--","--","--:--:--","00:NaN:NaN","--","--"
אופניים,2015-07-21 05:27:49,false,"אימון שיפור קאדנס","50.04","663","02:11:07","115","163","22.9","42.9","75","59","93","177","--","--","0.0","--","--","--","9942","--","לא","--:--:--","--","--","--:--:--","00:NaN:NaN","--","--"
אופניים,2015-07-20 05:32:12,false,"רכבות","53.43","710","01:54:54","123","164","27.9","50.6","76","148","86","135","--","--","0.0","--","--","--","8498","--","לא","--:--:--","--","--","--:--:--","00:NaN:NaN","--","--"
אופניים,2015-07-18 05:51:05,false,"עינת לטרון גבעת כח","98.32","1,552","03:45:23","129","169","26.2","105.4","984","984","93","131","--","--","0.0","--","--","--","15158","--","לא","--:--:--","--","--","--:--:--","00:NaN:NaN","--","--"
אופניים,2015-07-16 05:20:18,false,"שיפור קאדנס","43.69","519","01:52:43","108","160","23.3","45.6","69","72","87","162","--","--","0.0","--","--","--","7948","--","לא","--:--:--","--","--","--:--:--","00:NaN:NaN","--","--"
אופניים,2015-07-15 05:26:13,false,"נפח ","54.52","747","01:54:45","123","165","28.5","51.0","74","51","89","123","--","--","0.0","--","--","--","8749","--","לא","--:--:--","--","--","--:--:--","00:NaN:NaN","--","--"
אופניים,2015-07-14 05:39:29,false,"שיפור קאדנס","45.49","593","02:00:56","112","158","22.6","42.3","121","128","93","163","--","--","0.0","--","--","--","8978","--","לא","--:--:--","--","--","--:--:--","00:NaN:NaN","--","--"
אופניים,2015-07-13 05:35:18,false,"דיווש טמפו  ורכבת","48.17","571","02:00:28","107","144","24.0","40.7","155","156","79","112","--","--","0.0","--","--","--","8008","--","לא","--:--:--","--","--","--:--:--","00:NaN:NaN","--","--"
אופניים,2015-07-11 06:03:45,false,"שבת סובב שוהם+ 1 גבעת כח","73.42","942","03:06:57","112","152","23.6","52.2","522","510","93","202","--","--","0.0","--","--","--","14476","--","לא","--:--:--","--","--","--:--:--","00:NaN:NaN","--","--"
אופניים,2015-07-08 05:36:54,false,"אימון טמפו","57.32","670","12:14:47","115","157","4.7","47.4","117","76","81","121","--","--","0.0","--","--","--","8829","--","לא","--:--:--","--","--","--:--:--","00:NaN:NaN","--","--"
אופניים,2015-07-07 05:38:27,false,"אימון קאדנס","43.45","553","01:52:38","110","153","23.1","41.4","56","30","90","163","--","--","0.0","--","--","--","8614","--","לא","--:--:--","--","--","--:--:--","00:NaN:NaN","--","--"
אופניים,2015-07-06 05:41:49,false,"קל + רכבות","46.69","565","01:44:06","114","161","26.9","48.6","65","57","76","154","--","--","0.0","--","--","--","6761","--","לא","--:--:--","--","--","--:--:--","00:NaN:NaN","--","--"
אופניים,2015-07-04 07:54:23,false,"חץ הצפון -פנצר  בהקפה 4","79.85","1,753","03:38:51","145","172","21.9","88.4","1,997","1,996","79","129","--","--","0.0","--","--","--","13180","--","לא","--:--:--","--","--","--:--:--","00:NaN:NaN","--","--"
אופניים,2015-07-03 06:26:24,false,"ללא כותרת","32.99","356","01:52:12","95","140","17.6","49.7","69","39","77","111","--","--","0.0","--","--","--","5727","--","לא","--:--:--","--","--","--:--:--","00:NaN:NaN","--","--"
אופניים,2015-07-02 05:43:37,false,"ללא כותרת","46.42","543","01:44:58","114","157","26.5","51.8","71","50","80","117","--","--","0.0","--","--","--","7564","--","לא","--:--:--","--","--","--:--:--","00:NaN:NaN","--","--"
אופניים,2015-07-01 05:26:40,false,"פירמידה יורדת עצימה","47.16","558","02:03:33","111","160","22.9","47.3","77","65","77","195","--","--","0.0","--","--","--","7758","--","לא","--:--:--","--","--","--:--:--","00:NaN:NaN","--","--"
אופניים,2015-06-30 05:38:14,false,"טמפו רציף","47.57","615","01:40:57","119","152","28.3","42.3","35","58","84","155","--","--","0.0","--","--","--","7441","--","לא","--:--:--","--","--","--:--:--","00:NaN:NaN","--","--"
אופניים,2015-06-29 05:42:48,false,"ללא כותרת","51.03","682","01:45:09","125","164","29.1","49.8","69","66","83","116","--","--","0.0","--","--","--","7418","--","לא","--:--:--","--","--","--:--:--","00:NaN:NaN","--","--"
אופניים,2015-06-27 07:04:03,false,"אליפות ישראל בית גוברין ","75.80","1,120","02:28:30","144","170","30.6","68.9","964","945","89","149","--","--","0.0","--","--","--","9116","23.0","לא","--:--:--","--","35.0","--:--:--","00:NaN:NaN","177","347"
אופניים,2015-06-26 06:37:58,false,"ללא כותרת","35.47","388","01:27:43","108","142","24.3","47.5","266","32","83","120","--","--","0.0","--","--","--","6279","21.0","לא","--:--:--","--","28.0","--:--:--","00:NaN:NaN","59","312"
אופניים,2015-06-23 06:50:18,false,"ללא כותרת","31.00","998","01:22:04","--","--","22.7","34.0","73","50","80","114","--","--","0.0","--","--","--","5272","--","לא","--:--:--","--","--","--:--:--","00:NaN:NaN","--","--"
אופניים,2015-06-22 05:38:36,false,"אימון נגש 2 סטים 3הקפות","45.34","633","01:52:30","122","175","24.2","52.0","81","66","82","161","--","--","0.0","--","--","--","7075","--","לא","--:--:--","--","--","--:--:--","00:NaN:NaN","--","--"
אופניים,2015-06-20 06:20:15,false,"בית גוברין","72.26","1,223","03:03:57","128","166","23.6","57.9","1,116","1,121","82","128","--","--","0.0","--","--","--","11497","--","לא","--:--:--","--","--","--:--:--","00:NaN:NaN","--","--"
אופניים,2015-06-18 05:16:22,false,"אימון נגש  3אינטרולים של 4הקפות","48.02","629","01:43:28","121","166","27.8","44.1","63","62","84","116","--","--","0.0","--","--","--","7709","--","לא","--:--:--","--","--","--:--:--","00:NaN:NaN","--","--"
אופניים,2015-06-17 05:31:10,false,"אינטרולים  2  -1-1/2 + חזרה","38.69","501","01:26:21","122","163","26.9","45.0","68","48","86","163","--","--","0.0","--","--","--","6717","--","לא","--:--:--","--","--","--:--:--","00:NaN:NaN","--","--"
אופניים,2015-06-16 05:55:05,false,"אימון רכבות","59.46","697","02:11:36","119","158","27.1","47.4","103","110","83","119","--","--","0.0","--","--","--","8906","--","לא","--:--:--","--","--","--:--:--","00:NaN:NaN","--","--"
אופניים,2015-06-15 05:23:39,false,"נפח קל","40.13","542","01:31:13","118","151","26.4","46.2","52","40","85","191","--","--","0.0","--","--","--","6859","--","לא","--:--:--","--","--","--:--:--","00:NaN:NaN","--","--"
אופניים,2015-06-14 10:13:06,false,"קל","46.19","658","01:48:09","121","162","25.6","43.7","147","126","86","178","--","--","0.0","--","--","--","8285","--","לא","--:--:--","--","--","--:--:--","00:NaN:NaN","--","--"
אופניים,2015-06-11 11:36:50,false,"ללא כותרת","38.65","559","01:31:04","122","153","25.5","40.6","142","123","84","115","--","--","0.0","--","--","--","6661","--","לא","--:--:--","--","--","--:--:--","00:NaN:NaN","--","--"
אופניים,2015-06-10 04:50:15,false,"ספרינט הקפות 3 2 1  ורכבת","57.18","716","02:07:16","120","168","27.0","48.1","100","90","83","163","--","--","0.0","--","--","--","9428","--","לא","--:--:--","--","--","--:--:--","00:NaN:NaN","--","--"
אופניים,2015-06-09 05:46:48,false,"אימון עם TACC","58.69","716","02:37:07","109","148","22.4","44.1","291","288","81","203","--","--","0.0","--","--","--","8106","--","לא","--:--:--","--","--","--:--:--","00:NaN:NaN","--","--"
אופניים,2015-06-08 07:57:48,false,"ללא כותרת","47.53","584","01:58:41","112","149","24.0","43.4","73","66","79","143","--","--","0.0","--","--","--","8523","--","לא","--:--:--","--","--","--:--:--","00:NaN:NaN","--","--"
אופניים,2015-06-05 06:29:50,false,"ללא כותרת","35.37","402","01:22:07","112","157","25.8","49.0","32","53","87","113","--","--","0.0","--","--","--","6706","--","לא","--:--:--","--","--","--:--:--","00:NaN:NaN","--","--"
אופניים,2015-06-04 05:22:21,false,"ללא כותרת","46.41","637","01:38:00","123","159","28.4","44.8","81","60","79","106","--","--","0.0","--","--","--","7169","--","לא","--:--:--","--","--","--:--:--","00:NaN:NaN","--","--"
אופניים,2015-06-03 18:40:04,false,"שוהם - הגרמין לא הראה מהירות","33.56","616","01:31:49","128","162","21.9","49.2","344","339","89","124","--","--","0.0","--","--","--","7008","--","לא","--:--:--","--","--","--:--:--","00:NaN:NaN","--","--"
אופניים,2015-06-01 05:34:07,false,"ללא כותרת","31.71","423","01:15:26","113","159","25.2","43.1","46","45","92","114","--","--","0.0","--","--","--","6168","--","לא","--:--:--","--","--","--:--:--","00:NaN:NaN","--","--"
אופניים,2015-05-30 06:10:18,false,"תפוח כפר בלום תאונה","87.36","965","02:37:26","126","152","33.3","78.3","107","113","88","127","--","--","0.0","--","--","--","10730","--","לא","--:--:--","--","--","--:--:--","00:NaN:NaN","--","--"
אופניים,2015-05-29 16:01:10,false,"תפוח אמפי גולן","46.17","932","01:45:29","147","167","26.3","51.0","781","155","90","122","--","--","0.0","--","--","--","8666","--","לא","--:--:--","--","--","--:--:--","00:NaN:NaN","--","--"
אופניים,2015-05-29 05:41:27,false,"תפוח-מרום גולן פנצר","61.81","1,283","02:44:23","138","172","22.6","65.9","953","931","88","162","--","--","0.0","--","--","--","9831","--","לא","--:--:--","--","--","--:--:--","00:NaN:NaN","--","--"
אופניים,2015-05-25 09:43:10,false,"קרית שאול ונפילה","37.15","989","02:42:45","120","159","13.7","49.6","372","367","80","185","--","--","0.0","--","--","--","11252","--","לא","--:--:--","--","--","--:--:--","00:NaN:NaN","--","--"
אופניים,2015-05-23 05:03:32,false,"רמת הגולן","108.05","1,482","04:49:30","120","158","22.4","64.9","1,490","1,472","73","113","--","--","0.0","--","--","--","18398","--","לא","--:--:--","--","--","--:--:--","00:NaN:NaN","--","--"
אופניים,2015-05-22 17:16:37,false,"אפיקים","39.67","549","01:35:36","120","152","24.9","37.0","139","157","87","141","--","--","0.0","--","--","--","7044","--","לא","--:--:--","--","--","--:--:--","00:NaN:NaN","--","--"
אופניים,2015-05-20 18:35:57,false,"שוהם","40.85","713","01:28:26","139","173","27.7","55.5","353","355","88","189","--","--","0.0","--","--","--","6337","--","לא","--:--:--","--","--","--:--:--","00:NaN:NaN","--","--"
אופניים,2015-05-18 05:14:33,false,"ללא כותרת","49.35","722","01:43:44","128","158","28.5","43.9","77","96","89","123","--","--","0.0","--","--","--","8336","--","לא","--:--:--","--","--","--:--:--","00:NaN:NaN","--","--"
אופניים,2015-05-16 05:24:36,false,"משולש + מרובע - קריעת כבל הילוכים ביער הנשיא","86.17","1,261","03:23:28","124","166","25.4","62.5","826","823","84","160","--","--","0.0","--","--","--","15004","--","לא","--:--:--","--","--","--:--:--","00:NaN:NaN","--","--"
אופניים,2015-05-15 05:37:39,false,"ללא כותרת","59.15","776","02:13:11","120","151","26.6","42.5","134","140","87","111","--","--","0.0","--","--","--","10044","--","לא","--:--:--","--","--","--:--:--","00:NaN:NaN","--","--"
אופניים,2015-05-12 05:43:10,false,"ללא כותרת","31.99","365","01:14:32","110","135","25.8","41.7","68","62","93","157","--","--","0.0","--","--","--","6111","--","לא","--:--:--","--","--","--:--:--","00:NaN:NaN","--","--"
אופניים,2015-05-11 05:14:03,false,"ללא כותרת","42.70","590","01:31:46","121","153","27.9","46.8","76","82","88","204","--","--","0.0","--","--","--","7144","--","לא","--:--:--","--","--","--:--:--","00:NaN:NaN","--","--"
אופניים,2015-05-09 05:26:41,false,"נחשון צובה נוה שלום עם פנצר","85.27","1,335","04:04:12","119","157","21.0","69.2","1,647","1,658","72","138","--","--","0.0","--","--","--","13358","--","לא","--:--:--","--","--","--:--:--","00:NaN:NaN","--","--"
אופניים,2015-05-08 05:43:29,false,"ללא כותרת","61.00","694","02:16:56","122","150","26.7","42.7","107","97","87","165","--","--","0.0","--","--","--","10347","--","לא","--:--:--","--","--","--:--:--","00:NaN:NaN","--","--"
אופניים,2015-05-05 05:28:48,false,"ללא כותרת","35.48","442","01:25:41","113","149","24.9","38.7","145","173","76","207","--","--","0.0","--","--","--","5357","--","לא","--:--:--","--","--","--:--:--","00:NaN:NaN","--","--"
אופניים,2015-05-04 09:01:18,false,"ללא כותרת","45.98","578","02:20:56","106","141","19.6","43.2","148","157","84","191","--","--","0.0","--","--","--","7983","--","לא","--:--:--","--","--","--:--:--","00:NaN:NaN","--","--"
אופניים,2015-05-02 05:51:42,false,"בית גוברין","89.19","1,237","03:35:01","121","157","24.9","68.5","1,216","1,203","79","132","--","--","0.0","--","--","--","15028","--","לא","--:--:--","--","--","--:--:--","00:NaN:NaN","--","--"
אופניים,2015-05-01 08:01:08,false,"מרוץ עין השופט","39.13","634","01:12:07","158","175","32.6","58.5","611","560","91","137","--","--","0.0","--","--","--","5890","--","לא","--:--:--","--","--","--:--:--","00:NaN:NaN","--","--"
אופניים,2015-04-29 06:19:58,false,"ללא כותרת","46.58","600","01:43:41","119","158","27.0","50.2","70","66","84","129","--","--","0.0","--","--","--","7632","--","לא","--:--:--","--","--","--:--:--","00:NaN:NaN","--","--"
אופניים,2015-04-28 05:05:18,false,"אינטרוולים - הייתי עיף","49.91","388","01:54:39","122","166","26.1","47.4","73","67","88","155","--","--","0.0","--","--","--","8788","--","לא","--:--:--","--","--","--:--:--","00:NaN:NaN","--","--"
אופניים,2015-04-27 05:27:52,false,"מרוץ הרכבות בראשציפור","38.19","637","01:13:55","137","165","31.0","45.7","29","39","92","128","--","--","0.0","--","--","--","6024","--","לא","--:--:--","--","--","--:--:--","00:NaN:NaN","--","--"
אופניים,2015-04-25 06:55:05,false,"מרוץ כיסופים - הספליטים לא תקינים","95.52","1,430","02:56:47","144","174","32.4","54.4","540","535","93","136","--","--","0.0","--","--","--","12998","--","לא","--:--:--","--","--","--:--:--","00:NaN:NaN","--","--"
אופניים,2015-04-23 06:33:25,false,"ללא כותרת","51.26","782","01:49:18","131","166","28.1","45.7","242","282","89","146","--","--","0.0","--","--","--","9002","--","לא","--:--:--","--","--","--:--:--","00:NaN:NaN","--","--"
אופניים,2015-04-21 05:05:40,false,"ספרינטים","44.53","618","01:36:26","122","166","27.7","46.6","68","105","80","136","--","--","0.0","--","--","--","6949","--","לא","--:--:--","--","--","--:--:--","00:NaN:NaN","--","--"
אופניים,2015-04-20 05:10:13,false,"ללא כותרת","43.92","589","01:33:42","119","152","28.1","40.4","66","96","87","171","--","--","0.0","--","--","--","7429","--","לא","--:--:--","--","--","--:--:--","00:NaN:NaN","--","--"
אופניים,2015-04-18 15:44:32,false,"ללא כותרת","51.53","787","01:52:14","129","153","27.5","38.9","191","165","91","120","--","--","0.0","--","--","--","9413","--","לא","--:--:--","--","--","--:--:--","00:NaN:NaN","--","--"
אופניים,2015-04-17 05:28:19,false,"לטרון  צובה נס לטרון","85.63","1,403","03:59:18","122","163","21.5","77.1","1,734","1,743","74","117","--","--","0.0","--","--","--","14356","--","לא","--:--:--","--","--","--:--:--","00:NaN:NaN","--","--"
אופניים,2015-04-15 05:29:28,false,"ללא כותרת","63.16","823","02:16:07","116","164","27.8","45.4","74","111","87","135","--","--","0.0","--","--","--","11052","--","לא","--:--:--","--","--","--:--:--","00:NaN:NaN","--","--"
אופניים,2015-04-14 05:03:21,false,"אימון ספרינטים","49.10","692","01:46:07","126","166","27.8","45.0","64","83","86","164","--","--","0.0","--","--","--","8230","--","לא","--:--:--","--","--","--:--:--","00:NaN:NaN","--","--"
אופניים,2015-04-12 06:20:38,false,"ללא כותרת","40.41","578","01:40:25","118","154","24.1","43.3","90","96","85","144","--","--","0.0","--","--","--","7060","--","לא","--:--:--","--","--","--:--:--","00:NaN:NaN","--","--"
אופניים,2015-04-10 06:26:17,false,"אירפורטסיטי-גשם","73.36","1,056","02:47:38","127","160","26.3","55.3","737","677","87","155","--","--","0.0","--","--","--","12943","--","לא","--:--:--","--","--","--:--:--","00:NaN:NaN","--","--"
אופניים,2015-04-09 05:44:38,false,"ללא כותרת","33.11","459","01:14:26","117","135","26.7","37.7","90","130","88","110","--","--","0.0","--","--","--","6100","--","לא","--:--:--","--","--","--:--:--","00:NaN:NaN","--","--"
אופניים,2015-04-08 08:00:58,false,"מרוץ שפדן","37.50","676","01:10:15","152","170","32.0","52.4","174","167","95","133","--","--","0.0","--","--","--","5169","--","לא","--:--:--","--","--","--:--:--","00:NaN:NaN","--","--"
אופניים,2015-04-07 06:35:51,false,"אימון קל","31.34","1,101","01:05:39","--","--","28.6","50.5","29","63","91","117","--","--","0.0","--","--","--","5391","--","לא","--:--:--","--","--","--:--:--","00:NaN:NaN","--","--"
אופניים,2015-04-06 05:07:35,false,"אימון ספרינטים","41.81","488","01:30:57","124","168","27.6","49.6","51","58","86","144","--","--","0.0","--","--","--","7139","--","לא","--:--:--","--","--","--:--:--","00:NaN:NaN","--","--"
אופניים,2015-04-05 06:15:13,false,"ללא כותרת","63.20","1,027","10:51:54","133","167","5.8","40.2","99","91","87","132","--","--","0.0","--","--","--","10679","--","לא","--:--:--","--","--","--:--:--","00:NaN:NaN","--","--"
אופניים,2015-04-02 05:54:04,false,"ללא כותרת","55.35","845","01:52:49","133","167","29.4","41.3","64","97","90","157","--","--","0.0","--","--","--","9367","--","לא","--:--:--","--","--","--:--:--","00:NaN:NaN","--","--"
אופניים,2015-03-31 06:44:37,false,"אימון שלישי + רביעי","96.52","1,403","03:26:48","127","166","28.0","47.5","242","229","89","168","--","--","0.0","--","--","--","16497","--","לא","--:--:--","--","--","--:--:--","00:NaN:NaN","--","--"
אופניים,2015-03-30 05:34:20,false,"ללא כותרת","41.54","618","01:37:14","117","154","25.6","38.8","46","80","81","109","--","--","0.0","--","--","--","7063","--","לא","--:--:--","--","--","--:--:--","00:NaN:NaN","--","--"
אופניים,2015-03-28 04:40:25,false,"בית ג'וברין","81.37","1,195","03:21:28","122","160","24.2","69.4","1,189","1,200","82","122","--","--","0.0","--","--","--","14061","--","לא","--:--:--","--","--","--:--:--","00:NaN:NaN","--","--"
אופניים,2015-03-27 05:13:53,false,"ללא כותרת","37.28","493","01:17:10","118","157","29.0","46.2","22","58","87","120","--","--","0.0","--","--","--","6058","--","לא","--:--:--","--","--","--:--:--","00:NaN:NaN","--","--"
אופניים,2015-03-26 05:26:33,false,"ללא כותרת","37.95","478","01:26:18","119","148","26.4","39.0","110","88","84","123","--","--","0.0","--","--","--","6511","--","לא","--:--:--","--","--","--:--:--","00:NaN:NaN","--","--"
אופניים,2015-03-25 05:20:59,false,"ללא כותרת","41.92","555","01:37:19","125","169","25.8","42.5","81","82","80","155","--","--","0.0","--","--","--","6849","--","לא","--:--:--","--","--","--:--:--","00:NaN:NaN","--","--"
אופניים,2015-03-24 05:01:56,false,"ללא כותרת","50.02","753","01:41:58","129","162","29.4","46.8","111","133","91","126","--","--","0.0","--","--","--","8099","--","לא","--:--:--","--","--","--:--:--","00:NaN:NaN","--","--"
אופניים,2015-03-23 05:11:17,false,"ללא כותרת","45.11","591","01:40:11","118","166","27.0","44.4","76","78","81","114","--","--","0.0","--","--","--","7503","--","לא","--:--:--","--","--","--:--:--","00:NaN:NaN","--","--"
אופניים,2015-03-21 06:04:57,false,"מרובע רכיבה על הלוק+ ","65.60","885","02:29:49","122","150","26.3","62.3","686","684","85","115","--","--","0.0","--","--","--","11584","--","לא","--:--:--","--","--","--:--:--","00:NaN:NaN","--","--"
אופניים,2015-03-20 07:50:00,false,"תחרות יער המגינים נשברה לי האוזן בסיבוב 8","37.83","895","01:55:32","139","170","19.6","62.2","942","947","85","211","--","--","0.0","--","--","--","6123","--","לא","--:--:--","--","--","--:--:--","00:NaN:NaN","--","--"
אופניים,2015-03-18 05:13:29,false,"ללא כותרת","43.63","484","01:43:16","120","157","25.4","46.6","94","88","82","240","--","--","0.0","--","--","--","7590","--","לא","--:--:--","--","--","--:--:--","00:NaN:NaN","--","--"
אופניים,2015-03-17 05:30:05,false,"ללא כותרת","66.76","763","02:10:25","130","167","30.7","49.4","78","113","89","127","--","--","0.0","--","--","--","10555","--","לא","--:--:--","--","--","--:--:--","00:NaN:NaN","--","--"
אופניים,2015-03-16 05:32:14,false,"ללא כותרת","36.80","488","01:25:08","118","170","25.9","48.7","72","64","83","116","--","--","0.0","--","--","--","6099","--","לא","--:--:--","--","--","--:--:--","00:NaN:NaN","--","--"
אופניים,2015-03-14 07:05:36,false,"גראן פונדו ים המלח","126.97","2,183","05:20:56","136","166","23.7","70.2","1,702","1,687","84","127","--","--","0.0","--","--","--","20971","--","לא","--:--:--","--","--","--:--:--","00:NaN:NaN","--","--"
אופניים,2015-03-13 06:31:27,false,"ללא כותרת","32.21","461","01:10:20","122","150","27.5","46.2","37","71","89","122","--","--","0.0","--","--","--","5764","--","לא","--:--:--","--","--","--:--:--","00:NaN:NaN","--","--"
אופניים,2015-03-12 12:49:44,false,"ללא כותרת","40.61","645","01:29:20","133","163","27.3","45.6","117","116","84","117","--","--","0.0","--","--","--","6934","--","לא","--:--:--","--","--","--:--:--","00:NaN:NaN","--","--"
אופניים,2015-03-10 05:09:04,false,"ללא כותרת","45.13","673","01:41:11","127","166","26.8","43.3","50","64","81","163","--","--","0.0","--","--","--","7341","--","לא","--:--:--","--","--","--:--:--","00:NaN:NaN","--","--"
אופניים,2015-03-09 05:12:34,false,"ללא כותרת","47.80","708","01:42:59","126","169","27.8","48.4","89","76","83","118","--","--","0.0","--","--","--","7651","--","לא","--:--:--","--","--","--:--:--","00:NaN:NaN","--","--"
אופניים,2015-03-07 06:20:32,false,"ללא כותרת","74.87","1,210","02:54:45","132","174","25.7","59.1","844","853","87","116","--","--","0.0","--","--","--","13006","--","לא","--:--:--","--","--","--:--:--","00:NaN:NaN","--","--"
אופניים,2015-03-06 06:13:35,false,"ללא כותרת","32.02","517","01:07:38","131","164","28.4","42.5","31","38","85","106","--","--","0.0","--","--","--","5454","--","לא","--:--:--","--","--","--:--:--","00:NaN:NaN","--","--"
אופניים,2015-03-05 14:39:23,false,"ללא כותרת","47.71","675","02:06:27","118","164","22.6","43.0","186","153","83","152","--","--","0.0","--","--","--","8047","--","לא","--:--:--","--","--","--:--:--","00:NaN:NaN","--","--"
אופניים,2015-03-02 05:15:27,false,"ללא כותרת","78.73","1,095","02:44:30","131","156","28.7","36.6","87","121","90","172","--","--","0.0","--","--","--","13789","--","לא","--:--:--","--","--","--:--:--","00:NaN:NaN","--","--"
אופניים,2015-02-28 06:20:35,false,"בית אריה","78.11","1,238","02:56:49","135","166","26.5","56.2","1,118","1,122","77","224","--","--","0.0","--","--","--","11880","--","לא","--:--:--","--","--","--:--:--","00:NaN:NaN","--","--"
אופניים,2015-02-26 05:40:38,false,"ללא כותרת","32.76","502","01:17:25","126","161","25.4","41.9","64","32","77","184","--","--","0.0","--","--","--","5565","--","לא","--:--:--","--","--","--:--:--","00:NaN:NaN","--","--"
אופניים,2015-02-25 05:21:29,false,"ללא כותרת","38.13","561","01:30:01","124","164","25.4","40.3","58","56","77","167","--","--","0.0","--","--","--","6228","--","לא","--:--:--","--","--","--:--:--","00:NaN:NaN","--","--"
אופניים,2015-02-24 05:21:53,false,"ללא כותרת","42.38","548","01:37:24","126","171","26.1","44.1","99","97","81","165","--","--","0.0","--","--","--","6767","--","לא","--:--:--","--","--","--:--:--","00:NaN:NaN","--","--"
אופניים,2015-02-23 05:36:04,false,"ללא כותרת","33.91","532","01:12:50","126","151","27.9","38.3","70","80","87","125","--","--","0.0","--","--","--","5686","--","לא","--:--:--","--","--","--:--:--","00:NaN:NaN","--","--"
אופניים,2015-02-17 05:39:54,false,"ללא כותרת","32.58","488","01:16:05","123","155","25.7","43.2","62","51","85","119","--","--","0.0","--","--","--","5696","9.0","לא","--:--:--","--","15.0","--:--:--","00:NaN:NaN","'-37","31"
אופניים,2015-02-16 03:51:44,false,"ללא כותרת","30.93","432","01:23:59","110","151","22.1","40.8","65","68","71","198","--","--","0.0","--","--","--","5129","10.0","לא","--:--:--","--","19.0","--:--:--","00:NaN:NaN","'-17","25"
אופניים,2015-02-14 07:44:53,false,"בית ג'וברין","142.01","2,366","03:45:26","152","175","37.8","134.9","1,487","1,750","84","156","--","--","0.0","--","--","--","10598","--","לא","--:--:--","--","--","--:--:--","00:NaN:NaN","--","--"
אופניים,2015-02-09 05:32:16,false,"ללא כותרת","36.19","605","01:22:52","130","170","26.2","41.7","63","71","81","132","--","--","0.0","--","--","--","5887","--","לא","--:--:--","--","--","--:--:--","00:NaN:NaN","--","--"
אופניים,2015-02-08 05:06:15,false,"ללא כותרת","37.97","514","01:29:35","119","160","25.4","38.6","83","106","79","112","--","--","0.0","--","--","--","6320","--","לא","--:--:--","--","--","--:--:--","00:NaN:NaN","--","--"
אופניים,2015-02-07 08:00:55,false,"ללא כותרת","42.18","969","01:39:44","156","172","25.4","68.3","963","977","85","196","--","--","0.0","--","--","--","6855","--","לא","--:--:--","--","--","--:--:--","00:NaN:NaN","--","--"
אופניים,2015-02-05 05:34:39,false,"ללא כותרת","30.74","467","01:12:30","119","158","25.4","46.9","46","46","76","121","--","--","0.0","--","--","--","5242","--","לא","--:--:--","--","--","--:--:--","00:NaN:NaN","--","--"
אופניים,2015-02-03 05:25:20,false,"ללא כותרת","35.18","525","01:24:52","118","173","24.9","42.1","61","68","83","150","--","--","0.0","--","--","--","5586","--","לא","--:--:--","--","--","--:--:--","00:NaN:NaN","--","--"
אופניים,2015-02-02 05:30:52,false,"ללא כותרת","32.90","477","01:15:47","128","170","26.0","41.4","75","104","83","143","--","--","0.0","--","--","--","5426","--","לא","--:--:--","--","--","--:--:--","00:NaN:NaN","--","--"
אופניים,2015-01-31 06:01:44,false,"אורים","66.88","1,181","03:09:50","125","162","21.1","76.7","1,479","1,471","--","--","--","--","0.0","--","--","--","--","--","לא","--:--:--","--","--","--:--:--","00:NaN:NaN","--","--"
אופניים,2015-01-29 05:24:33,false,"ללא כותרת","35.42","497","01:28:19","116","159","24.1","39.6","59","46","71","109","--","--","0.0","--","--","--","5033","--","לא","--:--:--","--","--","--:--:--","00:NaN:NaN","--","--"
אופניים,2015-01-28 05:25:03,false,"ללא כותרת","35.44","504","01:20:14","121","169","26.5","45.2","55","104","81","127","--","--","0.0","--","--","--","5760","--","לא","--:--:--","--","--","--:--:--","00:NaN:NaN","--","--"
אופניים,2015-01-27 05:34:36,false,"ללא כותרת","30.11","483","01:07:59","124","170","26.6","48.4","41","73","78","122","--","--","0.0","--","--","--","4634","--","לא","--:--:--","--","--","--:--:--","00:NaN:NaN","--","--"
אופניים,2015-01-24 08:07:13,false,"ללא כותרת","82.06","1,198","02:12:08","148","179","37.3","60.7","295","293","74","129","--","--","0.0","--","--","--","2299","--","לא","--:--:--","--","--","--:--:--","00:NaN:NaN","--","--"
אופניים,2015-01-17 08:23:29,false,"ללא כותרת","39.05","785","01:25:37","150","169","27.4","56.2","581","580","78","121","--","--","0.0","--","--","--","6031","--","לא","--:--:--","--","--","--:--:--","00:NaN:NaN","--","--"
אופניים,2015-01-14 14:02:28,false,"ללא כותרת","56.00","949","01:59:41","135","155","28.1","53.4","665","429","86","120","--","--","0.0","--","--","--","9486","--","לא","--:--:--","--","--","--:--:--","00:NaN:NaN","--","--"
אופניים,2015-01-10 07:03:44,false,"ללא כותרת","58.59","1,142","02:15:38","139","169","25.9","54.8","863","1,186","77","123","--","--","0.0","--","--","--","9167","--","לא","--:--:--","--","--","--:--:--","00:NaN:NaN","--","--"
אופניים,2015-01-03 06:34:20,false,"ללא כותרת","68.38","1,301","02:35:43","143","170","26.3","54.8","986","1,194","72","121","--","--","0.0","--","--","--","9965","--","לא","--:--:--","--","--","--:--:--","00:NaN:NaN","--","--"
אופניים,2014-12-27 06:34:04,false,"ללא כותרת","73.36","1,317","02:48:42","142","162","26.1","57.3","1,135","1,372","76","118","--","--","0.0","--","--","--","11208","--","לא","--:--:--","--","--","--:--:--","00:NaN:NaN","--","--"
אופניים,2014-12-23 06:12:02,false,"ללא כותרת","53.09","710","02:07:20","119","165","25.0","44.6","74","84","82","123","--","--","0.0","--","--","--","8953","--","לא","--:--:--","--","--","--:--:--","00:NaN:NaN","--","--"
אופניים,2014-12-20 06:48:59,false,"ללא כותרת","73.21","1,323","02:38:48","144","166","27.7","57.3","1,066","1,006","79","129","--","--","0.0","--","--","--","11373","--","לא","--:--:--","--","--","--:--:--","00:NaN:NaN","--","--"
אופניים,2014-12-15 05:46:01,false,"ללא כותרת","44.37","659","02:01:17","113","171","21.9","47.1","301","174","80","210","--","--","0.0","--","--","--","7001","--","לא","--:--:--","--","--","--:--:--","00:NaN:NaN","--","--"
