<?xml version="1.0" encoding="UTF-8"?>
<gpx creator="https://gpx.studio" version="1.1" xmlns="http://www.topografix.com/GPX/1/1" xmlns:xsi="http://www.w3.org/2001/XMLSchema-instance" xsi:schemaLocation="http://www.topografix.com/GPX/1/1 http://www.topografix.com/GPX/1/1/gpx.xsd http://www.garmin.com/xmlschemas/GpxExtensions/v3 http://www.garmin.com/xmlschemas/GpxExtensionsv3.xsd http://www.garmin.com/xmlschemas/TrackPointExtension/v1 http://www.garmin.com/xmlschemas/TrackPointExtensionv1.xsd http://www.garmin.com/xmlschemas/PowerExtension/v1 http://www.garmin.com/xmlschemas/PowerExtensionv1.xsd http://www.topografix.com/GPX/gpx_style/0/2 http://www.topografix.com/GPX/gpx_style/0/2/gpx_style.xsd" xmlns:gpxtpx="http://www.garmin.com/xmlschemas/TrackPointExtension/v1" xmlns:gpxx="http://www.garmin.com/xmlschemas/GpxExtensions/v3" xmlns:gpxpx="http://www.garmin.com/xmlschemas/PowerExtension/v1" xmlns:gpx_style="http://www.topografix.com/GPX/gpx_style/0/2">
  <metadata>
    <name>New file 1</name>
    <author>
      <name>gpx.studio</name>
      <link href="https://gpx.studio"/>
    </author>
  </metadata>
  <wpt lat="31.836932" lon="34.977333">
    <ele>205.683082940639</ele>
    <name>עצירה לקפה</name>
    <cmt>לטרון</cmt>
    <desc>לטרון</desc>
  </wpt>
  <trk>
    <name>New file 1</name>
    <trkseg>
      <trkpt lat="31.984365" lon="34.916517">
        <ele>50.11</ele>
      </trkpt>
      <trkpt lat="31.984139" lon="34.919092">
        <ele>52.85</ele>
      </trkpt>
      <trkpt lat="31.984136" lon="34.919463">
        <ele>52.87</ele>
      </trkpt>
      <trkpt lat="31.984162" lon="34.92006">
        <ele>53</ele>
      </trkpt>
      <trkpt lat="31.984211" lon="34.920469">
        <ele>53</ele>
      </trkpt>
      <trkpt lat="31.98428" lon="34.920864">
        <ele>53.45</ele>
      </trkpt>
      <trkpt lat="31.984403" lon="34.921484">
        <ele>55</ele>
      </trkpt>
      <trkpt lat="31.984875" lon="34.923245">
        <ele>57.24</ele>
      </trkpt>
      <trkpt lat="31.985348" lon="34.925006">
        <ele>62.23</ele>
      </trkpt>
      <trkpt lat="31.985428" lon="34.925372">
        <ele>63</ele>
      </trkpt>
      <trkpt lat="31.985465" lon="34.925759">
        <ele>63.94</ele>
      </trkpt>
      <trkpt lat="31.985473" lon="34.92614">
        <ele>65</ele>
      </trkpt>
      <trkpt lat="31.985448" lon="34.926556">
        <ele>65</ele>
      </trkpt>
      <trkpt lat="31.985421" lon="34.926855">
        <ele>65.02</ele>
      </trkpt>
      <trkpt lat="31.985391" lon="34.92714">
        <ele>65.27</ele>
      </trkpt>
      <trkpt lat="31.985347" lon="34.927447">
        <ele>65.57</ele>
      </trkpt>
      <trkpt lat="31.985126" lon="34.928727">
        <ele>64.83</ele>
      </trkpt>
      <trkpt lat="31.984739" lon="34.930968">
        <ele>58</ele>
      </trkpt>
      <trkpt lat="31.984077" lon="34.934741">
        <ele>61</ele>
      </trkpt>
      <trkpt lat="31.983802" lon="34.936304">
        <ele>60</ele>
      </trkpt>
      <trkpt lat="31.983637" lon="34.937241">
        <ele>61.9</ele>
      </trkpt>
      <trkpt lat="31.983319" lon="34.938985">
        <ele>62</ele>
      </trkpt>
      <trkpt lat="31.983239" lon="34.939428">
        <ele>62.99</ele>
      </trkpt>
      <trkpt lat="31.983" lon="34.940697">
        <ele>63.51</ele>
      </trkpt>
      <trkpt lat="31.982971" lon="34.940982">
        <ele>64</ele>
      </trkpt>
      <trkpt lat="31.982941" lon="34.94161">
        <ele>64</ele>
      </trkpt>
      <trkpt lat="31.982939" lon="34.942007">
        <ele>64</ele>
      </trkpt>
      <trkpt lat="31.982961" lon="34.942463">
        <ele>64</ele>
      </trkpt>
      <trkpt lat="31.983052" lon="34.94311">
        <ele>64.85</ele>
      </trkpt>
      <trkpt lat="31.983209" lon="34.94406">
        <ele>64</ele>
      </trkpt>
      <trkpt lat="31.983626" lon="34.946596">
        <ele>66</ele>
      </trkpt>
      <trkpt lat="31.984222" lon="34.950219">
        <ele>65</ele>
      </trkpt>
      <trkpt lat="31.984278" lon="34.950875">
        <ele>64.9</ele>
      </trkpt>
      <trkpt lat="31.98428" lon="34.951027">
        <ele>64.89</ele>
      </trkpt>
      <trkpt lat="31.984268" lon="34.951089">
        <ele>64.96</ele>
      </trkpt>
      <trkpt lat="31.984204" lon="34.951178">
        <ele>65</ele>
      </trkpt>
      <trkpt lat="31.984148" lon="34.951226">
        <ele>65</ele>
      </trkpt>
      <trkpt lat="31.983759" lon="34.951318">
        <ele>65.48</ele>
      </trkpt>
      <trkpt lat="31.983334" lon="34.951418">
        <ele>66</ele>
      </trkpt>
      <trkpt lat="31.983171" lon="34.951444">
        <ele>66.36</ele>
      </trkpt>
      <trkpt lat="31.983" lon="34.951461">
        <ele>66.4</ele>
      </trkpt>
      <trkpt lat="31.982499" lon="34.951476">
        <ele>66.51</ele>
      </trkpt>
      <trkpt lat="31.982225" lon="34.951472">
        <ele>66.57</ele>
      </trkpt>
      <trkpt lat="31.981991" lon="34.951453">
        <ele>66.62</ele>
      </trkpt>
      <trkpt lat="31.981752" lon="34.951418">
        <ele>66.67</ele>
      </trkpt>
      <trkpt lat="31.981589" lon="34.951379">
        <ele>66.71</ele>
      </trkpt>
      <trkpt lat="31.981334" lon="34.951298">
        <ele>66.76</ele>
      </trkpt>
      <trkpt lat="31.981134" lon="34.95122">
        <ele>66.81</ele>
      </trkpt>
      <trkpt lat="31.980905" lon="34.951115">
        <ele>66.86</ele>
      </trkpt>
      <trkpt lat="31.980693" lon="34.951004">
        <ele>66.91</ele>
      </trkpt>
      <trkpt lat="31.976632" lon="34.948628">
        <ele>67.94</ele>
      </trkpt>
      <trkpt lat="31.975613" lon="34.948016">
        <ele>68.3</ele>
      </trkpt>
      <trkpt lat="31.971782" lon="34.94587">
        <ele>71.05</ele>
      </trkpt>
      <trkpt lat="31.970977" lon="34.945449">
        <ele>71.62</ele>
      </trkpt>
      <trkpt lat="31.969517" lon="34.944754">
        <ele>72.64</ele>
      </trkpt>
      <trkpt lat="31.968967" lon="34.944523">
        <ele>73.01</ele>
      </trkpt>
      <trkpt lat="31.967852" lon="34.944085">
        <ele>75.94</ele>
      </trkpt>
      <trkpt lat="31.966751" lon="34.943621">
        <ele>77.79</ele>
      </trkpt>
      <trkpt lat="31.966182" lon="34.943339">
        <ele>78.13</ele>
      </trkpt>
      <trkpt lat="31.965754" lon="34.943078">
        <ele>78.61</ele>
      </trkpt>
      <trkpt lat="31.964805" lon="34.942409">
        <ele>78.08</ele>
      </trkpt>
      <trkpt lat="31.964538" lon="34.942247">
        <ele>78.77</ele>
      </trkpt>
      <trkpt lat="31.964079" lon="34.942026">
        <ele>79</ele>
      </trkpt>
      <trkpt lat="31.963939" lon="34.941975">
        <ele>79</ele>
      </trkpt>
      <trkpt lat="31.963697" lon="34.94191">
        <ele>79.78</ele>
      </trkpt>
      <trkpt lat="31.963393" lon="34.941865">
        <ele>80</ele>
      </trkpt>
      <trkpt lat="31.963289" lon="34.941861">
        <ele>80</ele>
      </trkpt>
      <trkpt lat="31.962952" lon="34.94186">
        <ele>80.97</ele>
      </trkpt>
      <trkpt lat="31.962661" lon="34.941872">
        <ele>80.06</ele>
      </trkpt>
      <trkpt lat="31.962376" lon="34.941886">
        <ele>83.01</ele>
      </trkpt>
      <trkpt lat="31.961522" lon="34.941928">
        <ele>85.14</ele>
      </trkpt>
      <trkpt lat="31.961237" lon="34.941943">
        <ele>83.18</ele>
      </trkpt>
      <trkpt lat="31.959799" lon="34.941983">
        <ele>84.4</ele>
      </trkpt>
      <trkpt lat="31.95869" lon="34.942012">
        <ele>87.16</ele>
      </trkpt>
      <trkpt lat="31.95816" lon="34.941996">
        <ele>91.19</ele>
      </trkpt>
      <trkpt lat="31.957978" lon="34.941968">
        <ele>91.03</ele>
      </trkpt>
      <trkpt lat="31.957788" lon="34.941931">
        <ele>88.61</ele>
      </trkpt>
      <trkpt lat="31.957561" lon="34.941848">
        <ele>89</ele>
      </trkpt>
      <trkpt lat="31.957238" lon="34.941694">
        <ele>89.12</ele>
      </trkpt>
      <trkpt lat="31.957094" lon="34.941615">
        <ele>89.1</ele>
      </trkpt>
      <trkpt lat="31.956758" lon="34.941409">
        <ele>90.97</ele>
      </trkpt>
      <trkpt lat="31.956538" lon="34.941248">
        <ele>92.98</ele>
      </trkpt>
      <trkpt lat="31.955102" lon="34.940188">
        <ele>96.35</ele>
      </trkpt>
      <trkpt lat="31.954795" lon="34.939898">
        <ele>95.96</ele>
      </trkpt>
      <trkpt lat="31.95453" lon="34.939615">
        <ele>95.9</ele>
      </trkpt>
      <trkpt lat="31.954325" lon="34.939342">
        <ele>97.29</ele>
      </trkpt>
      <trkpt lat="31.954194" lon="34.939288">
        <ele>98.5</ele>
      </trkpt>
      <trkpt lat="31.953673" lon="34.939776">
        <ele>98.38</ele>
      </trkpt>
      <trkpt lat="31.953354" lon="34.940058">
        <ele>99.89</ele>
      </trkpt>
      <trkpt lat="31.953272" lon="34.940135">
        <ele>100.5</ele>
      </trkpt>
      <trkpt lat="31.953106" lon="34.940326">
        <ele>101</ele>
      </trkpt>
      <trkpt lat="31.952845" lon="34.940665">
        <ele>103.34</ele>
      </trkpt>
      <trkpt lat="31.952767" lon="34.940765">
        <ele>104.04</ele>
      </trkpt>
      <trkpt lat="31.952619" lon="34.940996">
        <ele>106.44</ele>
      </trkpt>
      <trkpt lat="31.952508" lon="34.941202">
        <ele>107.51</ele>
      </trkpt>
      <trkpt lat="31.952382" lon="34.941464">
        <ele>108.73</ele>
      </trkpt>
      <trkpt lat="31.952254" lon="34.941805">
        <ele>110.54</ele>
      </trkpt>
      <trkpt lat="31.952153" lon="34.942163">
        <ele>111.5</ele>
      </trkpt>
      <trkpt lat="31.952081" lon="34.942528">
        <ele>114.08</ele>
      </trkpt>
      <trkpt lat="31.952004" lon="34.94301">
        <ele>117.07</ele>
      </trkpt>
      <trkpt lat="31.951979" lon="34.943395">
        <ele>119.19</ele>
      </trkpt>
      <trkpt lat="31.951976" lon="34.943751">
        <ele>120.1</ele>
      </trkpt>
      <trkpt lat="31.952173" lon="34.945756">
        <ele>129.35</ele>
      </trkpt>
      <trkpt lat="31.952246" lon="34.946465">
        <ele>134.13</ele>
      </trkpt>
      <trkpt lat="31.952288" lon="34.946986">
        <ele>136.46</ele>
      </trkpt>
      <trkpt lat="31.952312" lon="34.947748">
        <ele>139.71</ele>
      </trkpt>
      <trkpt lat="31.95231" lon="34.948247">
        <ele>141.65</ele>
      </trkpt>
      <trkpt lat="31.952294" lon="34.948623">
        <ele>142.94</ele>
      </trkpt>
      <trkpt lat="31.952168" lon="34.950236">
        <ele>149.22</ele>
      </trkpt>
      <trkpt lat="31.952087" lon="34.951172">
        <ele>150.97</ele>
      </trkpt>
      <trkpt lat="31.952049" lon="34.951921">
        <ele>153.24</ele>
      </trkpt>
      <trkpt lat="31.952002" lon="34.953393">
        <ele>157.96</ele>
      </trkpt>
      <trkpt lat="31.951969" lon="34.954243">
        <ele>157.57</ele>
      </trkpt>
      <trkpt lat="31.951951" lon="34.954726">
        <ele>162.44</ele>
      </trkpt>
      <trkpt lat="31.951941" lon="34.954927">
        <ele>162.52</ele>
      </trkpt>
      <trkpt lat="31.951893" lon="34.955459">
        <ele>162.94</ele>
      </trkpt>
      <trkpt lat="31.951857" lon="34.955652">
        <ele>163.71</ele>
      </trkpt>
      <trkpt lat="31.951684" lon="34.956387">
        <ele>165</ele>
      </trkpt>
      <trkpt lat="31.951461" lon="34.957077">
        <ele>166.81</ele>
      </trkpt>
      <trkpt lat="31.95132" lon="34.957445">
        <ele>167.77</ele>
      </trkpt>
      <trkpt lat="31.951128" lon="34.957905">
        <ele>169</ele>
      </trkpt>
      <trkpt lat="31.951026" lon="34.958127">
        <ele>169</ele>
      </trkpt>
      <trkpt lat="31.949952" lon="34.960025">
        <ele>163.12</ele>
      </trkpt>
      <trkpt lat="31.94888" lon="34.961924">
        <ele>163.31</ele>
      </trkpt>
      <trkpt lat="31.947703" lon="34.963946">
        <ele>162.66</ele>
      </trkpt>
      <trkpt lat="31.947131" lon="34.964877">
        <ele>162</ele>
      </trkpt>
      <trkpt lat="31.946759" lon="34.965541">
        <ele>163</ele>
      </trkpt>
      <trkpt lat="31.946554" lon="34.965945">
        <ele>163.75</ele>
      </trkpt>
      <trkpt lat="31.946287" lon="34.966794">
        <ele>168.13</ele>
      </trkpt>
      <trkpt lat="31.946153" lon="34.967623">
        <ele>172.14</ele>
      </trkpt>
      <trkpt lat="31.946089" lon="34.968407">
        <ele>176.26</ele>
      </trkpt>
      <trkpt lat="31.945969" lon="34.970334">
        <ele>184.03</ele>
      </trkpt>
      <trkpt lat="31.945887" lon="34.971392">
        <ele>187.99</ele>
      </trkpt>
      <trkpt lat="31.945495" lon="34.972785">
        <ele>189</ele>
      </trkpt>
      <trkpt lat="31.945333" lon="34.973358">
        <ele>187.55</ele>
      </trkpt>
      <trkpt lat="31.944915" lon="34.97483">
        <ele>193.34</ele>
      </trkpt>
      <trkpt lat="31.944664" lon="34.975713">
        <ele>194</ele>
      </trkpt>
      <trkpt lat="31.944427" lon="34.976437">
        <ele>193</ele>
      </trkpt>
      <trkpt lat="31.944063" lon="34.977295">
        <ele>189.51</ele>
      </trkpt>
      <trkpt lat="31.943717" lon="34.977859">
        <ele>187.98</ele>
      </trkpt>
      <trkpt lat="31.943235" lon="34.978454">
        <ele>185.12</ele>
      </trkpt>
      <trkpt lat="31.942052" lon="34.979431">
        <ele>191.97</ele>
      </trkpt>
      <trkpt lat="31.940635" lon="34.980546">
        <ele>203.99</ele>
      </trkpt>
      <trkpt lat="31.940239" lon="34.980933">
        <ele>205.48</ele>
      </trkpt>
      <trkpt lat="31.939171" lon="34.982231">
        <ele>208.24</ele>
      </trkpt>
      <trkpt lat="31.938637" lon="34.98288">
        <ele>207.33</ele>
      </trkpt>
      <trkpt lat="31.937927" lon="34.983869">
        <ele>206</ele>
      </trkpt>
      <trkpt lat="31.937722" lon="34.984334">
        <ele>206</ele>
      </trkpt>
      <trkpt lat="31.937572" lon="34.984862">
        <ele>206.51</ele>
      </trkpt>
      <trkpt lat="31.937185" lon="34.986691">
        <ele>211</ele>
      </trkpt>
      <trkpt lat="31.937061" lon="34.987235">
        <ele>211.69</ele>
      </trkpt>
      <trkpt lat="31.936944" lon="34.987643">
        <ele>212.19</ele>
      </trkpt>
      <trkpt lat="31.936881" lon="34.98781">
        <ele>212.9</ele>
      </trkpt>
      <trkpt lat="31.936708" lon="34.988222">
        <ele>213.26</ele>
      </trkpt>
      <trkpt lat="31.936566" lon="34.988481">
        <ele>214.73</ele>
      </trkpt>
      <trkpt lat="31.936261" lon="34.988971">
        <ele>216.48</ele>
      </trkpt>
      <trkpt lat="31.935977" lon="34.989298">
        <ele>217.37</ele>
      </trkpt>
      <trkpt lat="31.935799" lon="34.989462">
        <ele>219.29</ele>
      </trkpt>
      <trkpt lat="31.935378" lon="34.989789">
        <ele>220.38</ele>
      </trkpt>
      <trkpt lat="31.935017" lon="34.989966">
        <ele>221.81</ele>
      </trkpt>
      <trkpt lat="31.933995" lon="34.990291">
        <ele>223.16</ele>
      </trkpt>
      <trkpt lat="31.932974" lon="34.990615">
        <ele>221.52</ele>
      </trkpt>
      <trkpt lat="31.932054" lon="34.991065">
        <ele>220.14</ele>
      </trkpt>
      <trkpt lat="31.931328" lon="34.991561">
        <ele>219.49</ele>
      </trkpt>
      <trkpt lat="31.929151" lon="34.993049">
        <ele>229.63</ele>
      </trkpt>
      <trkpt lat="31.928322" lon="34.993844">
        <ele>231.43</ele>
      </trkpt>
      <trkpt lat="31.927824" lon="34.994553">
        <ele>231.03</ele>
      </trkpt>
      <trkpt lat="31.927639" lon="34.994857">
        <ele>229.95</ele>
      </trkpt>
      <trkpt lat="31.92732" lon="34.995747">
        <ele>226.56</ele>
      </trkpt>
      <trkpt lat="31.926708" lon="34.997562">
        <ele>222.98</ele>
      </trkpt>
      <trkpt lat="31.926117" lon="34.999189">
        <ele>225.93</ele>
      </trkpt>
      <trkpt lat="31.925664" lon="35.000446">
        <ele>230.01</ele>
      </trkpt>
      <trkpt lat="31.925231" lon="35.001456">
        <ele>231.01</ele>
      </trkpt>
      <trkpt lat="31.925051" lon="35.001819">
        <ele>230.35</ele>
      </trkpt>
      <trkpt lat="31.924703" lon="35.002403">
        <ele>231.53</ele>
      </trkpt>
      <trkpt lat="31.924078" lon="35.003226">
        <ele>232.13</ele>
      </trkpt>
      <trkpt lat="31.923339" lon="35.004172">
        <ele>234</ele>
      </trkpt>
      <trkpt lat="31.922687" lon="35.004958">
        <ele>235.36</ele>
      </trkpt>
      <trkpt lat="31.922211" lon="35.005584">
        <ele>238</ele>
      </trkpt>
      <trkpt lat="31.921373" lon="35.006775">
        <ele>238.06</ele>
      </trkpt>
      <trkpt lat="31.920801" lon="35.007622">
        <ele>238</ele>
      </trkpt>
      <trkpt lat="31.91979" lon="35.009129">
        <ele>234.07</ele>
      </trkpt>
      <trkpt lat="31.918945" lon="35.010478">
        <ele>233.33</ele>
      </trkpt>
      <trkpt lat="31.917368" lon="35.012951">
        <ele>246.28</ele>
      </trkpt>
      <trkpt lat="31.917005" lon="35.013472">
        <ele>249.78</ele>
      </trkpt>
      <trkpt lat="31.916745" lon="35.013803">
        <ele>250.75</ele>
      </trkpt>
      <trkpt lat="31.916185" lon="35.014428">
        <ele>255.65</ele>
      </trkpt>
      <trkpt lat="31.915752" lon="35.014825">
        <ele>258.86</ele>
      </trkpt>
      <trkpt lat="31.915272" lon="35.015206">
        <ele>262.05</ele>
      </trkpt>
      <trkpt lat="31.914848" lon="35.015509">
        <ele>264.08</ele>
      </trkpt>
      <trkpt lat="31.914404" lon="35.015775">
        <ele>266</ele>
      </trkpt>
      <trkpt lat="31.914041" lon="35.015963">
        <ele>267.16</ele>
      </trkpt>
      <trkpt lat="31.913421" lon="35.01622">
        <ele>268.92</ele>
      </trkpt>
      <trkpt lat="31.91237" lon="35.016581">
        <ele>272.96</ele>
      </trkpt>
      <trkpt lat="31.91146" lon="35.016899">
        <ele>274.84</ele>
      </trkpt>
      <trkpt lat="31.911191" lon="35.016997">
        <ele>275</ele>
      </trkpt>
      <trkpt lat="31.910604" lon="35.01718">
        <ele>278.28</ele>
      </trkpt>
      <trkpt lat="31.909909" lon="35.017396">
        <ele>281.14</ele>
      </trkpt>
      <trkpt lat="31.909496" lon="35.017573">
        <ele>281.16</ele>
      </trkpt>
      <trkpt lat="31.909205" lon="35.01773">
        <ele>281.9</ele>
      </trkpt>
      <trkpt lat="31.908982" lon="35.017851">
        <ele>282.47</ele>
      </trkpt>
      <trkpt lat="31.908566" lon="35.018109">
        <ele>282.44</ele>
      </trkpt>
      <trkpt lat="31.908129" lon="35.018411">
        <ele>281.35</ele>
      </trkpt>
      <trkpt lat="31.907561" lon="35.018847">
        <ele>280.47</ele>
      </trkpt>
      <trkpt lat="31.906966" lon="35.019362">
        <ele>279.28</ele>
      </trkpt>
      <trkpt lat="31.906484" lon="35.019851">
        <ele>277.87</ele>
      </trkpt>
      <trkpt lat="31.906046" lon="35.020366">
        <ele>276.94</ele>
      </trkpt>
      <trkpt lat="31.905751" lon="35.020823">
        <ele>275.96</ele>
      </trkpt>
      <trkpt lat="31.905262" lon="35.021634">
        <ele>275.76</ele>
      </trkpt>
      <trkpt lat="31.90428" lon="35.023436">
        <ele>273.23</ele>
      </trkpt>
      <trkpt lat="31.902937" lon="35.026031">
        <ele>266.29</ele>
      </trkpt>
      <trkpt lat="31.902763" lon="35.026232">
        <ele>266</ele>
      </trkpt>
      <trkpt lat="31.90269" lon="35.026281">
        <ele>266</ele>
      </trkpt>
      <trkpt lat="31.902609" lon="35.026299">
        <ele>265.54</ele>
      </trkpt>
      <trkpt lat="31.902418" lon="35.026301">
        <ele>264.23</ele>
      </trkpt>
      <trkpt lat="31.902265" lon="35.026293">
        <ele>263.66</ele>
      </trkpt>
      <trkpt lat="31.899946" lon="35.025954">
        <ele>262.55</ele>
      </trkpt>
      <trkpt lat="31.898861" lon="35.025793">
        <ele>260.42</ele>
      </trkpt>
      <trkpt lat="31.89791" lon="35.025687">
        <ele>258</ele>
      </trkpt>
      <trkpt lat="31.896813" lon="35.025511">
        <ele>255.25</ele>
      </trkpt>
      <trkpt lat="31.896186" lon="35.025392">
        <ele>254.27</ele>
      </trkpt>
      <trkpt lat="31.895757" lon="35.025287">
        <ele>252.47</ele>
      </trkpt>
      <trkpt lat="31.894523" lon="35.024936">
        <ele>249</ele>
      </trkpt>
      <trkpt lat="31.893737" lon="35.024725">
        <ele>249.76</ele>
      </trkpt>
      <trkpt lat="31.893413" lon="35.024651">
        <ele>250.5</ele>
      </trkpt>
      <trkpt lat="31.891926" lon="35.024392">
        <ele>255.86</ele>
      </trkpt>
      <trkpt lat="31.891396" lon="35.024326">
        <ele>257.02</ele>
      </trkpt>
      <trkpt lat="31.891144" lon="35.024315">
        <ele>258.05</ele>
      </trkpt>
      <trkpt lat="31.890328" lon="35.024306">
        <ele>259.69</ele>
      </trkpt>
      <trkpt lat="31.889587" lon="35.02435">
        <ele>260.87</ele>
      </trkpt>
      <trkpt lat="31.889182" lon="35.024382">
        <ele>261</ele>
      </trkpt>
      <trkpt lat="31.88905" lon="35.024382">
        <ele>261</ele>
      </trkpt>
      <trkpt lat="31.888968" lon="35.024371">
        <ele>261</ele>
      </trkpt>
      <trkpt lat="31.888838" lon="35.02433">
        <ele>261</ele>
      </trkpt>
      <trkpt lat="31.888807" lon="35.02429">
        <ele>261.22</ele>
      </trkpt>
      <trkpt lat="31.888768" lon="35.02426">
        <ele>261.4</ele>
      </trkpt>
      <trkpt lat="31.888721" lon="35.024242">
        <ele>261.5</ele>
      </trkpt>
      <trkpt lat="31.888671" lon="35.02424">
        <ele>261.51</ele>
      </trkpt>
      <trkpt lat="31.888622" lon="35.024254">
        <ele>261.43</ele>
      </trkpt>
      <trkpt lat="31.888579" lon="35.024283">
        <ele>261.26</ele>
      </trkpt>
      <trkpt lat="31.888474" lon="35.024324">
        <ele>261.02</ele>
      </trkpt>
      <trkpt lat="31.888411" lon="35.024332">
        <ele>261</ele>
      </trkpt>
      <trkpt lat="31.887463" lon="35.024303">
        <ele>262.18</ele>
      </trkpt>
      <trkpt lat="31.886955" lon="35.024321">
        <ele>263.04</ele>
      </trkpt>
      <trkpt lat="31.886591" lon="35.024378">
        <ele>263.11</ele>
      </trkpt>
      <trkpt lat="31.885858" lon="35.024552">
        <ele>263</ele>
      </trkpt>
      <trkpt lat="31.885756" lon="35.024561">
        <ele>263</ele>
      </trkpt>
      <trkpt lat="31.885675" lon="35.024547">
        <ele>263</ele>
      </trkpt>
      <trkpt lat="31.885557" lon="35.024495">
        <ele>263.23</ele>
      </trkpt>
      <trkpt lat="31.885519" lon="35.024467">
        <ele>263.49</ele>
      </trkpt>
      <trkpt lat="31.885482" lon="35.024456">
        <ele>263.74</ele>
      </trkpt>
      <trkpt lat="31.885437" lon="35.024458">
        <ele>264</ele>
      </trkpt>
      <trkpt lat="31.885395" lon="35.024478">
        <ele>264</ele>
      </trkpt>
      <trkpt lat="31.885356" lon="35.02452">
        <ele>263.89</ele>
      </trkpt>
      <trkpt lat="31.885348" lon="35.024538">
        <ele>263.78</ele>
      </trkpt>
      <trkpt lat="31.885275" lon="35.024598">
        <ele>263.43</ele>
      </trkpt>
      <trkpt lat="31.885222" lon="35.024624">
        <ele>263.28</ele>
      </trkpt>
      <trkpt lat="31.884635" lon="35.024745">
        <ele>265.31</ele>
      </trkpt>
      <trkpt lat="31.883926" lon="35.024908">
        <ele>268.4</ele>
      </trkpt>
      <trkpt lat="31.883689" lon="35.024951">
        <ele>270.03</ele>
      </trkpt>
      <trkpt lat="31.883507" lon="35.024972">
        <ele>272.08</ele>
      </trkpt>
      <trkpt lat="31.883138" lon="35.024961">
        <ele>275.73</ele>
      </trkpt>
      <trkpt lat="31.882963" lon="35.024933">
        <ele>277.98</ele>
      </trkpt>
      <trkpt lat="31.882746" lon="35.024881">
        <ele>278.1</ele>
      </trkpt>
      <trkpt lat="31.882541" lon="35.024806">
        <ele>278</ele>
      </trkpt>
      <trkpt lat="31.882271" lon="35.024675">
        <ele>278.74</ele>
      </trkpt>
      <trkpt lat="31.882056" lon="35.024541">
        <ele>279</ele>
      </trkpt>
      <trkpt lat="31.881917" lon="35.024436">
        <ele>278.94</ele>
      </trkpt>
      <trkpt lat="31.881762" lon="35.024285">
        <ele>277.33</ele>
      </trkpt>
      <trkpt lat="31.881553" lon="35.024012">
        <ele>273.41</ele>
      </trkpt>
      <trkpt lat="31.881425" lon="35.023803">
        <ele>272.51</ele>
      </trkpt>
      <trkpt lat="31.881323" lon="35.023597">
        <ele>271.81</ele>
      </trkpt>
      <trkpt lat="31.881232" lon="35.023361">
        <ele>271.41</ele>
      </trkpt>
      <trkpt lat="31.880947" lon="35.022275">
        <ele>269.57</ele>
      </trkpt>
      <trkpt lat="31.880795" lon="35.02169">
        <ele>266.5</ele>
      </trkpt>
      <trkpt lat="31.880568" lon="35.020812">
        <ele>265.22</ele>
      </trkpt>
      <trkpt lat="31.880265" lon="35.019641">
        <ele>260.88</ele>
      </trkpt>
      <trkpt lat="31.880252" lon="35.019567">
        <ele>260.63</ele>
      </trkpt>
      <trkpt lat="31.880259" lon="35.019398">
        <ele>259.83</ele>
      </trkpt>
      <trkpt lat="31.880267" lon="35.019362">
        <ele>259.68</ele>
      </trkpt>
      <trkpt lat="31.880256" lon="35.019293">
        <ele>259.48</ele>
      </trkpt>
      <trkpt lat="31.880219" lon="35.019244">
        <ele>259.22</ele>
      </trkpt>
      <trkpt lat="31.880185" lon="35.019227">
        <ele>259.01</ele>
      </trkpt>
      <trkpt lat="31.880138" lon="35.019185">
        <ele>259.03</ele>
      </trkpt>
      <trkpt lat="31.880061" lon="35.019079">
        <ele>258.48</ele>
      </trkpt>
      <trkpt lat="31.879865" lon="35.01869">
        <ele>257.42</ele>
      </trkpt>
      <trkpt lat="31.879821" lon="35.018564">
        <ele>256.98</ele>
      </trkpt>
      <trkpt lat="31.879812" lon="35.018387">
        <ele>256.03</ele>
      </trkpt>
      <trkpt lat="31.879814" lon="35.018329">
        <ele>255.67</ele>
      </trkpt>
      <trkpt lat="31.879828" lon="35.018268">
        <ele>255.45</ele>
      </trkpt>
      <trkpt lat="31.879881" lon="35.018142">
        <ele>255.09</ele>
      </trkpt>
      <trkpt lat="31.879932" lon="35.018059">
        <ele>255.48</ele>
      </trkpt>
      <trkpt lat="31.880004" lon="35.017952">
        <ele>256.21</ele>
      </trkpt>
      <trkpt lat="31.880106" lon="35.017826">
        <ele>258.05</ele>
      </trkpt>
      <trkpt lat="31.880266" lon="35.017601">
        <ele>259.03</ele>
      </trkpt>
      <trkpt lat="31.880329" lon="35.017488">
        <ele>258.81</ele>
      </trkpt>
      <trkpt lat="31.88043" lon="35.017236">
        <ele>259.01</ele>
      </trkpt>
      <trkpt lat="31.880693" lon="35.016308">
        <ele>252.78</ele>
      </trkpt>
      <trkpt lat="31.880842" lon="35.015752">
        <ele>251.02</ele>
      </trkpt>
      <trkpt lat="31.880992" lon="35.015197">
        <ele>252.08</ele>
      </trkpt>
      <trkpt lat="31.881057" lon="35.014841">
        <ele>251.26</ele>
      </trkpt>
      <trkpt lat="31.881096" lon="35.014557">
        <ele>249.88</ele>
      </trkpt>
      <trkpt lat="31.881096" lon="35.014289">
        <ele>249.66</ele>
      </trkpt>
      <trkpt lat="31.881061" lon="35.013862">
        <ele>250.08</ele>
      </trkpt>
      <trkpt lat="31.881005" lon="35.013527">
        <ele>249.37</ele>
      </trkpt>
      <trkpt lat="31.880941" lon="35.013302">
        <ele>248.87</ele>
      </trkpt>
      <trkpt lat="31.880866" lon="35.013143">
        <ele>248.27</ele>
      </trkpt>
      <trkpt lat="31.880686" lon="35.012819">
        <ele>245.06</ele>
      </trkpt>
      <trkpt lat="31.880412" lon="35.012476">
        <ele>241.82</ele>
      </trkpt>
      <trkpt lat="31.880121" lon="35.01224">
        <ele>240.82</ele>
      </trkpt>
      <trkpt lat="31.879939" lon="35.012111">
        <ele>239.26</ele>
      </trkpt>
      <trkpt lat="31.879592" lon="35.011929">
        <ele>237.71</ele>
      </trkpt>
      <trkpt lat="31.879319" lon="35.011832">
        <ele>237.34</ele>
      </trkpt>
      <trkpt lat="31.87855" lon="35.011666">
        <ele>236.14</ele>
      </trkpt>
      <trkpt lat="31.878075" lon="35.011566">
        <ele>231.57</ele>
      </trkpt>
      <trkpt lat="31.877929" lon="35.01155">
        <ele>229.63</ele>
      </trkpt>
      <trkpt lat="31.877844" lon="35.011531">
        <ele>228.65</ele>
      </trkpt>
      <trkpt lat="31.877747" lon="35.011483">
        <ele>229.51</ele>
      </trkpt>
      <trkpt lat="31.877681" lon="35.011423">
        <ele>230.47</ele>
      </trkpt>
      <trkpt lat="31.877595" lon="35.011328">
        <ele>232.23</ele>
      </trkpt>
      <trkpt lat="31.877557" lon="35.01126">
        <ele>236.03</ele>
      </trkpt>
      <trkpt lat="31.877501" lon="35.011083">
        <ele>236.16</ele>
      </trkpt>
      <trkpt lat="31.87746" lon="35.010927">
        <ele>235.19</ele>
      </trkpt>
      <trkpt lat="31.877347" lon="35.0106">
        <ele>232.92</ele>
      </trkpt>
      <trkpt lat="31.877104" lon="35.010005">
        <ele>230.78</ele>
      </trkpt>
      <trkpt lat="31.876999" lon="35.009702">
        <ele>228.57</ele>
      </trkpt>
      <trkpt lat="31.876892" lon="35.009334">
        <ele>227.1</ele>
      </trkpt>
      <trkpt lat="31.876824" lon="35.008953">
        <ele>231.42</ele>
      </trkpt>
      <trkpt lat="31.876806" lon="35.008745">
        <ele>232.9</ele>
      </trkpt>
      <trkpt lat="31.876785" lon="35.008385">
        <ele>233.86</ele>
      </trkpt>
      <trkpt lat="31.876785" lon="35.008267">
        <ele>233.48</ele>
      </trkpt>
      <trkpt lat="31.876808" lon="35.007904">
        <ele>231.4</ele>
      </trkpt>
      <trkpt lat="31.876861" lon="35.007532">
        <ele>227.44</ele>
      </trkpt>
      <trkpt lat="31.876899" lon="35.007338">
        <ele>224.86</ele>
      </trkpt>
      <trkpt lat="31.876943" lon="35.007167">
        <ele>222.86</ele>
      </trkpt>
      <trkpt lat="31.876997" lon="35.006971">
        <ele>222.59</ele>
      </trkpt>
      <trkpt lat="31.877061" lon="35.006786">
        <ele>222.79</ele>
      </trkpt>
      <trkpt lat="31.877127" lon="35.006601">
        <ele>224.98</ele>
      </trkpt>
      <trkpt lat="31.8772" lon="35.006429">
        <ele>226.09</ele>
      </trkpt>
      <trkpt lat="31.87738" lon="35.006072">
        <ele>227.61</ele>
      </trkpt>
      <trkpt lat="31.877478" lon="35.005909">
        <ele>228.01</ele>
      </trkpt>
      <trkpt lat="31.877585" lon="35.005743">
        <ele>222.43</ele>
      </trkpt>
      <trkpt lat="31.877776" lon="35.005464">
        <ele>222.21</ele>
      </trkpt>
      <trkpt lat="31.878101" lon="35.005029">
        <ele>218.46</ele>
      </trkpt>
      <trkpt lat="31.878784" lon="35.004112">
        <ele>219.9</ele>
      </trkpt>
      <trkpt lat="31.879125" lon="35.003654">
        <ele>217.01</ele>
      </trkpt>
      <trkpt lat="31.879558" lon="35.003056">
        <ele>210.61</ele>
      </trkpt>
      <trkpt lat="31.879662" lon="35.002861">
        <ele>209.67</ele>
      </trkpt>
      <trkpt lat="31.879723" lon="35.002724">
        <ele>209.18</ele>
      </trkpt>
      <trkpt lat="31.879767" lon="35.0026">
        <ele>208.67</ele>
      </trkpt>
      <trkpt lat="31.879812" lon="35.002415">
        <ele>207.82</ele>
      </trkpt>
      <trkpt lat="31.879845" lon="35.002238">
        <ele>207.34</ele>
      </trkpt>
      <trkpt lat="31.879967" lon="35.001873">
        <ele>206.23</ele>
      </trkpt>
      <trkpt lat="31.879986" lon="35.001856">
        <ele>205.97</ele>
      </trkpt>
      <trkpt lat="31.880212" lon="35.001857">
        <ele>207.07</ele>
      </trkpt>
      <trkpt lat="31.880604" lon="35.001877">
        <ele>212.65</ele>
      </trkpt>
      <trkpt lat="31.880679" lon="35.001904">
        <ele>213.98</ele>
      </trkpt>
      <trkpt lat="31.88071" lon="35.001922">
        <ele>214.58</ele>
      </trkpt>
      <trkpt lat="31.880743" lon="35.001927">
        <ele>215.24</ele>
      </trkpt>
      <trkpt lat="31.880777" lon="35.00192">
        <ele>215.83</ele>
      </trkpt>
      <trkpt lat="31.880807" lon="35.0019">
        <ele>216.34</ele>
      </trkpt>
      <trkpt lat="31.88083" lon="35.001869">
        <ele>216.64</ele>
      </trkpt>
      <trkpt lat="31.880844" lon="35.001831">
        <ele>216.69</ele>
      </trkpt>
      <trkpt lat="31.880846" lon="35.00179">
        <ele>216.54</ele>
      </trkpt>
      <trkpt lat="31.880826" lon="35.001729">
        <ele>216.13</ele>
      </trkpt>
      <trkpt lat="31.880783" lon="35.001689">
        <ele>215.25</ele>
      </trkpt>
      <trkpt lat="31.880737" lon="35.001623">
        <ele>214.54</ele>
      </trkpt>
      <trkpt lat="31.88071" lon="35.001569">
        <ele>214.35</ele>
      </trkpt>
      <trkpt lat="31.88068" lon="35.001478">
        <ele>214.08</ele>
      </trkpt>
      <trkpt lat="31.880351" lon="35.000115">
        <ele>203.47</ele>
      </trkpt>
      <trkpt lat="31.880277" lon="34.999804">
        <ele>202.85</ele>
      </trkpt>
      <trkpt lat="31.880218" lon="34.99952">
        <ele>202.88</ele>
      </trkpt>
      <trkpt lat="31.880188" lon="34.999252">
        <ele>203.03</ele>
      </trkpt>
      <trkpt lat="31.880189" lon="34.999005">
        <ele>204.05</ele>
      </trkpt>
      <trkpt lat="31.8802" lon="34.998866">
        <ele>204.18</ele>
      </trkpt>
      <trkpt lat="31.88023" lon="34.998593">
        <ele>203.78</ele>
      </trkpt>
      <trkpt lat="31.880286" lon="34.998246">
        <ele>203.68</ele>
      </trkpt>
      <trkpt lat="31.88029" lon="34.998069">
        <ele>203.71</ele>
      </trkpt>
      <trkpt lat="31.880257" lon="34.997932">
        <ele>203.48</ele>
      </trkpt>
      <trkpt lat="31.87989" lon="34.997785">
        <ele>201.29</ele>
      </trkpt>
      <trkpt lat="31.878947" lon="34.997399">
        <ele>197.51</ele>
      </trkpt>
      <trkpt lat="31.877428" lon="34.996712">
        <ele>193.56</ele>
      </trkpt>
      <trkpt lat="31.876754" lon="34.996401">
        <ele>194</ele>
      </trkpt>
      <trkpt lat="31.876362" lon="34.996246">
        <ele>195.92</ele>
      </trkpt>
      <trkpt lat="31.876161" lon="34.996184">
        <ele>196.72</ele>
      </trkpt>
      <trkpt lat="31.875883" lon="34.996136">
        <ele>198.42</ele>
      </trkpt>
      <trkpt lat="31.875708" lon="34.996122">
        <ele>199.65</ele>
      </trkpt>
      <trkpt lat="31.875542" lon="34.996117">
        <ele>200.02</ele>
      </trkpt>
      <trkpt lat="31.875147" lon="34.99613">
        <ele>202.45</ele>
      </trkpt>
      <trkpt lat="31.873697" lon="34.996216">
        <ele>211.43</ele>
      </trkpt>
      <trkpt lat="31.873446" lon="34.996248">
        <ele>212.89</ele>
      </trkpt>
      <trkpt lat="31.873219" lon="34.996305">
        <ele>214.07</ele>
      </trkpt>
      <trkpt lat="31.873084" lon="34.99635">
        <ele>214.75</ele>
      </trkpt>
      <trkpt lat="31.872811" lon="34.996476">
        <ele>216.53</ele>
      </trkpt>
      <trkpt lat="31.87251" lon="34.996653">
        <ele>217.1</ele>
      </trkpt>
      <trkpt lat="31.872244" lon="34.996858">
        <ele>218.18</ele>
      </trkpt>
      <trkpt lat="31.872038" lon="34.997054">
        <ele>218.09</ele>
      </trkpt>
      <trkpt lat="31.871763" lon="34.997376">
        <ele>218.1</ele>
      </trkpt>
      <trkpt lat="31.87096" lon="34.998376">
        <ele>215.85</ele>
      </trkpt>
      <trkpt lat="31.869317" lon="35.000424">
        <ele>215.01</ele>
      </trkpt>
      <trkpt lat="31.869034" lon="35.00076">
        <ele>214.62</ele>
      </trkpt>
      <trkpt lat="31.868725" lon="35.001078">
        <ele>214.35</ele>
      </trkpt>
      <trkpt lat="31.868357" lon="35.001411">
        <ele>214.02</ele>
      </trkpt>
      <trkpt lat="31.868043" lon="35.001645">
        <ele>214.1</ele>
      </trkpt>
      <trkpt lat="31.867665" lon="35.0019">
        <ele>214</ele>
      </trkpt>
      <trkpt lat="31.867503" lon="35.001996">
        <ele>213.19</ele>
      </trkpt>
      <trkpt lat="31.867173" lon="35.002176">
        <ele>212.19</ele>
      </trkpt>
      <trkpt lat="31.866979" lon="35.002267">
        <ele>211.69</ele>
      </trkpt>
      <trkpt lat="31.866526" lon="35.002444">
        <ele>208.71</ele>
      </trkpt>
      <trkpt lat="31.866214" lon="35.002535">
        <ele>206.9</ele>
      </trkpt>
      <trkpt lat="31.865904" lon="35.002608">
        <ele>204.5</ele>
      </trkpt>
      <trkpt lat="31.865601" lon="35.002653">
        <ele>202.16</ele>
      </trkpt>
      <trkpt lat="31.865305" lon="35.00268">
        <ele>200.12</ele>
      </trkpt>
      <trkpt lat="31.864975" lon="35.002696">
        <ele>197.85</ele>
      </trkpt>
      <trkpt lat="31.864704" lon="35.002694">
        <ele>195.21</ele>
      </trkpt>
      <trkpt lat="31.864389" lon="35.002672">
        <ele>193.08</ele>
      </trkpt>
      <trkpt lat="31.864198" lon="35.002648">
        <ele>192.49</ele>
      </trkpt>
      <trkpt lat="31.86384" lon="35.002578">
        <ele>190.09</ele>
      </trkpt>
      <trkpt lat="31.863521" lon="35.002495">
        <ele>189.13</ele>
      </trkpt>
      <trkpt lat="31.863212" lon="35.002387">
        <ele>188.87</ele>
      </trkpt>
      <trkpt lat="31.861528" lon="35.001649">
        <ele>184.39</ele>
      </trkpt>
      <trkpt lat="31.861132" lon="35.001479">
        <ele>182.37</ele>
      </trkpt>
      <trkpt lat="31.860981" lon="35.001425">
        <ele>182</ele>
      </trkpt>
      <trkpt lat="31.86069" lon="35.00135">
        <ele>181.4</ele>
      </trkpt>
      <trkpt lat="31.860535" lon="35.00132">
        <ele>180.82</ele>
      </trkpt>
      <trkpt lat="31.860198" lon="35.001283">
        <ele>179.17</ele>
      </trkpt>
      <trkpt lat="31.859824" lon="35.001264">
        <ele>178</ele>
      </trkpt>
      <trkpt lat="31.859457" lon="35.001285">
        <ele>176.97</ele>
      </trkpt>
      <trkpt lat="31.858924" lon="35.001365">
        <ele>176</ele>
      </trkpt>
      <trkpt lat="31.858738" lon="35.001406">
        <ele>175.77</ele>
      </trkpt>
      <trkpt lat="31.858583" lon="35.001454">
        <ele>175.98</ele>
      </trkpt>
      <trkpt lat="31.858384" lon="35.00153">
        <ele>173.15</ele>
      </trkpt>
      <trkpt lat="31.858202" lon="35.001604">
        <ele>172.96</ele>
      </trkpt>
      <trkpt lat="31.857847" lon="35.00177">
        <ele>176.94</ele>
      </trkpt>
      <trkpt lat="31.857596" lon="35.001924">
        <ele>177</ele>
      </trkpt>
      <trkpt lat="31.857345" lon="35.002103">
        <ele>177</ele>
      </trkpt>
      <trkpt lat="31.856881" lon="35.002471">
        <ele>178</ele>
      </trkpt>
      <trkpt lat="31.855858" lon="35.003345">
        <ele>180</ele>
      </trkpt>
      <trkpt lat="31.855596" lon="35.003568">
        <ele>182</ele>
      </trkpt>
      <trkpt lat="31.855486" lon="35.00365">
        <ele>182.07</ele>
      </trkpt>
      <trkpt lat="31.855277" lon="35.003788">
        <ele>183</ele>
      </trkpt>
      <trkpt lat="31.854866" lon="35.004014">
        <ele>185.31</ele>
      </trkpt>
      <trkpt lat="31.854719" lon="35.004088">
        <ele>186</ele>
      </trkpt>
      <trkpt lat="31.854667" lon="35.004107">
        <ele>186</ele>
      </trkpt>
      <trkpt lat="31.854584" lon="35.004115">
        <ele>186.13</ele>
      </trkpt>
      <trkpt lat="31.854487" lon="35.004107">
        <ele>186.41</ele>
      </trkpt>
      <trkpt lat="31.854417" lon="35.004089">
        <ele>186.61</ele>
      </trkpt>
      <trkpt lat="31.85437" lon="35.004015">
        <ele>186.77</ele>
      </trkpt>
      <trkpt lat="31.854313" lon="35.003889">
        <ele>187</ele>
      </trkpt>
      <trkpt lat="31.854186" lon="35.00346">
        <ele>187.33</ele>
      </trkpt>
      <trkpt lat="31.854125" lon="35.003188">
        <ele>188.38</ele>
      </trkpt>
      <trkpt lat="31.854003" lon="35.002645">
        <ele>187.25</ele>
      </trkpt>
      <trkpt lat="31.853748" lon="35.001384">
        <ele>185.6</ele>
      </trkpt>
      <trkpt lat="31.853371" lon="34.999068">
        <ele>180.08</ele>
      </trkpt>
      <trkpt lat="31.85324" lon="34.99813">
        <ele>177.47</ele>
      </trkpt>
      <trkpt lat="31.853153" lon="34.997504">
        <ele>179.03</ele>
      </trkpt>
      <trkpt lat="31.853022" lon="34.996566">
        <ele>178.96</ele>
      </trkpt>
      <trkpt lat="31.85298" lon="34.996308">
        <ele>178.57</ele>
      </trkpt>
      <trkpt lat="31.852891" lon="34.995929">
        <ele>179.62</ele>
      </trkpt>
      <trkpt lat="31.852813" lon="34.995682">
        <ele>179.46</ele>
      </trkpt>
      <trkpt lat="31.852722" lon="34.995442">
        <ele>180.11</ele>
      </trkpt>
      <trkpt lat="31.852586" lon="34.995148">
        <ele>181.19</ele>
      </trkpt>
      <trkpt lat="31.852482" lon="34.994969">
        <ele>181.63</ele>
      </trkpt>
      <trkpt lat="31.852404" lon="34.994858">
        <ele>181.38</ele>
      </trkpt>
      <trkpt lat="31.852277" lon="34.994702">
        <ele>180.77</ele>
      </trkpt>
      <trkpt lat="31.852087" lon="34.994518">
        <ele>180.8</ele>
      </trkpt>
      <trkpt lat="31.851932" lon="34.9944">
        <ele>181</ele>
      </trkpt>
      <trkpt lat="31.851664" lon="34.994236">
        <ele>181.25</ele>
      </trkpt>
      <trkpt lat="31.851397" lon="34.994072">
        <ele>184.01</ele>
      </trkpt>
      <trkpt lat="31.850614" lon="34.993746">
        <ele>190.19</ele>
      </trkpt>
      <trkpt lat="31.849656" lon="34.993328">
        <ele>193.01</ele>
      </trkpt>
      <trkpt lat="31.849147" lon="34.993128">
        <ele>195.49</ele>
      </trkpt>
      <trkpt lat="31.848893" lon="34.993028">
        <ele>195.02</ele>
      </trkpt>
      <trkpt lat="31.847471" lon="34.992421">
        <ele>193.49</ele>
      </trkpt>
      <trkpt lat="31.846469" lon="34.991918">
        <ele>196.79</ele>
      </trkpt>
      <trkpt lat="31.846311" lon="34.991846">
        <ele>198.61</ele>
      </trkpt>
      <trkpt lat="31.846149" lon="34.991787">
        <ele>199.6</ele>
      </trkpt>
      <trkpt lat="31.845984" lon="34.99174">
        <ele>201.54</ele>
      </trkpt>
      <trkpt lat="31.845665" lon="34.99168">
        <ele>204.71</ele>
      </trkpt>
      <trkpt lat="31.845429" lon="34.991648">
        <ele>206.02</ele>
      </trkpt>
      <trkpt lat="31.845192" lon="34.991624">
        <ele>208.62</ele>
      </trkpt>
      <trkpt lat="31.844869" lon="34.991607">
        <ele>212.27</ele>
      </trkpt>
      <trkpt lat="31.844613" lon="34.991619">
        <ele>214.56</ele>
      </trkpt>
      <trkpt lat="31.844432" lon="34.991646">
        <ele>216.57</ele>
      </trkpt>
      <trkpt lat="31.844241" lon="34.9917">
        <ele>218.18</ele>
      </trkpt>
      <trkpt lat="31.843274" lon="34.992134">
        <ele>226.55</ele>
      </trkpt>
      <trkpt lat="31.843129" lon="34.992175">
        <ele>228.3</ele>
      </trkpt>
      <trkpt lat="31.843017" lon="34.992191">
        <ele>229.73</ele>
      </trkpt>
      <trkpt lat="31.84283" lon="34.992189">
        <ele>231.68</ele>
      </trkpt>
      <trkpt lat="31.842651" lon="34.992152">
        <ele>232.95</ele>
      </trkpt>
      <trkpt lat="31.842549" lon="34.992113">
        <ele>233.19</ele>
      </trkpt>
      <trkpt lat="31.842071" lon="34.991891">
        <ele>235.92</ele>
      </trkpt>
      <trkpt lat="31.840956" lon="34.991324">
        <ele>233.11</ele>
      </trkpt>
      <trkpt lat="31.840825" lon="34.991238">
        <ele>232.88</ele>
      </trkpt>
      <trkpt lat="31.840616" lon="34.991072">
        <ele>231.33</ele>
      </trkpt>
      <trkpt lat="31.840468" lon="34.990904">
        <ele>229.67</ele>
      </trkpt>
      <trkpt lat="31.84037" lon="34.990767">
        <ele>228.75</ele>
      </trkpt>
      <trkpt lat="31.840284" lon="34.990612">
        <ele>227.12</ele>
      </trkpt>
      <trkpt lat="31.840211" lon="34.990435">
        <ele>226.57</ele>
      </trkpt>
      <trkpt lat="31.839873" lon="34.98954">
        <ele>227.66</ele>
      </trkpt>
      <trkpt lat="31.839648" lon="34.988943">
        <ele>225.77</ele>
      </trkpt>
      <trkpt lat="31.839551" lon="34.988612">
        <ele>223.8</ele>
      </trkpt>
      <trkpt lat="31.839278" lon="34.987803">
        <ele>218.64</ele>
      </trkpt>
      <trkpt lat="31.839053" lon="34.98721">
        <ele>215.65</ele>
      </trkpt>
      <trkpt lat="31.838941" lon="34.986913">
        <ele>217.87</ele>
      </trkpt>
      <trkpt lat="31.838842" lon="34.986667">
        <ele>218.06</ele>
      </trkpt>
      <trkpt lat="31.838742" lon="34.986421">
        <ele>214.09</ele>
      </trkpt>
      <trkpt lat="31.838491" lon="34.985863">
        <ele>212.63</ele>
      </trkpt>
      <trkpt lat="31.838097" lon="34.984997">
        <ele>213.12</ele>
      </trkpt>
      <trkpt lat="31.838019" lon="34.984735">
        <ele>212.65</ele>
      </trkpt>
      <trkpt lat="31.838005" lon="34.984638">
        <ele>212.75</ele>
      </trkpt>
      <trkpt lat="31.837994" lon="34.984425">
        <ele>212.64</ele>
      </trkpt>
      <trkpt lat="31.837963" lon="34.984319">
        <ele>212.44</ele>
      </trkpt>
      <trkpt lat="31.837916" lon="34.984256">
        <ele>212.72</ele>
      </trkpt>
      <trkpt lat="31.837789" lon="34.984163">
        <ele>213.82</ele>
      </trkpt>
      <trkpt lat="31.837752" lon="34.984125">
        <ele>214.08</ele>
      </trkpt>
      <trkpt lat="31.83744" lon="34.983642">
        <ele>215</ele>
      </trkpt>
      <trkpt lat="31.83729" lon="34.983378">
        <ele>214.14</ele>
      </trkpt>
      <trkpt lat="31.836984" lon="34.982821">
        <ele>216.5</ele>
      </trkpt>
      <trkpt lat="31.8366" lon="34.982179">
        <ele>219.06</ele>
      </trkpt>
      <trkpt lat="31.83638" lon="34.981773">
        <ele>221.06</ele>
      </trkpt>
      <trkpt lat="31.836232" lon="34.981447">
        <ele>221.16</ele>
      </trkpt>
      <trkpt lat="31.836041" lon="34.980848">
        <ele>219.85</ele>
      </trkpt>
      <trkpt lat="31.835886" lon="34.980371">
        <ele>215.94</ele>
      </trkpt>
      <trkpt lat="31.835425" lon="34.979126">
        <ele>204.71</ele>
      </trkpt>
      <trkpt lat="31.835375" lon="34.978924">
        <ele>203.03</ele>
      </trkpt>
      <trkpt lat="31.835348" lon="34.9787">
        <ele>201.72</ele>
      </trkpt>
      <trkpt lat="31.835308" lon="34.97847">
        <ele>200.38</ele>
      </trkpt>
      <trkpt lat="31.835257" lon="34.978274">
        <ele>199.24</ele>
      </trkpt>
      <trkpt lat="31.835178" lon="34.978067">
        <ele>199</ele>
      </trkpt>
      <trkpt lat="31.835138" lon="34.977819">
        <ele>198</ele>
      </trkpt>
      <trkpt lat="31.835132" lon="34.977729">
        <ele>198</ele>
      </trkpt>
      <trkpt lat="31.835141" lon="34.977659">
        <ele>197.66</ele>
      </trkpt>
      <trkpt lat="31.835177" lon="34.977578">
        <ele>197.19</ele>
      </trkpt>
      <trkpt lat="31.835257" lon="34.977459">
        <ele>197.06</ele>
      </trkpt>
      <trkpt lat="31.835296" lon="34.977401">
        <ele>197</ele>
      </trkpt>
      <trkpt lat="31.835529" lon="34.977214">
        <ele>198.31</ele>
      </trkpt>
      <trkpt lat="31.83602" lon="34.976867">
        <ele>199.04</ele>
      </trkpt>
      <trkpt lat="31.836295" lon="34.976696">
        <ele>200.04</ele>
      </trkpt>
      <trkpt lat="31.836359" lon="34.976703">
        <ele>200.1</ele>
      </trkpt>
      <trkpt lat="31.836416" lon="34.976727">
        <ele>200.63</ele>
      </trkpt>
      <trkpt lat="31.836485" lon="34.976794">
        <ele>201.49</ele>
      </trkpt>
      <trkpt lat="31.836515" lon="34.976845">
        <ele>201.93</ele>
      </trkpt>
      <trkpt lat="31.836536" lon="34.976944">
        <ele>202.51</ele>
      </trkpt>
      <trkpt lat="31.836496" lon="34.977663">
        <ele>205.69</ele>
      </trkpt>
      <trkpt lat="31.836505" lon="34.977728">
        <ele>206</ele>
      </trkpt>
      <trkpt lat="31.836523" lon="34.977768">
        <ele>206.03</ele>
      </trkpt>
      <trkpt lat="31.83655" lon="34.977797">
        <ele>206.14</ele>
      </trkpt>
      <trkpt lat="31.836587" lon="34.977819">
        <ele>206.32</ele>
      </trkpt>
      <trkpt lat="31.836716" lon="34.977852">
        <ele>206.79</ele>
      </trkpt>
      <trkpt lat="31.836915" lon="34.977875">
        <ele>207.65</ele>
      </trkpt>
      <trkpt lat="31.837086" lon="34.977867">
        <ele>207.87</ele>
      </trkpt>
      <trkpt lat="31.837206" lon="34.977841">
        <ele>208.29</ele>
      </trkpt>
      <trkpt lat="31.837342" lon="34.977796">
        <ele>208.31</ele>
      </trkpt>
      <trkpt lat="31.8373" lon="34.977593">
        <ele>206.4</ele>
      </trkpt>
      <trkpt lat="31.837218" lon="34.977371">
        <ele>205.86</ele>
      </trkpt>
      <trkpt lat="31.837079" lon="34.977341">
        <ele>204.92</ele>
      </trkpt>
      <trkpt lat="31.83692" lon="34.977347">
        <ele>204</ele>
      </trkpt>
      <trkpt lat="31.837079" lon="34.977341">
        <ele>204.92</ele>
      </trkpt>
      <trkpt lat="31.837218" lon="34.977371">
        <ele>205.86</ele>
      </trkpt>
      <trkpt lat="31.8373" lon="34.977593">
        <ele>206.4</ele>
      </trkpt>
      <trkpt lat="31.837342" lon="34.977796">
        <ele>208.31</ele>
      </trkpt>
      <trkpt lat="31.837206" lon="34.977841">
        <ele>208.29</ele>
      </trkpt>
      <trkpt lat="31.837086" lon="34.977867">
        <ele>207.87</ele>
      </trkpt>
      <trkpt lat="31.836915" lon="34.977875">
        <ele>207.65</ele>
      </trkpt>
      <trkpt lat="31.836716" lon="34.977852">
        <ele>206.79</ele>
      </trkpt>
      <trkpt lat="31.836587" lon="34.977819">
        <ele>206.32</ele>
      </trkpt>
      <trkpt lat="31.836555" lon="34.977803">
        <ele>206.17</ele>
      </trkpt>
      <trkpt lat="31.836523" lon="34.977768">
        <ele>206.03</ele>
      </trkpt>
      <trkpt lat="31.836505" lon="34.977728">
        <ele>206</ele>
      </trkpt>
      <trkpt lat="31.836496" lon="34.977663">
        <ele>205.69</ele>
      </trkpt>
      <trkpt lat="31.836536" lon="34.976944">
        <ele>202.51</ele>
      </trkpt>
      <trkpt lat="31.836556" lon="34.976831">
        <ele>201.85</ele>
      </trkpt>
      <trkpt lat="31.83663" lon="34.976494">
        <ele>199.98</ele>
      </trkpt>
      <trkpt lat="31.836684" lon="34.976327">
        <ele>199.92</ele>
      </trkpt>
      <trkpt lat="31.836923" lon="34.976019">
        <ele>198.13</ele>
      </trkpt>
      <trkpt lat="31.838474" lon="34.974545">
        <ele>189.77</ele>
      </trkpt>
      <trkpt lat="31.840676" lon="34.972549">
        <ele>181</ele>
      </trkpt>
      <trkpt lat="31.842321" lon="34.971033">
        <ele>179.14</ele>
      </trkpt>
      <trkpt lat="31.842646" lon="34.970741">
        <ele>178.27</ele>
      </trkpt>
      <trkpt lat="31.843122" lon="34.970315">
        <ele>177</ele>
      </trkpt>
      <trkpt lat="31.845232" lon="34.968458">
        <ele>172</ele>
      </trkpt>
      <trkpt lat="31.845842" lon="34.9679">
        <ele>169</ele>
      </trkpt>
      <trkpt lat="31.84686" lon="34.966969">
        <ele>167</ele>
      </trkpt>
      <trkpt lat="31.847531" lon="34.966374">
        <ele>166</ele>
      </trkpt>
      <trkpt lat="31.847725" lon="34.966215">
        <ele>166</ele>
      </trkpt>
      <trkpt lat="31.848577" lon="34.965618">
        <ele>165</ele>
      </trkpt>
      <trkpt lat="31.849083" lon="34.965282">
        <ele>166</ele>
      </trkpt>
      <trkpt lat="31.849877" lon="34.964765">
        <ele>164.7</ele>
      </trkpt>
      <trkpt lat="31.850871" lon="34.964128">
        <ele>161</ele>
      </trkpt>
      <trkpt lat="31.851256" lon="34.963907">
        <ele>159.71</ele>
      </trkpt>
      <trkpt lat="31.851647" lon="34.963698">
        <ele>158.49</ele>
      </trkpt>
      <trkpt lat="31.852054" lon="34.963459">
        <ele>158.47</ele>
      </trkpt>
      <trkpt lat="31.852414" lon="34.963168">
        <ele>158.41</ele>
      </trkpt>
      <trkpt lat="31.852628" lon="34.96301">
        <ele>158.49</ele>
      </trkpt>
      <trkpt lat="31.852841" lon="34.962868">
        <ele>157.93</ele>
      </trkpt>
      <trkpt lat="31.853016" lon="34.962763">
        <ele>158</ele>
      </trkpt>
      <trkpt lat="31.853912" lon="34.962356">
        <ele>156</ele>
      </trkpt>
      <trkpt lat="31.859529" lon="34.959972">
        <ele>139.35</ele>
      </trkpt>
      <trkpt lat="31.859843" lon="34.959878">
        <ele>138.79</ele>
      </trkpt>
      <trkpt lat="31.859878" lon="34.95986">
        <ele>138.83</ele>
      </trkpt>
      <trkpt lat="31.859985" lon="34.959782">
        <ele>138.22</ele>
      </trkpt>
      <trkpt lat="31.86011" lon="34.959641">
        <ele>138</ele>
      </trkpt>
      <trkpt lat="31.860208" lon="34.959503">
        <ele>137.98</ele>
      </trkpt>
      <trkpt lat="31.860306" lon="34.959311">
        <ele>138.01</ele>
      </trkpt>
      <trkpt lat="31.86039" lon="34.959084">
        <ele>139.33</ele>
      </trkpt>
      <trkpt lat="31.860417" lon="34.958971">
        <ele>139.99</ele>
      </trkpt>
      <trkpt lat="31.860434" lon="34.958862">
        <ele>140.48</ele>
      </trkpt>
      <trkpt lat="31.860442" lon="34.958707">
        <ele>141.35</ele>
      </trkpt>
      <trkpt lat="31.860438" lon="34.958592">
        <ele>141.99</ele>
      </trkpt>
      <trkpt lat="31.860396" lon="34.958357">
        <ele>143.35</ele>
      </trkpt>
      <trkpt lat="31.859845" lon="34.95673">
        <ele>152.76</ele>
      </trkpt>
      <trkpt lat="31.859781" lon="34.956509">
        <ele>154.3</ele>
      </trkpt>
      <trkpt lat="31.859773" lon="34.956425">
        <ele>154.79</ele>
      </trkpt>
      <trkpt lat="31.859789" lon="34.956343">
        <ele>155.27</ele>
      </trkpt>
      <trkpt lat="31.859846" lon="34.956271">
        <ele>155.69</ele>
      </trkpt>
      <trkpt lat="31.859894" lon="34.956257">
        <ele>155.84</ele>
      </trkpt>
      <trkpt lat="31.859966" lon="34.956279">
        <ele>156.21</ele>
      </trkpt>
      <trkpt lat="31.860066" lon="34.956383">
        <ele>156.54</ele>
      </trkpt>
      <trkpt lat="31.860476" lon="34.956943">
        <ele>158.9</ele>
      </trkpt>
      <trkpt lat="31.860573" lon="34.957019">
        <ele>159.78</ele>
      </trkpt>
      <trkpt lat="31.860658" lon="34.957046">
        <ele>160.48</ele>
      </trkpt>
      <trkpt lat="31.86077" lon="34.95703">
        <ele>161.33</ele>
      </trkpt>
      <trkpt lat="31.860917" lon="34.956952">
        <ele>162</ele>
      </trkpt>
      <trkpt lat="31.861393" lon="34.956609">
        <ele>163.72</ele>
      </trkpt>
      <trkpt lat="31.86209" lon="34.956107">
        <ele>167.75</ele>
      </trkpt>
      <trkpt lat="31.862453" lon="34.955864">
        <ele>170</ele>
      </trkpt>
      <trkpt lat="31.863041" lon="34.95554">
        <ele>171.06</ele>
      </trkpt>
      <trkpt lat="31.863435" lon="34.955363">
        <ele>170.03</ele>
      </trkpt>
      <trkpt lat="31.863806" lon="34.95522">
        <ele>168.23</ele>
      </trkpt>
      <trkpt lat="31.863942" lon="34.955146">
        <ele>167.17</ele>
      </trkpt>
      <trkpt lat="31.864109" lon="34.955039">
        <ele>167</ele>
      </trkpt>
      <trkpt lat="31.86427" lon="34.954923">
        <ele>166.48</ele>
      </trkpt>
      <trkpt lat="31.864437" lon="34.954777">
        <ele>165.8</ele>
      </trkpt>
      <trkpt lat="31.864587" lon="34.954605">
        <ele>165.82</ele>
      </trkpt>
      <trkpt lat="31.864887" lon="34.954235">
        <ele>164.86</ele>
      </trkpt>
      <trkpt lat="31.865066" lon="34.953946">
        <ele>164.17</ele>
      </trkpt>
      <trkpt lat="31.865179" lon="34.953702">
        <ele>163.26</ele>
      </trkpt>
      <trkpt lat="31.865305" lon="34.953489">
        <ele>163.27</ele>
      </trkpt>
      <trkpt lat="31.865342" lon="34.953446">
        <ele>163.3</ele>
      </trkpt>
      <trkpt lat="31.865406" lon="34.953395">
        <ele>163.73</ele>
      </trkpt>
      <trkpt lat="31.865436" lon="34.953374">
        <ele>164.02</ele>
      </trkpt>
      <trkpt lat="31.86546" lon="34.953345">
        <ele>164.23</ele>
      </trkpt>
      <trkpt lat="31.865476" lon="34.953309">
        <ele>164.31</ele>
      </trkpt>
      <trkpt lat="31.865509" lon="34.953181">
        <ele>163.2</ele>
      </trkpt>
      <trkpt lat="31.865545" lon="34.953073">
        <ele>162.48</ele>
      </trkpt>
      <trkpt lat="31.865942" lon="34.952257">
        <ele>159.45</ele>
      </trkpt>
      <trkpt lat="31.866038" lon="34.952073">
        <ele>159.04</ele>
      </trkpt>
      <trkpt lat="31.866202" lon="34.951815">
        <ele>157.96</ele>
      </trkpt>
      <trkpt lat="31.866425" lon="34.951552">
        <ele>156.56</ele>
      </trkpt>
      <trkpt lat="31.866624" lon="34.951343">
        <ele>154.76</ele>
      </trkpt>
      <trkpt lat="31.868882" lon="34.949169">
        <ele>143.41</ele>
      </trkpt>
      <trkpt lat="31.869046" lon="34.948926">
        <ele>142.71</ele>
      </trkpt>
      <trkpt lat="31.869259" lon="34.948544">
        <ele>141.81</ele>
      </trkpt>
      <trkpt lat="31.86986" lon="34.947325">
        <ele>142</ele>
      </trkpt>
      <trkpt lat="31.870128" lon="34.946755">
        <ele>141.98</ele>
      </trkpt>
      <trkpt lat="31.870383" lon="34.946214">
        <ele>139.98</ele>
      </trkpt>
      <trkpt lat="31.870573" lon="34.945891">
        <ele>139</ele>
      </trkpt>
      <trkpt lat="31.870752" lon="34.945662">
        <ele>138.63</ele>
      </trkpt>
      <trkpt lat="31.871174" lon="34.945193">
        <ele>136</ele>
      </trkpt>
      <trkpt lat="31.87197" lon="34.944366">
        <ele>133.03</ele>
      </trkpt>
      <trkpt lat="31.872848" lon="34.94356">
        <ele>130.41</ele>
      </trkpt>
      <trkpt lat="31.874151" lon="34.942429">
        <ele>128.84</ele>
      </trkpt>
      <trkpt lat="31.875608" lon="34.941157">
        <ele>124</ele>
      </trkpt>
      <trkpt lat="31.876085" lon="34.940691">
        <ele>123.98</ele>
      </trkpt>
      <trkpt lat="31.876694" lon="34.940122">
        <ele>125</ele>
      </trkpt>
      <trkpt lat="31.876786" lon="34.940048">
        <ele>125</ele>
      </trkpt>
      <trkpt lat="31.87804" lon="34.938909">
        <ele>123</ele>
      </trkpt>
      <trkpt lat="31.87879" lon="34.938293">
        <ele>122.34</ele>
      </trkpt>
      <trkpt lat="31.879222" lon="34.937966">
        <ele>121.89</ele>
      </trkpt>
      <trkpt lat="31.879549" lon="34.937688">
        <ele>121</ele>
      </trkpt>
      <trkpt lat="31.880651" lon="34.93664">
        <ele>121.03</ele>
      </trkpt>
      <trkpt lat="31.883153" lon="34.934168">
        <ele>117.12</ele>
      </trkpt>
      <trkpt lat="31.883625" lon="34.933756">
        <ele>116.41</ele>
      </trkpt>
      <trkpt lat="31.884176" lon="34.93331">
        <ele>114.81</ele>
      </trkpt>
      <trkpt lat="31.885" lon="34.932694">
        <ele>113.2</ele>
      </trkpt>
      <trkpt lat="31.8856" lon="34.932272">
        <ele>114.78</ele>
      </trkpt>
      <trkpt lat="31.885908" lon="34.932009">
        <ele>113.21</ele>
      </trkpt>
      <trkpt lat="31.886117" lon="34.931771">
        <ele>111.87</ele>
      </trkpt>
      <trkpt lat="31.886325" lon="34.931483">
        <ele>111</ele>
      </trkpt>
      <trkpt lat="31.886844" lon="34.9306">
        <ele>110.06</ele>
      </trkpt>
      <trkpt lat="31.887491" lon="34.929293">
        <ele>109.47</ele>
      </trkpt>
      <trkpt lat="31.888009" lon="34.928244">
        <ele>106.36</ele>
      </trkpt>
      <trkpt lat="31.888363" lon="34.927612">
        <ele>106</ele>
      </trkpt>
      <trkpt lat="31.88844" lon="34.927533">
        <ele>106</ele>
      </trkpt>
      <trkpt lat="31.888483" lon="34.927512">
        <ele>106</ele>
      </trkpt>
      <trkpt lat="31.888527" lon="34.927449">
        <ele>106.03</ele>
      </trkpt>
      <trkpt lat="31.888536" lon="34.927393">
        <ele>106.1</ele>
      </trkpt>
      <trkpt lat="31.888527" lon="34.927338">
        <ele>106.1</ele>
      </trkpt>
      <trkpt lat="31.888567" lon="34.927195">
        <ele>106.1</ele>
      </trkpt>
      <trkpt lat="31.888865" lon="34.926545">
        <ele>104.91</ele>
      </trkpt>
      <trkpt lat="31.889316" lon="34.925774">
        <ele>104.51</ele>
      </trkpt>
      <trkpt lat="31.889847" lon="34.925011">
        <ele>101</ele>
      </trkpt>
      <trkpt lat="31.890041" lon="34.924716">
        <ele>101</ele>
      </trkpt>
      <trkpt lat="31.890231" lon="34.924376">
        <ele>100.22</ele>
      </trkpt>
      <trkpt lat="31.890397" lon="34.924044">
        <ele>100</ele>
      </trkpt>
      <trkpt lat="31.890829" lon="34.923044">
        <ele>98.89</ele>
      </trkpt>
      <trkpt lat="31.892228" lon="34.919741">
        <ele>96</ele>
      </trkpt>
      <trkpt lat="31.89243" lon="34.91946">
        <ele>96</ele>
      </trkpt>
      <trkpt lat="31.892472" lon="34.919432">
        <ele>96</ele>
      </trkpt>
      <trkpt lat="31.892501" lon="34.919387">
        <ele>96</ele>
      </trkpt>
      <trkpt lat="31.892514" lon="34.919332">
        <ele>96</ele>
      </trkpt>
      <trkpt lat="31.89256" lon="34.918971">
        <ele>96</ele>
      </trkpt>
      <trkpt lat="31.89289" lon="34.918122">
        <ele>96.49</ele>
      </trkpt>
      <trkpt lat="31.893329" lon="34.917296">
        <ele>96.7</ele>
      </trkpt>
      <trkpt lat="31.893622" lon="34.916859">
        <ele>96</ele>
      </trkpt>
      <trkpt lat="31.89386" lon="34.916581">
        <ele>95.18</ele>
      </trkpt>
      <trkpt lat="31.894108" lon="34.916333">
        <ele>94.44</ele>
      </trkpt>
      <trkpt lat="31.894426" lon="34.9161">
        <ele>93.76</ele>
      </trkpt>
      <trkpt lat="31.894961" lon="34.915796">
        <ele>92.99</ele>
      </trkpt>
      <trkpt lat="31.895444" lon="34.915611">
        <ele>92.87</ele>
      </trkpt>
      <trkpt lat="31.896849" lon="34.915138">
        <ele>90.17</ele>
      </trkpt>
      <trkpt lat="31.897186" lon="34.914953">
        <ele>90.04</ele>
      </trkpt>
      <trkpt lat="31.897591" lon="34.914716">
        <ele>89.76</ele>
      </trkpt>
      <trkpt lat="31.897836" lon="34.914543">
        <ele>89.96</ele>
      </trkpt>
      <trkpt lat="31.898252" lon="34.914173">
        <ele>89.95</ele>
      </trkpt>
      <trkpt lat="31.898459" lon="34.913955">
        <ele>89.41</ele>
      </trkpt>
      <trkpt lat="31.898635" lon="34.913744">
        <ele>88.45</ele>
      </trkpt>
      <trkpt lat="31.898838" lon="34.913481">
        <ele>88.25</ele>
      </trkpt>
      <trkpt lat="31.900317" lon="34.911429">
        <ele>85.51</ele>
      </trkpt>
      <trkpt lat="31.901259" lon="34.910083">
        <ele>85</ele>
      </trkpt>
      <trkpt lat="31.90144" lon="34.909856">
        <ele>85</ele>
      </trkpt>
      <trkpt lat="31.901593" lon="34.909628">
        <ele>85.59</ele>
      </trkpt>
      <trkpt lat="31.901763" lon="34.909324">
        <ele>85.27</ele>
      </trkpt>
      <trkpt lat="31.901907" lon="34.908977">
        <ele>85.56</ele>
      </trkpt>
      <trkpt lat="31.902026" lon="34.908614">
        <ele>85.55</ele>
      </trkpt>
      <trkpt lat="31.90215" lon="34.908113">
        <ele>85.4</ele>
      </trkpt>
      <trkpt lat="31.902353" lon="34.907393">
        <ele>85.61</ele>
      </trkpt>
      <trkpt lat="31.902512" lon="34.906922">
        <ele>85.15</ele>
      </trkpt>
      <trkpt lat="31.902726" lon="34.90646">
        <ele>84.86</ele>
      </trkpt>
      <trkpt lat="31.903167" lon="34.905577">
        <ele>83.31</ele>
      </trkpt>
      <trkpt lat="31.903773" lon="34.90444">
        <ele>81.51</ele>
      </trkpt>
      <trkpt lat="31.904071" lon="34.903958">
        <ele>81.63</ele>
      </trkpt>
      <trkpt lat="31.906686" lon="34.900415">
        <ele>77.76</ele>
      </trkpt>
      <trkpt lat="31.906854" lon="34.900184">
        <ele>77.22</ele>
      </trkpt>
      <trkpt lat="31.907273" lon="34.899575">
        <ele>76</ele>
      </trkpt>
      <trkpt lat="31.907575" lon="34.899029">
        <ele>75.78</ele>
      </trkpt>
      <trkpt lat="31.907804" lon="34.898473">
        <ele>74.91</ele>
      </trkpt>
      <trkpt lat="31.907987" lon="34.897873">
        <ele>73</ele>
      </trkpt>
      <trkpt lat="31.908121" lon="34.897277">
        <ele>72.71</ele>
      </trkpt>
      <trkpt lat="31.908191" lon="34.896587">
        <ele>72</ele>
      </trkpt>
      <trkpt lat="31.908201" lon="34.896155">
        <ele>71.84</ele>
      </trkpt>
      <trkpt lat="31.908176" lon="34.895689">
        <ele>72</ele>
      </trkpt>
      <trkpt lat="31.908077" lon="34.894999">
        <ele>71.99</ele>
      </trkpt>
      <trkpt lat="31.907958" lon="34.894443">
        <ele>72</ele>
      </trkpt>
      <trkpt lat="31.907759" lon="34.893827">
        <ele>71.95</ele>
      </trkpt>
      <trkpt lat="31.907551" lon="34.893375">
        <ele>71.61</ele>
      </trkpt>
      <trkpt lat="31.907319" lon="34.892949">
        <ele>70.8</ele>
      </trkpt>
      <trkpt lat="31.907196" lon="34.892741">
        <ele>69.96</ele>
      </trkpt>
      <trkpt lat="31.906346" lon="34.891483">
        <ele>69.51</ele>
      </trkpt>
      <trkpt lat="31.906013" lon="34.891002">
        <ele>74.87</ele>
      </trkpt>
      <trkpt lat="31.905192" lon="34.889861">
        <ele>71.19</ele>
      </trkpt>
      <trkpt lat="31.904464" lon="34.888914">
        <ele>72.31</ele>
      </trkpt>
      <trkpt lat="31.904302" lon="34.888739">
        <ele>73</ele>
      </trkpt>
      <trkpt lat="31.903681" lon="34.888137">
        <ele>72.29</ele>
      </trkpt>
      <trkpt lat="31.903093" lon="34.887595">
        <ele>72.83</ele>
      </trkpt>
      <trkpt lat="31.902789" lon="34.887384">
        <ele>73</ele>
      </trkpt>
      <trkpt lat="31.90255" lon="34.88727">
        <ele>73.74</ele>
      </trkpt>
      <trkpt lat="31.902492" lon="34.887256">
        <ele>73.95</ele>
      </trkpt>
      <trkpt lat="31.902367" lon="34.887252">
        <ele>73.86</ele>
      </trkpt>
      <trkpt lat="31.902242" lon="34.887264">
        <ele>73.03</ele>
      </trkpt>
      <trkpt lat="31.902133" lon="34.887285">
        <ele>73</ele>
      </trkpt>
      <trkpt lat="31.901919" lon="34.887372">
        <ele>74</ele>
      </trkpt>
      <trkpt lat="31.901863" lon="34.887429">
        <ele>73.97</ele>
      </trkpt>
      <trkpt lat="31.901808" lon="34.887501">
        <ele>73.97</ele>
      </trkpt>
      <trkpt lat="31.901659" lon="34.887774">
        <ele>74</ele>
      </trkpt>
      <trkpt lat="31.901644" lon="34.887935">
        <ele>74</ele>
      </trkpt>
      <trkpt lat="31.902034" lon="34.888196">
        <ele>73.34</ele>
      </trkpt>
      <trkpt lat="31.902234" lon="34.88833">
        <ele>73</ele>
      </trkpt>
      <trkpt lat="31.902692" lon="34.88869">
        <ele>72.65</ele>
      </trkpt>
      <trkpt lat="31.904067" lon="34.889772">
        <ele>77.52</ele>
      </trkpt>
      <trkpt lat="31.904755" lon="34.890313">
        <ele>77.96</ele>
      </trkpt>
      <trkpt lat="31.905403" lon="34.89071">
        <ele>78.35</ele>
      </trkpt>
      <trkpt lat="31.905778" lon="34.890897">
        <ele>78.16</ele>
      </trkpt>
      <trkpt lat="31.906039" lon="34.891012">
        <ele>78.03</ele>
      </trkpt>
      <trkpt lat="31.906505" lon="34.891175">
        <ele>77.81</ele>
      </trkpt>
      <trkpt lat="31.906774" lon="34.891262">
        <ele>77.68</ele>
      </trkpt>
      <trkpt lat="31.907195" lon="34.891365">
        <ele>77.48</ele>
      </trkpt>
      <trkpt lat="31.907471" lon="34.891416">
        <ele>77.35</ele>
      </trkpt>
      <trkpt lat="31.909089" lon="34.891644">
        <ele>73.52</ele>
      </trkpt>
      <trkpt lat="31.910196" lon="34.891772">
        <ele>70.5</ele>
      </trkpt>
      <trkpt lat="31.910476" lon="34.891793">
        <ele>70.42</ele>
      </trkpt>
      <trkpt lat="31.910652" lon="34.891791">
        <ele>71</ele>
      </trkpt>
      <trkpt lat="31.910991" lon="34.891769">
        <ele>70.31</ele>
      </trkpt>
      <trkpt lat="31.911226" lon="34.891736">
        <ele>70</ele>
      </trkpt>
      <trkpt lat="31.911434" lon="34.891689">
        <ele>69.83</ele>
      </trkpt>
      <trkpt lat="31.911536" lon="34.891653">
        <ele>69.62</ele>
      </trkpt>
      <trkpt lat="31.911755" lon="34.891557">
        <ele>69</ele>
      </trkpt>
      <trkpt lat="31.912112" lon="34.891378">
        <ele>68.64</ele>
      </trkpt>
      <trkpt lat="31.912373" lon="34.891222">
        <ele>68.48</ele>
      </trkpt>
      <trkpt lat="31.912725" lon="34.89096">
        <ele>67.93</ele>
      </trkpt>
      <trkpt lat="31.912944" lon="34.890786">
        <ele>67.72</ele>
      </trkpt>
      <trkpt lat="31.91389" lon="34.889888">
        <ele>67.49</ele>
      </trkpt>
      <trkpt lat="31.915381" lon="34.888505">
        <ele>67.3</ele>
      </trkpt>
      <trkpt lat="31.915601" lon="34.888281">
        <ele>65.47</ele>
      </trkpt>
      <trkpt lat="31.916411" lon="34.887457">
        <ele>67.78</ele>
      </trkpt>
      <trkpt lat="31.917651" lon="34.886373">
        <ele>67</ele>
      </trkpt>
      <trkpt lat="31.918438" lon="34.885926">
        <ele>66</ele>
      </trkpt>
      <trkpt lat="31.919042" lon="34.885703">
        <ele>66.97</ele>
      </trkpt>
      <trkpt lat="31.919716" lon="34.885547">
        <ele>67.8</ele>
      </trkpt>
      <trkpt lat="31.920779" lon="34.885389">
        <ele>66.8</ele>
      </trkpt>
      <trkpt lat="31.92109" lon="34.885326">
        <ele>67</ele>
      </trkpt>
      <trkpt lat="31.921339" lon="34.885268">
        <ele>67</ele>
      </trkpt>
      <trkpt lat="31.921895" lon="34.885115">
        <ele>67</ele>
      </trkpt>
      <trkpt lat="31.922263" lon="34.885106">
        <ele>66.44</ele>
      </trkpt>
      <trkpt lat="31.922348" lon="34.885111">
        <ele>66.42</ele>
      </trkpt>
      <trkpt lat="31.922412" lon="34.885127">
        <ele>66.44</ele>
      </trkpt>
      <trkpt lat="31.922476" lon="34.885165">
        <ele>66.66</ele>
      </trkpt>
      <trkpt lat="31.922535" lon="34.885218">
        <ele>66.8</ele>
      </trkpt>
      <trkpt lat="31.922636" lon="34.885353">
        <ele>66.72</ele>
      </trkpt>
      <trkpt lat="31.922767" lon="34.885561">
        <ele>66</ele>
      </trkpt>
      <trkpt lat="31.922831" lon="34.885637">
        <ele>65.98</ele>
      </trkpt>
      <trkpt lat="31.922927" lon="34.885707">
        <ele>65.99</ele>
      </trkpt>
      <trkpt lat="31.923095" lon="34.885792">
        <ele>66</ele>
      </trkpt>
      <trkpt lat="31.923177" lon="34.885819">
        <ele>66.29</ele>
      </trkpt>
      <trkpt lat="31.923259" lon="34.88584">
        <ele>66.81</ele>
      </trkpt>
      <trkpt lat="31.92336" lon="34.885846">
        <ele>66.95</ele>
      </trkpt>
      <trkpt lat="31.923579" lon="34.885814">
        <ele>68.06</ele>
      </trkpt>
      <trkpt lat="31.92408" lon="34.885685">
        <ele>68.88</ele>
      </trkpt>
      <trkpt lat="31.924362" lon="34.885632">
        <ele>67.29</ele>
      </trkpt>
      <trkpt lat="31.924585" lon="34.885621">
        <ele>67.03</ele>
      </trkpt>
      <trkpt lat="31.924757" lon="34.885631">
        <ele>67.63</ele>
      </trkpt>
      <trkpt lat="31.924845" lon="34.885648">
        <ele>68.13</ele>
      </trkpt>
      <trkpt lat="31.925021" lon="34.885706">
        <ele>67.91</ele>
      </trkpt>
      <trkpt lat="31.925199" lon="34.885803">
        <ele>67.39</ele>
      </trkpt>
      <trkpt lat="31.925408" lon="34.885937">
        <ele>66.5</ele>
      </trkpt>
      <trkpt lat="31.926375" lon="34.886621">
        <ele>68.75</ele>
      </trkpt>
      <trkpt lat="31.926813" lon="34.887029">
        <ele>67.42</ele>
      </trkpt>
      <trkpt lat="31.927955" lon="34.888094">
        <ele>70</ele>
      </trkpt>
      <trkpt lat="31.928477" lon="34.88855">
        <ele>69</ele>
      </trkpt>
      <trkpt lat="31.92901" lon="34.888989">
        <ele>67.86</ele>
      </trkpt>
      <trkpt lat="31.92947" lon="34.889344">
        <ele>67.42</ele>
      </trkpt>
      <trkpt lat="31.93039" lon="34.889999">
        <ele>66</ele>
      </trkpt>
      <trkpt lat="31.931287" lon="34.890594">
        <ele>64.54</ele>
      </trkpt>
      <trkpt lat="31.931824" lon="34.890932">
        <ele>65.85</ele>
      </trkpt>
      <trkpt lat="31.932658" lon="34.891423">
        <ele>66.64</ele>
      </trkpt>
      <trkpt lat="31.933821" lon="34.892056">
        <ele>66.23</ele>
      </trkpt>
      <trkpt lat="31.936003" lon="34.893218">
        <ele>62.28</ele>
      </trkpt>
      <trkpt lat="31.93807" lon="34.89431">
        <ele>59.93</ele>
      </trkpt>
      <trkpt lat="31.941082" lon="34.895907">
        <ele>59.67</ele>
      </trkpt>
      <trkpt lat="31.942452" lon="34.896638">
        <ele>61.33</ele>
      </trkpt>
      <trkpt lat="31.942749" lon="34.896807">
        <ele>62</ele>
      </trkpt>
      <trkpt lat="31.94326" lon="34.89715">
        <ele>62.42</ele>
      </trkpt>
      <trkpt lat="31.943705" lon="34.897515">
        <ele>62.02</ele>
      </trkpt>
      <trkpt lat="31.944038" lon="34.897836">
        <ele>62.33</ele>
      </trkpt>
      <trkpt lat="31.944184" lon="34.897993">
        <ele>62.68</ele>
      </trkpt>
      <trkpt lat="31.944438" lon="34.898319">
        <ele>63</ele>
      </trkpt>
      <trkpt lat="31.944786" lon="34.898905">
        <ele>64</ele>
      </trkpt>
      <trkpt lat="31.945035" lon="34.89937">
        <ele>64.08</ele>
      </trkpt>
      <trkpt lat="31.9452" lon="34.899723">
        <ele>64.17</ele>
      </trkpt>
      <trkpt lat="31.945281" lon="34.899928">
        <ele>63.66</ele>
      </trkpt>
      <trkpt lat="31.945371" lon="34.900185">
        <ele>64.47</ele>
      </trkpt>
      <trkpt lat="31.946341" lon="34.903135">
        <ele>64</ele>
      </trkpt>
      <trkpt lat="31.946515" lon="34.903598">
        <ele>63.95</ele>
      </trkpt>
      <trkpt lat="31.946592" lon="34.903775">
        <ele>63.8</ele>
      </trkpt>
      <trkpt lat="31.946687" lon="34.903961">
        <ele>63.73</ele>
      </trkpt>
      <trkpt lat="31.94691" lon="34.90438">
        <ele>58.39</ele>
      </trkpt>
      <trkpt lat="31.947029" lon="34.904606">
        <ele>59.54</ele>
      </trkpt>
      <trkpt lat="31.947135" lon="34.904784">
        <ele>60.98</ele>
      </trkpt>
      <trkpt lat="31.947343" lon="34.905105">
        <ele>62</ele>
      </trkpt>
      <trkpt lat="31.947652" lon="34.905522">
        <ele>60.17</ele>
      </trkpt>
      <trkpt lat="31.947793" lon="34.905694">
        <ele>59.96</ele>
      </trkpt>
      <trkpt lat="31.948049" lon="34.905985">
        <ele>59.19</ele>
      </trkpt>
      <trkpt lat="31.948302" lon="34.906247">
        <ele>58.71</ele>
      </trkpt>
      <trkpt lat="31.948603" lon="34.906515">
        <ele>57.39</ele>
      </trkpt>
      <trkpt lat="31.948944" lon="34.906788">
        <ele>56.02</ele>
      </trkpt>
      <trkpt lat="31.949291" lon="34.907042">
        <ele>53.85</ele>
      </trkpt>
      <trkpt lat="31.949493" lon="34.907168">
        <ele>53.17</ele>
      </trkpt>
      <trkpt lat="31.949832" lon="34.907352">
        <ele>53.14</ele>
      </trkpt>
      <trkpt lat="31.950361" lon="34.907594">
        <ele>53.35</ele>
      </trkpt>
      <trkpt lat="31.950747" lon="34.907738">
        <ele>53.16</ele>
      </trkpt>
      <trkpt lat="31.951184" lon="34.907872">
        <ele>53.35</ele>
      </trkpt>
      <trkpt lat="31.95155" lon="34.907958">
        <ele>54</ele>
      </trkpt>
      <trkpt lat="31.951971" lon="34.908022">
        <ele>54</ele>
      </trkpt>
      <trkpt lat="31.952404" lon="34.908054">
        <ele>52.01</ele>
      </trkpt>
      <trkpt lat="31.952768" lon="34.90806">
        <ele>50.99</ele>
      </trkpt>
      <trkpt lat="31.953209" lon="34.908033">
        <ele>51</ele>
      </trkpt>
      <trkpt lat="31.95361" lon="34.907985">
        <ele>49.46</ele>
      </trkpt>
      <trkpt lat="31.953801" lon="34.907947">
        <ele>49.87</ele>
      </trkpt>
      <trkpt lat="31.954244" lon="34.907841">
        <ele>51.26</ele>
      </trkpt>
      <trkpt lat="31.954648" lon="34.907722">
        <ele>51.93</ele>
      </trkpt>
      <trkpt lat="31.955075" lon="34.907577">
        <ele>51.8</ele>
      </trkpt>
      <trkpt lat="31.956102" lon="34.907149">
        <ele>53</ele>
      </trkpt>
      <trkpt lat="31.956281" lon="34.907116">
        <ele>53</ele>
      </trkpt>
      <trkpt lat="31.956382" lon="34.90711">
        <ele>53</ele>
      </trkpt>
      <trkpt lat="31.956464" lon="34.907132">
        <ele>52.71</ele>
      </trkpt>
      <trkpt lat="31.956514" lon="34.907164">
        <ele>52.34</ele>
      </trkpt>
      <trkpt lat="31.956559" lon="34.907223">
        <ele>52</ele>
      </trkpt>
      <trkpt lat="31.956596" lon="34.907298">
        <ele>52</ele>
      </trkpt>
      <trkpt lat="31.95672" lon="34.907642">
        <ele>52</ele>
      </trkpt>
      <trkpt lat="31.95673" lon="34.907691">
        <ele>52.02</ele>
      </trkpt>
      <trkpt lat="31.957044" lon="34.909162">
        <ele>52.45</ele>
      </trkpt>
      <trkpt lat="31.957072" lon="34.909364">
        <ele>53.24</ele>
      </trkpt>
      <trkpt lat="31.957093" lon="34.909755">
        <ele>53.79</ele>
      </trkpt>
      <trkpt lat="31.95709" lon="34.909938">
        <ele>53.77</ele>
      </trkpt>
      <trkpt lat="31.957065" lon="34.910319">
        <ele>53.66</ele>
      </trkpt>
      <trkpt lat="31.95704" lon="34.910539">
        <ele>54</ele>
      </trkpt>
      <trkpt lat="31.956999" lon="34.910842">
        <ele>53.97</ele>
      </trkpt>
      <trkpt lat="31.956799" lon="34.912059">
        <ele>53</ele>
      </trkpt>
      <trkpt lat="31.956777" lon="34.91226">
        <ele>52.73</ele>
      </trkpt>
      <trkpt lat="31.956762" lon="34.912441">
        <ele>52.25</ele>
      </trkpt>
      <trkpt lat="31.956738" lon="34.912951">
        <ele>51.84</ele>
      </trkpt>
      <trkpt lat="31.956746" lon="34.913165">
        <ele>51.59</ele>
      </trkpt>
      <trkpt lat="31.956762" lon="34.913387">
        <ele>51.01</ele>
      </trkpt>
      <trkpt lat="31.956851" lon="34.913955">
        <ele>51</ele>
      </trkpt>
      <trkpt lat="31.956893" lon="34.914162">
        <ele>51</ele>
      </trkpt>
      <trkpt lat="31.95727" lon="34.915423">
        <ele>51</ele>
      </trkpt>
      <trkpt lat="31.957358" lon="34.915717">
        <ele>52.6</ele>
      </trkpt>
      <trkpt lat="31.957655" lon="34.916639">
        <ele>53.64</ele>
      </trkpt>
      <trkpt lat="31.957827" lon="34.917193">
        <ele>52.98</ele>
      </trkpt>
      <trkpt lat="31.958107" lon="34.918137">
        <ele>53.74</ele>
      </trkpt>
      <trkpt lat="31.958497" lon="34.919699">
        <ele>56</ele>
      </trkpt>
      <trkpt lat="31.958526" lon="34.919878">
        <ele>56</ele>
      </trkpt>
      <trkpt lat="31.958546" lon="34.920077">
        <ele>56</ele>
      </trkpt>
      <trkpt lat="31.958553" lon="34.920718">
        <ele>57</ele>
      </trkpt>
      <trkpt lat="31.958511" lon="34.921384">
        <ele>58</ele>
      </trkpt>
      <trkpt lat="31.958472" lon="34.921844">
        <ele>59</ele>
      </trkpt>
      <trkpt lat="31.958384" lon="34.922404">
        <ele>60</ele>
      </trkpt>
      <trkpt lat="31.958327" lon="34.922695">
        <ele>60.78</ele>
      </trkpt>
      <trkpt lat="31.958273" lon="34.922924">
        <ele>61.3</ele>
      </trkpt>
      <trkpt lat="31.958155" lon="34.923338">
        <ele>61</ele>
      </trkpt>
      <trkpt lat="31.958009" lon="34.923755">
        <ele>61.29</ele>
      </trkpt>
      <trkpt lat="31.957926" lon="34.923963">
        <ele>61.49</ele>
      </trkpt>
      <trkpt lat="31.957138" lon="34.925761">
        <ele>64.9</ele>
      </trkpt>
      <trkpt lat="31.956911" lon="34.926378">
        <ele>65.46</ele>
      </trkpt>
      <trkpt lat="31.956737" lon="34.926928">
        <ele>66.65</ele>
      </trkpt>
      <trkpt lat="31.956635" lon="34.927418">
        <ele>67.35</ele>
      </trkpt>
      <trkpt lat="31.956568" lon="34.927893">
        <ele>69.08</ele>
      </trkpt>
      <trkpt lat="31.956456" lon="34.929802">
        <ele>76.24</ele>
      </trkpt>
      <trkpt lat="31.956392" lon="34.93142">
        <ele>82.98</ele>
      </trkpt>
      <trkpt lat="31.956367" lon="34.93189">
        <ele>84</ele>
      </trkpt>
      <trkpt lat="31.956322" lon="34.932477">
        <ele>87.46</ele>
      </trkpt>
      <trkpt lat="31.956257" lon="34.933141">
        <ele>88.97</ele>
      </trkpt>
      <trkpt lat="31.956151" lon="34.934109">
        <ele>91.16</ele>
      </trkpt>
      <trkpt lat="31.95611" lon="34.93448">
        <ele>90.07</ele>
      </trkpt>
      <trkpt lat="31.955915" lon="34.936301">
        <ele>94.56</ele>
      </trkpt>
      <trkpt lat="31.955906" lon="34.93644">
        <ele>94.72</ele>
      </trkpt>
      <trkpt lat="31.955879" lon="34.936668">
        <ele>97.22</ele>
      </trkpt>
      <trkpt lat="31.955848" lon="34.93692">
        <ele>97.74</ele>
      </trkpt>
      <trkpt lat="31.95582" lon="34.93705">
        <ele>97.94</ele>
      </trkpt>
      <trkpt lat="31.955718" lon="34.937436">
        <ele>98.64</ele>
      </trkpt>
      <trkpt lat="31.955679" lon="34.937552">
        <ele>98.47</ele>
      </trkpt>
      <trkpt lat="31.955524" lon="34.937879">
        <ele>98.01</ele>
      </trkpt>
      <trkpt lat="31.955374" lon="34.938147">
        <ele>98.01</ele>
      </trkpt>
      <trkpt lat="31.955278" lon="34.938276">
        <ele>98.24</ele>
      </trkpt>
      <trkpt lat="31.95516" lon="34.93841">
        <ele>98.71</ele>
      </trkpt>
      <trkpt lat="31.954194" lon="34.939288">
        <ele>98.5</ele>
      </trkpt>
      <trkpt lat="31.954212" lon="34.939456">
        <ele>97.95</ele>
      </trkpt>
      <trkpt lat="31.954393" lon="34.939701">
        <ele>96.71</ele>
      </trkpt>
      <trkpt lat="31.954448" lon="34.939754">
        <ele>96.58</ele>
      </trkpt>
      <trkpt lat="31.954718" lon="34.940017">
        <ele>95.91</ele>
      </trkpt>
      <trkpt lat="31.955059" lon="34.940318">
        <ele>97.17</ele>
      </trkpt>
      <trkpt lat="31.955962" lon="34.940982">
        <ele>95.8</ele>
      </trkpt>
      <trkpt lat="31.956864" lon="34.941647">
        <ele>90.63</ele>
      </trkpt>
      <trkpt lat="31.957041" lon="34.941754">
        <ele>89.91</ele>
      </trkpt>
      <trkpt lat="31.957195" lon="34.941835">
        <ele>90.08</ele>
      </trkpt>
      <trkpt lat="31.957353" lon="34.941907">
        <ele>89.69</ele>
      </trkpt>
      <trkpt lat="31.957604" lon="34.941995">
        <ele>89.42</ele>
      </trkpt>
      <trkpt lat="31.957856" lon="34.942083">
        <ele>91.49</ele>
      </trkpt>
      <trkpt lat="31.958109" lon="34.94212">
        <ele>92.41</ele>
      </trkpt>
      <trkpt lat="31.958363" lon="34.942157">
        <ele>90.17</ele>
      </trkpt>
      <trkpt lat="31.958638" lon="34.942155">
        <ele>88.11</ele>
      </trkpt>
      <trkpt lat="31.959465" lon="34.942147">
        <ele>86.03</ele>
      </trkpt>
      <trkpt lat="31.959741" lon="34.942145">
        <ele>86.91</ele>
      </trkpt>
      <trkpt lat="31.961213" lon="34.942133">
        <ele>82.02</ele>
      </trkpt>
      <trkpt lat="31.961782" lon="34.942108">
        <ele>84.97</ele>
      </trkpt>
      <trkpt lat="31.963203" lon="34.942046">
        <ele>80</ele>
      </trkpt>
      <trkpt lat="31.963401" lon="34.942052">
        <ele>80</ele>
      </trkpt>
      <trkpt lat="31.963493" lon="34.942056">
        <ele>80</ele>
      </trkpt>
      <trkpt lat="31.963748" lon="34.942096">
        <ele>79.06</ele>
      </trkpt>
      <trkpt lat="31.96395" lon="34.94215">
        <ele>78.79</ele>
      </trkpt>
      <trkpt lat="31.964132" lon="34.94222">
        <ele>78.38</ele>
      </trkpt>
      <trkpt lat="31.964396" lon="34.942356">
        <ele>78.42</ele>
      </trkpt>
      <trkpt lat="31.964676" lon="34.942513">
        <ele>78.68</ele>
      </trkpt>
      <trkpt lat="31.964858" lon="34.942628">
        <ele>78</ele>
      </trkpt>
      <trkpt lat="31.965415" lon="34.943019">
        <ele>79.67</ele>
      </trkpt>
      <trkpt lat="31.965706" lon="34.943216">
        <ele>79.6</ele>
      </trkpt>
      <trkpt lat="31.966126" lon="34.943465">
        <ele>79.17</ele>
      </trkpt>
      <trkpt lat="31.966539" lon="34.943676">
        <ele>79.04</ele>
      </trkpt>
      <trkpt lat="31.966928" lon="34.943848">
        <ele>78.08</ele>
      </trkpt>
      <trkpt lat="31.96868" lon="34.944549">
        <ele>73.68</ele>
      </trkpt>
      <trkpt lat="31.969152" lon="34.944748">
        <ele>74</ele>
      </trkpt>
      <trkpt lat="31.969528" lon="34.944923">
        <ele>74.34</ele>
      </trkpt>
      <trkpt lat="31.970247" lon="34.94527">
        <ele>77.71</ele>
      </trkpt>
      <trkpt lat="31.971473" lon="34.945871">
        <ele>78.9</ele>
      </trkpt>
      <trkpt lat="31.972315" lon="34.946332">
        <ele>78.42</ele>
      </trkpt>
      <trkpt lat="31.974196" lon="34.947396">
        <ele>71.28</ele>
      </trkpt>
      <trkpt lat="31.975607" lon="34.948195">
        <ele>68.21</ele>
      </trkpt>
      <trkpt lat="31.975954" lon="34.948404">
        <ele>68.95</ele>
      </trkpt>
      <trkpt lat="31.976127" lon="34.948513">
        <ele>67.72</ele>
      </trkpt>
      <trkpt lat="31.977599" lon="34.949384">
        <ele>69.27</ele>
      </trkpt>
      <trkpt lat="31.978359" lon="34.949823">
        <ele>69</ele>
      </trkpt>
      <trkpt lat="31.979372" lon="34.950409">
        <ele>71</ele>
      </trkpt>
      <trkpt lat="31.980735" lon="34.951201">
        <ele>69</ele>
      </trkpt>
      <trkpt lat="31.981038" lon="34.951343">
        <ele>69</ele>
      </trkpt>
      <trkpt lat="31.981259" lon="34.951428">
        <ele>69.94</ele>
      </trkpt>
      <trkpt lat="31.98168" lon="34.951555">
        <ele>69</ele>
      </trkpt>
      <trkpt lat="31.981936" lon="34.951609">
        <ele>68.19</ele>
      </trkpt>
      <trkpt lat="31.982291" lon="34.951648">
        <ele>67.51</ele>
      </trkpt>
      <trkpt lat="31.982597" lon="34.951662">
        <ele>67</ele>
      </trkpt>
      <trkpt lat="31.982878" lon="34.951651">
        <ele>67</ele>
      </trkpt>
      <trkpt lat="31.983136" lon="34.951619">
        <ele>66</ele>
      </trkpt>
      <trkpt lat="31.984482" lon="34.95133">
        <ele>63.79</ele>
      </trkpt>
      <trkpt lat="31.986153" lon="34.950984">
        <ele>63</ele>
      </trkpt>
      <trkpt lat="31.986528" lon="34.950915">
        <ele>63.43</ele>
      </trkpt>
      <trkpt lat="31.986872" lon="34.950868">
        <ele>64.89</ele>
      </trkpt>
      <trkpt lat="31.987246" lon="34.950849">
        <ele>65.54</ele>
      </trkpt>
      <trkpt lat="31.987514" lon="34.950861">
        <ele>67.46</ele>
      </trkpt>
      <trkpt lat="31.987854" lon="34.950895">
        <ele>70.45</ele>
      </trkpt>
      <trkpt lat="31.988985" lon="34.951032">
        <ele>79.66</ele>
      </trkpt>
      <trkpt lat="31.989771" lon="34.95113">
        <ele>84.33</ele>
      </trkpt>
      <trkpt lat="31.990295" lon="34.951196">
        <ele>90.15</ele>
      </trkpt>
      <trkpt lat="31.991345" lon="34.951303">
        <ele>95.4</ele>
      </trkpt>
      <trkpt lat="31.993146" lon="34.951499">
        <ele>105.85</ele>
      </trkpt>
      <trkpt lat="31.993915" lon="34.951582">
        <ele>107.05</ele>
      </trkpt>
      <trkpt lat="31.995277" lon="34.951717">
        <ele>105.08</ele>
      </trkpt>
      <trkpt lat="31.996107" lon="34.951759">
        <ele>101</ele>
      </trkpt>
      <trkpt lat="31.996245" lon="34.951774">
        <ele>100.98</ele>
      </trkpt>
      <trkpt lat="31.997345" lon="34.951954">
        <ele>98.42</ele>
      </trkpt>
      <trkpt lat="31.997623" lon="34.952019">
        <ele>96.58</ele>
      </trkpt>
      <trkpt lat="31.998427" lon="34.952221">
        <ele>97.23</ele>
      </trkpt>
      <trkpt lat="31.999771" lon="34.952591">
        <ele>99.55</ele>
      </trkpt>
      <trkpt lat="32.000359" lon="34.952741">
        <ele>99.58</ele>
      </trkpt>
      <trkpt lat="32.001751" lon="34.953106">
        <ele>94.1</ele>
      </trkpt>
      <trkpt lat="32.003437" lon="34.953552">
        <ele>92.49</ele>
      </trkpt>
      <trkpt lat="32.00375" lon="34.953634">
        <ele>93.59</ele>
      </trkpt>
      <trkpt lat="32.004083" lon="34.953686">
        <ele>95.3</ele>
      </trkpt>
      <trkpt lat="32.004322" lon="34.953706">
        <ele>95.92</ele>
      </trkpt>
      <trkpt lat="32.004652" lon="34.95372">
        <ele>97.4</ele>
      </trkpt>
      <trkpt lat="32.004989" lon="34.953722">
        <ele>97.01</ele>
      </trkpt>
      <trkpt lat="32.006338" lon="34.953687">
        <ele>102.53</ele>
      </trkpt>
      <trkpt lat="32.007147" lon="34.953665">
        <ele>104.16</ele>
      </trkpt>
      <trkpt lat="32.008162" lon="34.953649">
        <ele>104.14</ele>
      </trkpt>
      <trkpt lat="32.009482" lon="34.953628">
        <ele>107.83</ele>
      </trkpt>
      <trkpt lat="32.009745" lon="34.953624">
        <ele>106.28</ele>
      </trkpt>
      <trkpt lat="32.010009" lon="34.95362">
        <ele>107.4</ele>
      </trkpt>
      <trkpt lat="32.011051" lon="34.953622">
        <ele>107.86</ele>
      </trkpt>
      <trkpt lat="32.012129" lon="34.95361">
        <ele>104.8</ele>
      </trkpt>
      <trkpt lat="32.013551" lon="34.953586">
        <ele>96.81</ele>
      </trkpt>
      <trkpt lat="32.015308" lon="34.953563">
        <ele>89.87</ele>
      </trkpt>
      <trkpt lat="32.015814" lon="34.953559">
        <ele>89.86</ele>
      </trkpt>
      <trkpt lat="32.016827" lon="34.953579">
        <ele>88.07</ele>
      </trkpt>
      <trkpt lat="32.01767" lon="34.953598">
        <ele>84.77</ele>
      </trkpt>
      <trkpt lat="32.019151" lon="34.953639">
        <ele>83.99</ele>
      </trkpt>
      <trkpt lat="32.019538" lon="34.953652">
        <ele>85.76</ele>
      </trkpt>
      <trkpt lat="32.021627" lon="34.953767">
        <ele>88</ele>
      </trkpt>
      <trkpt lat="32.023372" lon="34.953845">
        <ele>88</ele>
      </trkpt>
      <trkpt lat="32.024525" lon="34.95391">
        <ele>91.41</ele>
      </trkpt>
      <trkpt lat="32.025314" lon="34.953939">
        <ele>94.76</ele>
      </trkpt>
      <trkpt lat="32.026341" lon="34.954022">
        <ele>97</ele>
      </trkpt>
      <trkpt lat="32.027348" lon="34.954103">
        <ele>102</ele>
      </trkpt>
      <trkpt lat="32.028107" lon="34.954164">
        <ele>103.97</ele>
      </trkpt>
      <trkpt lat="32.028517" lon="34.954205">
        <ele>105.82</ele>
      </trkpt>
      <trkpt lat="32.029122" lon="34.954294">
        <ele>107.64</ele>
      </trkpt>
      <trkpt lat="32.029626" lon="34.954386">
        <ele>109.02</ele>
      </trkpt>
      <trkpt lat="32.0302" lon="34.954517">
        <ele>110.96</ele>
      </trkpt>
      <trkpt lat="32.030708" lon="34.954652">
        <ele>111.94</ele>
      </trkpt>
      <trkpt lat="32.031491" lon="34.954901">
        <ele>114.81</ele>
      </trkpt>
      <trkpt lat="32.032467" lon="34.955212">
        <ele>112.96</ele>
      </trkpt>
      <trkpt lat="32.033831" lon="34.955666">
        <ele>114.9</ele>
      </trkpt>
      <trkpt lat="32.03416" lon="34.955752">
        <ele>115.03</ele>
      </trkpt>
      <trkpt lat="32.034276" lon="34.955841">
        <ele>115.74</ele>
      </trkpt>
      <trkpt lat="32.034361" lon="34.955917">
        <ele>115.87</ele>
      </trkpt>
      <trkpt lat="32.034403" lon="34.955993">
        <ele>115.85</ele>
      </trkpt>
      <trkpt lat="32.034435" lon="34.956076">
        <ele>116</ele>
      </trkpt>
      <trkpt lat="32.034474" lon="34.956248">
        <ele>116.13</ele>
      </trkpt>
      <trkpt lat="32.034481" lon="34.95664">
        <ele>117</ele>
      </trkpt>
      <trkpt lat="32.034525" lon="34.957285">
        <ele>117.7</ele>
      </trkpt>
      <trkpt lat="32.034569" lon="34.957649">
        <ele>118.92</ele>
      </trkpt>
      <trkpt lat="32.034641" lon="34.957967">
        <ele>119.52</ele>
      </trkpt>
      <trkpt lat="32.034554" lon="34.956816">
        <ele>117.39</ele>
      </trkpt>
      <trkpt lat="32.034544" lon="34.956384">
        <ele>116.39</ele>
      </trkpt>
      <trkpt lat="32.034562" lon="34.955812">
        <ele>115.64</ele>
      </trkpt>
      <trkpt lat="32.034529" lon="34.95565">
        <ele>114.41</ele>
      </trkpt>
      <trkpt lat="32.034483" lon="34.955805">
        <ele>115.6</ele>
      </trkpt>
      <trkpt lat="32.034474" lon="34.956248">
        <ele>116.13</ele>
      </trkpt>
      <trkpt lat="32.034481" lon="34.95664">
        <ele>117</ele>
      </trkpt>
      <trkpt lat="32.034525" lon="34.957285">
        <ele>117.7</ele>
      </trkpt>
      <trkpt lat="32.034569" lon="34.957649">
        <ele>118.92</ele>
      </trkpt>
      <trkpt lat="32.034641" lon="34.957967">
        <ele>119.52</ele>
      </trkpt>
      <trkpt lat="32.03482" lon="34.95887">
        <ele>124.7</ele>
      </trkpt>
      <trkpt lat="32.035028" lon="34.959872">
        <ele>132.25</ele>
      </trkpt>
      <trkpt lat="32.03517" lon="34.960991">
        <ele>138.8</ele>
      </trkpt>
      <trkpt lat="32.035184" lon="34.961216">
        <ele>140.14</ele>
      </trkpt>
      <trkpt lat="32.035184" lon="34.961585">
        <ele>141.32</ele>
      </trkpt>
      <trkpt lat="32.035125" lon="34.961967">
        <ele>141.85</ele>
      </trkpt>
      <trkpt lat="32.034839" lon="34.963026">
        <ele>143.78</ele>
      </trkpt>
      <trkpt lat="32.034732" lon="34.963358">
        <ele>144.04</ele>
      </trkpt>
      <trkpt lat="32.034711" lon="34.963476">
        <ele>143.89</ele>
      </trkpt>
      <trkpt lat="32.034709" lon="34.963596">
        <ele>143.88</ele>
      </trkpt>
      <trkpt lat="32.034728" lon="34.964009">
        <ele>144.01</ele>
      </trkpt>
      <trkpt lat="32.03478" lon="34.964456">
        <ele>145.3</ele>
      </trkpt>
      <trkpt lat="32.0349" lon="34.964799">
        <ele>146.19</ele>
      </trkpt>
      <trkpt lat="32.035329" lon="34.965511">
        <ele>147.1</ele>
      </trkpt>
      <trkpt lat="32.035468" lon="34.965787">
        <ele>147.09</ele>
      </trkpt>
      <trkpt lat="32.035683" lon="34.966261">
        <ele>147.9</ele>
      </trkpt>
      <trkpt lat="32.035845" lon="34.966645">
        <ele>148.47</ele>
      </trkpt>
      <trkpt lat="32.035908" lon="34.966823">
        <ele>149.22</ele>
      </trkpt>
      <trkpt lat="32.035959" lon="34.967022">
        <ele>150.74</ele>
      </trkpt>
      <trkpt lat="32.035977" lon="34.967196">
        <ele>151.16</ele>
      </trkpt>
      <trkpt lat="32.035981" lon="34.967364">
        <ele>151.53</ele>
      </trkpt>
      <trkpt lat="32.035961" lon="34.967618">
        <ele>152.23</ele>
      </trkpt>
      <trkpt lat="32.035929" lon="34.967842">
        <ele>152.5</ele>
      </trkpt>
      <trkpt lat="32.035893" lon="34.967981">
        <ele>152.41</ele>
      </trkpt>
      <trkpt lat="32.035835" lon="34.968168">
        <ele>153.09</ele>
      </trkpt>
      <trkpt lat="32.035726" lon="34.968419">
        <ele>153.81</ele>
      </trkpt>
      <trkpt lat="32.035632" lon="34.968571">
        <ele>154.04</ele>
      </trkpt>
      <trkpt lat="32.03547" lon="34.968746">
        <ele>153.95</ele>
      </trkpt>
      <trkpt lat="32.035215" lon="34.968937">
        <ele>154</ele>
      </trkpt>
      <trkpt lat="32.035101" lon="34.969042">
        <ele>153.81</ele>
      </trkpt>
      <trkpt lat="32.035043" lon="34.969116">
        <ele>154</ele>
      </trkpt>
      <trkpt lat="32.034967" lon="34.969235">
        <ele>154.34</ele>
      </trkpt>
      <trkpt lat="32.034912" lon="34.96939">
        <ele>154.86</ele>
      </trkpt>
      <trkpt lat="32.034861" lon="34.969649">
        <ele>154.93</ele>
      </trkpt>
      <trkpt lat="32.034839" lon="34.970004">
        <ele>155.78</ele>
      </trkpt>
      <trkpt lat="32.034825" lon="34.970546">
        <ele>155.37</ele>
      </trkpt>
      <trkpt lat="32.034851" lon="34.970743">
        <ele>154.85</ele>
      </trkpt>
      <trkpt lat="32.034897" lon="34.970895">
        <ele>155.35</ele>
      </trkpt>
      <trkpt lat="32.034951" lon="34.971006">
        <ele>156.09</ele>
      </trkpt>
      <trkpt lat="32.035033" lon="34.971129">
        <ele>156.52</ele>
      </trkpt>
      <trkpt lat="32.0353" lon="34.971413">
        <ele>158.94</ele>
      </trkpt>
      <trkpt lat="32.035685" lon="34.971745">
        <ele>162.58</ele>
      </trkpt>
      <trkpt lat="32.035873" lon="34.971925">
        <ele>164.77</ele>
      </trkpt>
      <trkpt lat="32.036021" lon="34.972133">
        <ele>165.88</ele>
      </trkpt>
      <trkpt lat="32.03621" lon="34.97247">
        <ele>167.67</ele>
      </trkpt>
      <trkpt lat="32.036403" lon="34.972987">
        <ele>169.25</ele>
      </trkpt>
      <trkpt lat="32.036462" lon="34.973107">
        <ele>169.63</ele>
      </trkpt>
      <trkpt lat="32.036539" lon="34.973202">
        <ele>169.68</ele>
      </trkpt>
      <trkpt lat="32.036634" lon="34.973269">
        <ele>170.21</ele>
      </trkpt>
      <trkpt lat="32.036726" lon="34.973309">
        <ele>170.82</ele>
      </trkpt>
      <trkpt lat="32.036848" lon="34.973335">
        <ele>171</ele>
      </trkpt>
      <trkpt lat="32.037134" lon="34.973373">
        <ele>171</ele>
      </trkpt>
      <trkpt lat="32.037269" lon="34.973406">
        <ele>170.58</ele>
      </trkpt>
      <trkpt lat="32.03736" lon="34.973433">
        <ele>170.09</ele>
      </trkpt>
      <trkpt lat="32.037444" lon="34.97349">
        <ele>170.43</ele>
      </trkpt>
      <trkpt lat="32.037547" lon="34.973648">
        <ele>170.77</ele>
      </trkpt>
      <trkpt lat="32.037662" lon="34.973888">
        <ele>171.74</ele>
      </trkpt>
      <trkpt lat="32.037969" lon="34.974696">
        <ele>175.19</ele>
      </trkpt>
      <trkpt lat="32.038157" lon="34.975294">
        <ele>177.38</ele>
      </trkpt>
      <trkpt lat="32.038205" lon="34.97565">
        <ele>179.12</ele>
      </trkpt>
      <trkpt lat="32.03822" lon="34.975825">
        <ele>179.08</ele>
      </trkpt>
      <trkpt lat="32.038224" lon="34.976128">
        <ele>180.78</ele>
      </trkpt>
      <trkpt lat="32.038196" lon="34.976736">
        <ele>183</ele>
      </trkpt>
      <trkpt lat="32.038117" lon="34.977712">
        <ele>182.01</ele>
      </trkpt>
      <trkpt lat="32.038088" lon="34.978256">
        <ele>181</ele>
      </trkpt>
      <trkpt lat="32.038088" lon="34.978541">
        <ele>180.26</ele>
      </trkpt>
      <trkpt lat="32.038115" lon="34.979463">
        <ele>178.88</ele>
      </trkpt>
      <trkpt lat="32.038137" lon="34.979807">
        <ele>177.4</ele>
      </trkpt>
      <trkpt lat="32.03816" lon="34.980338">
        <ele>176.42</ele>
      </trkpt>
      <trkpt lat="32.03819" lon="34.981237">
        <ele>173</ele>
      </trkpt>
      <trkpt lat="32.038224" lon="34.98307">
        <ele>174.12</ele>
      </trkpt>
      <trkpt lat="32.038226" lon="34.98335">
        <ele>175.76</ele>
      </trkpt>
      <trkpt lat="32.038196" lon="34.984293">
        <ele>180.03</ele>
      </trkpt>
      <trkpt lat="32.038212" lon="34.984737">
        <ele>181.91</ele>
      </trkpt>
      <trkpt lat="32.038282" lon="34.985226">
        <ele>184.39</ele>
      </trkpt>
      <trkpt lat="32.038554" lon="34.986837">
        <ele>193.28</ele>
      </trkpt>
      <trkpt lat="32.039022" lon="34.98848">
        <ele>200.27</ele>
      </trkpt>
      <trkpt lat="32.039323" lon="34.989376">
        <ele>200</ele>
      </trkpt>
      <trkpt lat="32.039482" lon="34.989949">
        <ele>202</ele>
      </trkpt>
      <trkpt lat="32.039727" lon="34.990795">
        <ele>202</ele>
      </trkpt>
      <trkpt lat="32.039877" lon="34.991355">
        <ele>203.2</ele>
      </trkpt>
      <trkpt lat="32.039938" lon="34.991681">
        <ele>203.4</ele>
      </trkpt>
      <trkpt lat="32.039988" lon="34.992118">
        <ele>204.09</ele>
      </trkpt>
      <trkpt lat="32.040016" lon="34.992294">
        <ele>204.28</ele>
      </trkpt>
      <trkpt lat="32.040034" lon="34.992492">
        <ele>204.94</ele>
      </trkpt>
      <trkpt lat="32.040142" lon="34.993213">
        <ele>205.15</ele>
      </trkpt>
      <trkpt lat="32.040307" lon="34.994144">
        <ele>206.27</ele>
      </trkpt>
      <trkpt lat="32.040545" lon="34.99511">
        <ele>207.79</ele>
      </trkpt>
      <trkpt lat="32.040732" lon="34.995806">
        <ele>208.03</ele>
      </trkpt>
      <trkpt lat="32.041088" lon="34.997211">
        <ele>210.76</ele>
      </trkpt>
      <trkpt lat="32.041277" lon="34.998042">
        <ele>213</ele>
      </trkpt>
      <trkpt lat="32.041482" lon="34.999053">
        <ele>216.66</ele>
      </trkpt>
      <trkpt lat="32.041695" lon="35.000017">
        <ele>218.85</ele>
      </trkpt>
      <trkpt lat="32.041746" lon="35.0003">
        <ele>219.15</ele>
      </trkpt>
      <trkpt lat="32.041758" lon="35.001726">
        <ele>223.55</ele>
      </trkpt>
      <trkpt lat="32.041659" lon="35.002303">
        <ele>225.42</ele>
      </trkpt>
      <trkpt lat="32.04165" lon="35.002301">
        <ele>225.48</ele>
      </trkpt>
      <trkpt lat="32.041659" lon="35.002303">
        <ele>225.42</ele>
      </trkpt>
      <trkpt lat="32.041663" lon="35.002278">
        <ele>225.29</ele>
      </trkpt>
      <trkpt lat="32.041758" lon="35.001726">
        <ele>223.55</ele>
      </trkpt>
      <trkpt lat="32.041746" lon="35.0003">
        <ele>219.15</ele>
      </trkpt>
      <trkpt lat="32.041695" lon="35.000017">
        <ele>218.85</ele>
      </trkpt>
      <trkpt lat="32.041482" lon="34.999053">
        <ele>216.66</ele>
      </trkpt>
      <trkpt lat="32.041277" lon="34.998042">
        <ele>213</ele>
      </trkpt>
      <trkpt lat="32.041088" lon="34.997211">
        <ele>210.76</ele>
      </trkpt>
      <trkpt lat="32.040732" lon="34.995806">
        <ele>208.03</ele>
      </trkpt>
      <trkpt lat="32.040545" lon="34.99511">
        <ele>207.79</ele>
      </trkpt>
      <trkpt lat="32.040307" lon="34.994144">
        <ele>206.27</ele>
      </trkpt>
      <trkpt lat="32.040142" lon="34.993213">
        <ele>205.15</ele>
      </trkpt>
      <trkpt lat="32.040034" lon="34.992492">
        <ele>204.94</ele>
      </trkpt>
      <trkpt lat="32.040016" lon="34.992294">
        <ele>204.28</ele>
      </trkpt>
      <trkpt lat="32.039988" lon="34.992118">
        <ele>204.09</ele>
      </trkpt>
      <trkpt lat="32.039938" lon="34.991681">
        <ele>203.4</ele>
      </trkpt>
      <trkpt lat="32.039877" lon="34.991355">
        <ele>203.2</ele>
      </trkpt>
      <trkpt lat="32.039727" lon="34.990795">
        <ele>202</ele>
      </trkpt>
      <trkpt lat="32.039482" lon="34.989949">
        <ele>202</ele>
      </trkpt>
      <trkpt lat="32.039323" lon="34.989376">
        <ele>200</ele>
      </trkpt>
      <trkpt lat="32.039022" lon="34.98848">
        <ele>200.27</ele>
      </trkpt>
      <trkpt lat="32.038554" lon="34.986837">
        <ele>193.28</ele>
      </trkpt>
      <trkpt lat="32.038282" lon="34.985226">
        <ele>184.39</ele>
      </trkpt>
      <trkpt lat="32.038212" lon="34.984737">
        <ele>181.91</ele>
      </trkpt>
      <trkpt lat="32.038196" lon="34.984293">
        <ele>180.03</ele>
      </trkpt>
      <trkpt lat="32.038226" lon="34.98335">
        <ele>175.76</ele>
      </trkpt>
      <trkpt lat="32.038224" lon="34.98307">
        <ele>174.12</ele>
      </trkpt>
      <trkpt lat="32.03819" lon="34.981237">
        <ele>173</ele>
      </trkpt>
      <trkpt lat="32.03816" lon="34.980338">
        <ele>176.42</ele>
      </trkpt>
      <trkpt lat="32.038137" lon="34.979807">
        <ele>177.4</ele>
      </trkpt>
      <trkpt lat="32.038115" lon="34.979463">
        <ele>178.88</ele>
      </trkpt>
      <trkpt lat="32.038088" lon="34.978541">
        <ele>180.26</ele>
      </trkpt>
      <trkpt lat="32.038088" lon="34.978256">
        <ele>181</ele>
      </trkpt>
      <trkpt lat="32.038117" lon="34.977712">
        <ele>182.01</ele>
      </trkpt>
      <trkpt lat="32.038196" lon="34.976736">
        <ele>183</ele>
      </trkpt>
      <trkpt lat="32.038224" lon="34.976128">
        <ele>180.78</ele>
      </trkpt>
      <trkpt lat="32.03822" lon="34.975825">
        <ele>179.08</ele>
      </trkpt>
      <trkpt lat="32.038205" lon="34.97565">
        <ele>179.12</ele>
      </trkpt>
      <trkpt lat="32.038157" lon="34.975294">
        <ele>177.38</ele>
      </trkpt>
      <trkpt lat="32.037969" lon="34.974696">
        <ele>175.19</ele>
      </trkpt>
      <trkpt lat="32.037662" lon="34.973888">
        <ele>171.74</ele>
      </trkpt>
      <trkpt lat="32.037547" lon="34.973648">
        <ele>170.77</ele>
      </trkpt>
      <trkpt lat="32.037444" lon="34.97349">
        <ele>170.43</ele>
      </trkpt>
      <trkpt lat="32.03736" lon="34.973433">
        <ele>170.09</ele>
      </trkpt>
      <trkpt lat="32.037269" lon="34.973406">
        <ele>170.58</ele>
      </trkpt>
      <trkpt lat="32.037134" lon="34.973373">
        <ele>171</ele>
      </trkpt>
      <trkpt lat="32.036848" lon="34.973335">
        <ele>171</ele>
      </trkpt>
      <trkpt lat="32.036726" lon="34.973309">
        <ele>170.82</ele>
      </trkpt>
      <trkpt lat="32.036634" lon="34.973269">
        <ele>170.21</ele>
      </trkpt>
      <trkpt lat="32.036539" lon="34.973202">
        <ele>169.68</ele>
      </trkpt>
      <trkpt lat="32.036462" lon="34.973107">
        <ele>169.63</ele>
      </trkpt>
      <trkpt lat="32.036403" lon="34.972987">
        <ele>169.25</ele>
      </trkpt>
      <trkpt lat="32.03621" lon="34.97247">
        <ele>167.67</ele>
      </trkpt>
      <trkpt lat="32.036021" lon="34.972133">
        <ele>165.88</ele>
      </trkpt>
      <trkpt lat="32.035873" lon="34.971925">
        <ele>164.77</ele>
      </trkpt>
      <trkpt lat="32.035685" lon="34.971745">
        <ele>162.58</ele>
      </trkpt>
      <trkpt lat="32.0353" lon="34.971413">
        <ele>158.94</ele>
      </trkpt>
      <trkpt lat="32.035033" lon="34.971129">
        <ele>156.52</ele>
      </trkpt>
      <trkpt lat="32.034951" lon="34.971006">
        <ele>156.09</ele>
      </trkpt>
      <trkpt lat="32.034897" lon="34.970895">
        <ele>155.35</ele>
      </trkpt>
      <trkpt lat="32.034851" lon="34.970743">
        <ele>154.85</ele>
      </trkpt>
      <trkpt lat="32.034825" lon="34.970546">
        <ele>155.37</ele>
      </trkpt>
      <trkpt lat="32.034839" lon="34.970004">
        <ele>155.78</ele>
      </trkpt>
      <trkpt lat="32.034861" lon="34.969649">
        <ele>154.93</ele>
      </trkpt>
      <trkpt lat="32.034912" lon="34.96939">
        <ele>154.86</ele>
      </trkpt>
      <trkpt lat="32.034967" lon="34.969235">
        <ele>154.34</ele>
      </trkpt>
      <trkpt lat="32.035043" lon="34.969116">
        <ele>154</ele>
      </trkpt>
      <trkpt lat="32.035101" lon="34.969042">
        <ele>153.81</ele>
      </trkpt>
      <trkpt lat="32.035215" lon="34.968937">
        <ele>154</ele>
      </trkpt>
      <trkpt lat="32.03547" lon="34.968746">
        <ele>153.95</ele>
      </trkpt>
      <trkpt lat="32.035632" lon="34.968571">
        <ele>154.04</ele>
      </trkpt>
      <trkpt lat="32.035726" lon="34.968419">
        <ele>153.81</ele>
      </trkpt>
      <trkpt lat="32.035835" lon="34.968168">
        <ele>153.09</ele>
      </trkpt>
      <trkpt lat="32.035893" lon="34.967981">
        <ele>152.41</ele>
      </trkpt>
      <trkpt lat="32.035929" lon="34.967842">
        <ele>152.5</ele>
      </trkpt>
      <trkpt lat="32.035961" lon="34.967618">
        <ele>152.23</ele>
      </trkpt>
      <trkpt lat="32.035981" lon="34.967364">
        <ele>151.53</ele>
      </trkpt>
      <trkpt lat="32.035977" lon="34.967196">
        <ele>151.16</ele>
      </trkpt>
      <trkpt lat="32.035959" lon="34.967022">
        <ele>150.74</ele>
      </trkpt>
      <trkpt lat="32.035908" lon="34.966823">
        <ele>149.22</ele>
      </trkpt>
      <trkpt lat="32.035845" lon="34.966645">
        <ele>148.47</ele>
      </trkpt>
      <trkpt lat="32.035683" lon="34.966261">
        <ele>147.9</ele>
      </trkpt>
      <trkpt lat="32.035468" lon="34.965787">
        <ele>147.09</ele>
      </trkpt>
      <trkpt lat="32.035329" lon="34.965511">
        <ele>147.1</ele>
      </trkpt>
      <trkpt lat="32.0349" lon="34.964799">
        <ele>146.19</ele>
      </trkpt>
      <trkpt lat="32.03478" lon="34.964456">
        <ele>145.3</ele>
      </trkpt>
      <trkpt lat="32.034728" lon="34.964009">
        <ele>144.01</ele>
      </trkpt>
      <trkpt lat="32.034709" lon="34.963596">
        <ele>143.88</ele>
      </trkpt>
      <trkpt lat="32.034711" lon="34.963476">
        <ele>143.89</ele>
      </trkpt>
      <trkpt lat="32.034732" lon="34.963358">
        <ele>144.04</ele>
      </trkpt>
      <trkpt lat="32.034839" lon="34.963026">
        <ele>143.78</ele>
      </trkpt>
      <trkpt lat="32.035125" lon="34.961967">
        <ele>141.85</ele>
      </trkpt>
      <trkpt lat="32.035184" lon="34.961585">
        <ele>141.32</ele>
      </trkpt>
      <trkpt lat="32.035184" lon="34.961216">
        <ele>140.14</ele>
      </trkpt>
      <trkpt lat="32.03517" lon="34.960991">
        <ele>138.8</ele>
      </trkpt>
      <trkpt lat="32.035028" lon="34.959872">
        <ele>132.25</ele>
      </trkpt>
      <trkpt lat="32.03482" lon="34.95887">
        <ele>124.7</ele>
      </trkpt>
      <trkpt lat="32.034641" lon="34.957967">
        <ele>119.52</ele>
      </trkpt>
      <trkpt lat="32.034554" lon="34.956816">
        <ele>117.39</ele>
      </trkpt>
      <trkpt lat="32.034543" lon="34.956434">
        <ele>116.45</ele>
      </trkpt>
      <trkpt lat="32.034562" lon="34.955812">
        <ele>115.64</ele>
      </trkpt>
      <trkpt lat="32.034529" lon="34.95565">
        <ele>114.41</ele>
      </trkpt>
      <trkpt lat="32.034136" lon="34.95559">
        <ele>113.83</ele>
      </trkpt>
      <trkpt lat="32.033674" lon="34.955468">
        <ele>113.13</ele>
      </trkpt>
      <trkpt lat="32.032575" lon="34.9551">
        <ele>112.13</ele>
      </trkpt>
      <trkpt lat="32.031954" lon="34.9549">
        <ele>114.34</ele>
      </trkpt>
      <trkpt lat="32.03148" lon="34.954758">
        <ele>114.38</ele>
      </trkpt>
      <trkpt lat="32.030734" lon="34.954542">
        <ele>111.72</ele>
      </trkpt>
      <trkpt lat="32.030728" lon="34.954546">
        <ele>111.7</ele>
      </trkpt>
      <trkpt lat="32.030223" lon="34.954407">
        <ele>111</ele>
      </trkpt>
      <trkpt lat="32.02964" lon="34.954278">
        <ele>109.12</ele>
      </trkpt>
      <trkpt lat="32.029136" lon="34.954186">
        <ele>107.94</ele>
      </trkpt>
      <trkpt lat="32.028528" lon="34.954097">
        <ele>106.16</ele>
      </trkpt>
      <trkpt lat="32.028212" lon="34.954063">
        <ele>104.85</ele>
      </trkpt>
      <trkpt lat="32.024853" lon="34.95379">
        <ele>92.18</ele>
      </trkpt>
      <trkpt lat="32.024716" lon="34.953709">
        <ele>91.42</ele>
      </trkpt>
      <trkpt lat="32.024644" lon="34.953654">
        <ele>91.23</ele>
      </trkpt>
      <trkpt lat="32.024582" lon="34.953587">
        <ele>91.27</ele>
      </trkpt>
      <trkpt lat="32.024472" lon="34.953326">
        <ele>90.94</ele>
      </trkpt>
      <trkpt lat="32.024292" lon="34.952326">
        <ele>95.56</ele>
      </trkpt>
      <trkpt lat="32.024238" lon="34.95217">
        <ele>96.37</ele>
      </trkpt>
      <trkpt lat="32.024184" lon="34.95201">
        <ele>97.2</ele>
      </trkpt>
      <trkpt lat="32.024007" lon="34.950868">
        <ele>97.48</ele>
      </trkpt>
      <trkpt lat="32.023652" lon="34.94884">
        <ele>90.06</ele>
      </trkpt>
      <trkpt lat="32.023122" lon="34.945815">
        <ele>75.42</ele>
      </trkpt>
      <trkpt lat="32.022748" lon="34.943674">
        <ele>71.86</ele>
      </trkpt>
      <trkpt lat="32.022569" lon="34.943019">
        <ele>70.63</ele>
      </trkpt>
      <trkpt lat="32.022314" lon="34.942508">
        <ele>68.88</ele>
      </trkpt>
      <trkpt lat="32.022002" lon="34.942047">
        <ele>67.74</ele>
      </trkpt>
      <trkpt lat="32.021661" lon="34.941736">
        <ele>66.32</ele>
      </trkpt>
      <trkpt lat="32.021268" lon="34.941454">
        <ele>65</ele>
      </trkpt>
      <trkpt lat="32.020551" lon="34.941044">
        <ele>63</ele>
      </trkpt>
      <trkpt lat="32.020559" lon="34.941005">
        <ele>63</ele>
      </trkpt>
      <trkpt lat="32.020556" lon="34.940966">
        <ele>63</ele>
      </trkpt>
      <trkpt lat="32.020541" lon="34.940931">
        <ele>63</ele>
      </trkpt>
      <trkpt lat="32.020518" lon="34.940903">
        <ele>63.02</ele>
      </trkpt>
      <trkpt lat="32.020488" lon="34.940886">
        <ele>63.05</ele>
      </trkpt>
      <trkpt lat="32.020455" lon="34.940882">
        <ele>63.02</ele>
      </trkpt>
      <trkpt lat="32.020423" lon="34.940891">
        <ele>63</ele>
      </trkpt>
      <trkpt lat="32.020395" lon="34.940912">
        <ele>63</ele>
      </trkpt>
      <trkpt lat="32.020374" lon="34.940943">
        <ele>63</ele>
      </trkpt>
      <trkpt lat="32.019532" lon="34.940457">
        <ele>61.29</ele>
      </trkpt>
      <trkpt lat="32.019363" lon="34.94032">
        <ele>60.57</ele>
      </trkpt>
      <trkpt lat="32.019242" lon="34.940209">
        <ele>59.99</ele>
      </trkpt>
      <trkpt lat="32.018994" lon="34.93992">
        <ele>59</ele>
      </trkpt>
      <trkpt lat="32.018779" lon="34.939579">
        <ele>58.27</ele>
      </trkpt>
      <trkpt lat="32.018684" lon="34.939393">
        <ele>58</ele>
      </trkpt>
      <trkpt lat="32.01853" lon="34.938992">
        <ele>58</ele>
      </trkpt>
      <trkpt lat="32.018411" lon="34.938555">
        <ele>58</ele>
      </trkpt>
      <trkpt lat="32.018393" lon="34.938318">
        <ele>58</ele>
      </trkpt>
      <trkpt lat="32.018396" lon="34.93822">
        <ele>58</ele>
      </trkpt>
      <trkpt lat="32.018408" lon="34.938134">
        <ele>58</ele>
      </trkpt>
      <trkpt lat="32.018426" lon="34.938111">
        <ele>58</ele>
      </trkpt>
      <trkpt lat="32.018443" lon="34.938071">
        <ele>58</ele>
      </trkpt>
      <trkpt lat="32.018449" lon="34.938026">
        <ele>58</ele>
      </trkpt>
      <trkpt lat="32.018444" lon="34.937979">
        <ele>58</ele>
      </trkpt>
      <trkpt lat="32.018427" lon="34.937936">
        <ele>58</ele>
      </trkpt>
      <trkpt lat="32.018385" lon="34.937891">
        <ele>58</ele>
      </trkpt>
      <trkpt lat="32.018327" lon="34.937809">
        <ele>58</ele>
      </trkpt>
      <trkpt lat="32.0183" lon="34.937753">
        <ele>58</ele>
      </trkpt>
      <trkpt lat="32.018277" lon="34.937686">
        <ele>58</ele>
      </trkpt>
      <trkpt lat="32.018227" lon="34.937488">
        <ele>58.15</ele>
      </trkpt>
      <trkpt lat="32.017881" lon="34.935609">
        <ele>56.1</ele>
      </trkpt>
      <trkpt lat="32.01775" lon="34.934811">
        <ele>55.42</ele>
      </trkpt>
      <trkpt lat="32.017639" lon="34.933813">
        <ele>54.13</ele>
      </trkpt>
      <trkpt lat="32.017639" lon="34.933152">
        <ele>53.18</ele>
      </trkpt>
      <trkpt lat="32.017572" lon="34.930671">
        <ele>51</ele>
      </trkpt>
      <trkpt lat="32.017503" lon="34.930253">
        <ele>51</ele>
      </trkpt>
      <trkpt lat="32.017228" lon="34.928046">
        <ele>52.01</ele>
      </trkpt>
      <trkpt lat="32.017127" lon="34.927763">
        <ele>52.13</ele>
      </trkpt>
      <trkpt lat="32.01676" lon="34.926815">
        <ele>52.75</ele>
      </trkpt>
      <trkpt lat="32.016626" lon="34.926612">
        <ele>52.11</ele>
      </trkpt>
      <trkpt lat="32.016457" lon="34.926381">
        <ele>52.47</ele>
      </trkpt>
      <trkpt lat="32.015998" lon="34.925621">
        <ele>53.42</ele>
      </trkpt>
      <trkpt lat="32.015928" lon="34.925505">
        <ele>53.56</ele>
      </trkpt>
      <trkpt lat="32.015715" lon="34.924973">
        <ele>54</ele>
      </trkpt>
      <trkpt lat="32.01545" lon="34.924096">
        <ele>55.19</ele>
      </trkpt>
      <trkpt lat="32.015216" lon="34.923432">
        <ele>55</ele>
      </trkpt>
      <trkpt lat="32.014961" lon="34.922927">
        <ele>55</ele>
      </trkpt>
      <trkpt lat="32.014781" lon="34.922651">
        <ele>54.19</ele>
      </trkpt>
      <trkpt lat="32.014438" lon="34.922174">
        <ele>53.88</ele>
      </trkpt>
      <trkpt lat="32.01359" lon="34.921275">
        <ele>51</ele>
      </trkpt>
      <trkpt lat="32.012405" lon="34.920106">
        <ele>48</ele>
      </trkpt>
      <trkpt lat="32.011683" lon="34.919374">
        <ele>47.57</ele>
      </trkpt>
      <trkpt lat="32.011441" lon="34.919128">
        <ele>45.12</ele>
      </trkpt>
      <trkpt lat="32.008657" lon="34.91628">
        <ele>45</ele>
      </trkpt>
      <trkpt lat="32.00808" lon="34.915684">
        <ele>45.66</ele>
      </trkpt>
      <trkpt lat="32.006793" lon="34.914397">
        <ele>46</ele>
      </trkpt>
      <trkpt lat="32.006104" lon="34.913829">
        <ele>46</ele>
      </trkpt>
      <trkpt lat="32.005752" lon="34.913569">
        <ele>46</ele>
      </trkpt>
      <trkpt lat="32.005142" lon="34.913191">
        <ele>46</ele>
      </trkpt>
      <trkpt lat="32.004527" lon="34.912849">
        <ele>46.85</ele>
      </trkpt>
      <trkpt lat="32.001492" lon="34.911298">
        <ele>46</ele>
      </trkpt>
      <trkpt lat="32.001397" lon="34.911445">
        <ele>46</ele>
      </trkpt>
      <trkpt lat="32.001008" lon="34.912481">
        <ele>47</ele>
      </trkpt>
      <trkpt lat="32.000938" lon="34.912646">
        <ele>47</ele>
      </trkpt>
      <trkpt lat="32.000853" lon="34.912847">
        <ele>47</ele>
      </trkpt>
      <trkpt lat="32.000678" lon="34.913132">
        <ele>47</ele>
      </trkpt>
      <trkpt lat="32.000513" lon="34.913344">
        <ele>47</ele>
      </trkpt>
      <trkpt lat="32.00038" lon="34.913486">
        <ele>47</ele>
      </trkpt>
      <trkpt lat="32.000217" lon="34.913642">
        <ele>47</ele>
      </trkpt>
      <trkpt lat="31.999983" lon="34.913835">
        <ele>48</ele>
      </trkpt>
      <trkpt lat="31.99968" lon="34.914036">
        <ele>48</ele>
      </trkpt>
      <trkpt lat="31.999519" lon="34.914114">
        <ele>48</ele>
      </trkpt>
      <trkpt lat="31.999256" lon="34.914209">
        <ele>48</ele>
      </trkpt>
      <trkpt lat="31.999063" lon="34.914261">
        <ele>48</ele>
      </trkpt>
      <trkpt lat="31.99611" lon="34.914875">
        <ele>49</ele>
      </trkpt>
      <trkpt lat="31.993189" lon="34.915482">
        <ele>52</ele>
      </trkpt>
      <trkpt lat="31.992519" lon="34.915588">
        <ele>51.46</ele>
      </trkpt>
      <trkpt lat="31.992379" lon="34.915587">
        <ele>51</ele>
      </trkpt>
      <trkpt lat="31.992308" lon="34.915575">
        <ele>51</ele>
      </trkpt>
      <trkpt lat="31.992234" lon="34.915549">
        <ele>51</ele>
      </trkpt>
      <trkpt lat="31.99219" lon="34.915478">
        <ele>51</ele>
      </trkpt>
      <trkpt lat="31.992152" lon="34.915456">
        <ele>51</ele>
      </trkpt>
      <trkpt lat="31.992111" lon="34.915448">
        <ele>51</ele>
      </trkpt>
      <trkpt lat="31.99206" lon="34.915462">
        <ele>51</ele>
      </trkpt>
      <trkpt lat="31.992033" lon="34.915477">
        <ele>51</ele>
      </trkpt>
      <trkpt lat="31.991993" lon="34.915532">
        <ele>51</ele>
      </trkpt>
      <trkpt lat="31.991895" lon="34.915558">
        <ele>51</ele>
      </trkpt>
      <trkpt lat="31.991703" lon="34.915543">
        <ele>51</ele>
      </trkpt>
      <trkpt lat="31.991461" lon="34.915489">
        <ele>51</ele>
      </trkpt>
      <trkpt lat="31.991043" lon="34.915358">
        <ele>50</ele>
      </trkpt>
      <trkpt lat="31.990512" lon="34.915123">
        <ele>50</ele>
      </trkpt>
      <trkpt lat="31.990456" lon="34.915082">
        <ele>50</ele>
      </trkpt>
      <trkpt lat="31.990348" lon="34.914958">
        <ele>50</ele>
      </trkpt>
      <trkpt lat="31.990339" lon="34.914905">
        <ele>50</ele>
      </trkpt>
      <trkpt lat="31.990321" lon="34.914855">
        <ele>50</ele>
      </trkpt>
      <trkpt lat="31.990283" lon="34.914796">
        <ele>50</ele>
      </trkpt>
      <trkpt lat="31.990232" lon="34.914752">
        <ele>50</ele>
      </trkpt>
      <trkpt lat="31.990173" lon="34.914726">
        <ele>50</ele>
      </trkpt>
      <trkpt lat="31.99011" lon="34.914721">
        <ele>50</ele>
      </trkpt>
      <trkpt lat="31.990072" lon="34.914728">
        <ele>50</ele>
      </trkpt>
      <trkpt lat="31.990007" lon="34.914763">
        <ele>50</ele>
      </trkpt>
      <trkpt lat="31.989982" lon="34.914782">
        <ele>50</ele>
      </trkpt>
      <trkpt lat="31.989941" lon="34.914837">
        <ele>50</ele>
      </trkpt>
      <trkpt lat="31.989914" lon="34.914903">
        <ele>50</ele>
      </trkpt>
      <trkpt lat="31.989903" lon="34.914975">
        <ele>50</ele>
      </trkpt>
      <trkpt lat="31.989908" lon="34.915036">
        <ele>50</ele>
      </trkpt>
      <trkpt lat="31.989896" lon="34.915117">
        <ele>50.04</ele>
      </trkpt>
      <trkpt lat="31.989879" lon="34.915174">
        <ele>50.38</ele>
      </trkpt>
      <trkpt lat="31.989812" lon="34.915291">
        <ele>51</ele>
      </trkpt>
      <trkpt lat="31.989669" lon="34.915434">
        <ele>51</ele>
      </trkpt>
      <trkpt lat="31.98945" lon="34.915607">
        <ele>51</ele>
      </trkpt>
      <trkpt lat="31.989363" lon="34.915666">
        <ele>51</ele>
      </trkpt>
      <trkpt lat="31.989226" lon="34.915739">
        <ele>51</ele>
      </trkpt>
      <trkpt lat="31.988967" lon="34.915861">
        <ele>51</ele>
      </trkpt>
      <trkpt lat="31.988701" lon="34.915947">
        <ele>51</ele>
      </trkpt>
      <trkpt lat="31.98852" lon="34.915985">
        <ele>51</ele>
      </trkpt>
      <trkpt lat="31.988234" lon="34.916019">
        <ele>51</ele>
      </trkpt>
      <trkpt lat="31.988063" lon="34.916019">
        <ele>51.68</ele>
      </trkpt>
      <trkpt lat="31.987803" lon="34.916002">
        <ele>51.95</ele>
      </trkpt>
      <trkpt lat="31.987549" lon="34.915947">
        <ele>52</ele>
      </trkpt>
      <trkpt lat="31.987329" lon="34.915879">
        <ele>52</ele>
      </trkpt>
      <trkpt lat="31.987218" lon="34.915837">
        <ele>52</ele>
      </trkpt>
      <trkpt lat="31.987151" lon="34.915802">
        <ele>51.99</ele>
      </trkpt>
      <trkpt lat="31.987108" lon="34.915766">
        <ele>51.91</ele>
      </trkpt>
      <trkpt lat="31.987029" lon="34.915662">
        <ele>51.2</ele>
      </trkpt>
      <trkpt lat="31.987018" lon="34.915617">
        <ele>51</ele>
      </trkpt>
      <trkpt lat="31.986986" lon="34.915551">
        <ele>51</ele>
      </trkpt>
      <trkpt lat="31.98694" lon="34.915498">
        <ele>51</ele>
      </trkpt>
      <trkpt lat="31.986883" lon="34.915462">
        <ele>51</ele>
      </trkpt>
      <trkpt lat="31.98682" lon="34.915446">
        <ele>51</ele>
      </trkpt>
      <trkpt lat="31.986757" lon="34.915451">
        <ele>51</ele>
      </trkpt>
      <trkpt lat="31.986661" lon="34.915461">
        <ele>51</ele>
      </trkpt>
      <trkpt lat="31.986562" lon="34.915447">
        <ele>51</ele>
      </trkpt>
      <trkpt lat="31.986237" lon="34.915274">
        <ele>50</ele>
      </trkpt>
      <trkpt lat="31.986047" lon="34.915185">
        <ele>50</ele>
      </trkpt>
      <trkpt lat="31.985814" lon="34.915092">
        <ele>50</ele>
      </trkpt>
      <trkpt lat="31.985506" lon="34.915011">
        <ele>49</ele>
      </trkpt>
      <trkpt lat="31.985364" lon="34.914988">
        <ele>49</ele>
      </trkpt>
      <trkpt lat="31.984668" lon="34.91491">
        <ele>49</ele>
      </trkpt>
      <trkpt lat="31.984518" lon="34.914933">
        <ele>49</ele>
      </trkpt>
      <trkpt lat="31.984509" lon="34.914935">
        <ele>49</ele>
      </trkpt>
      <trkpt lat="31.984433" lon="34.915794">
        <ele>49.83</ele>
      </trkpt>
      <trkpt lat="31.984388" lon="34.915891">
        <ele>50</ele>
      </trkpt>
      <trkpt lat="31.984342" lon="34.915956">
        <ele>50</ele>
      </trkpt>
      <trkpt lat="31.984251" lon="34.916023">
        <ele>50</ele>
      </trkpt>
      <trkpt lat="31.98417" lon="34.916051">
        <ele>50</ele>
      </trkpt>
      <trkpt lat="31.984089" lon="34.916065">
        <ele>50.4</ele>
      </trkpt>
    </trkseg>
  </trk>
</gpx>
